Workbook
Name a: [1]ISICrev3.1!$E:$F
Name Calculated_Relationship_HS12___HS07: '[2]Correlation HS2012-HS2007'!#REF!
Name CAP_CT: #REF!
Name CAP_CT: #REF!
Name CAP_GFCF: #REF!
Name CAP_GFCF: #REF!
Name CAP_IT: #REF!
Name CAP_IT: #REF!
Name CAP_OCon: #REF!
Name CAP_OCon: #REF!
Name CAP_OMach: #REF!
Name CAP_OMach: #REF!
Name CAP_Other: #REF!
Name CAP_Other: #REF!
Name CAP_QI: #REF!
Name CAP_QI: #REF!
Name CAP_RStruc: #REF!
Name CAP_RStruc: #REF!
Name CAP_Soft: #REF!
Name CAP_Soft: #REF!
Name CAP_TraEq: #REF!
Name CAP_TraEq: #REF!
Name CAPIT: #REF!
Name CAPIT: #REF!
Name CAPIT_QI: #REF!
Name CAPIT_QI: #REF!
Name capit_qph: #REF!
Name capit_qph: #REF!
Name CAPNIT: #REF!
Name CAPNIT: #REF!
Name CAPNIT_QI: #REF!
Name CAPNIT_QI: #REF!
Name capnit_qph: #REF!
Name capnit_qph: #REF!
Name FLAPPIE: #REF!
Name FLAPPIE: #REF!
Name go_level_top1: OFFSET('[3]35-sector'!$E$36,MATCH(#REF!,'[3]35-sector'!$E$37:$E$71,0),2,1,8)
Name go_level_top1: OFFSET('[3]35-sector'!$E$36,MATCH(#REF!,'[3]35-sector'!$E$37:$E$71,0),2,1,8)
Name HS: '[4]HS02_CPC1.1_SITC3_ISIC3.1 (2)'!#REF!
Name M1_stone: '[3]2000'!$E$1382:$BV$1451
Name M2_stone: '[3]2000'!$E$1524:$BV$1593
Name M3_stone: '[3]2000'!$E$1737:$BV$1806
Name Matrix1: #REF!
Name Matrix1: #REF!
Name rca_trad_2010: '[5]13-sector VAX_G_2010'!$C$141:$P$203
Name rca_trad_2011: '[5]13-sector VAX_G_2011'!$C$141:$P$203
Name rca_trad_2012: '[5]13-sector VAX_G_2012'!$C$141:$P$203
Name rca_trad_2013: '[5]13-sector VAX_G_2013'!$C$141:$P$203
Name rca_trad_2014: '[5]13-sector VAX_G_2014'!$C$141:$P$203
Name rca_trad_2015: '[5]13-sector VAX_G_2015'!$C$141:$P$203
Name rca_trad_2016: '[5]13-sector VAX_G_2016'!$C$141:$P$203
Name rca_trad_2017: '[5]13-sector VAX_G_2017'!$C$141:$P$203
Name rca_vax_2010: '[5]13-sector VAX_G_2010'!$C$209:$P$271
Name rca_vax_2011: '[5]13-sector VAX_G_2011'!$C$209:$P$271
Name rca_vax_2012: '[5]13-sector VAX_G_2012'!$C$209:$P$271
Name rca_vax_2013: '[5]13-sector VAX_G_2013'!$C$209:$P$271
Name rca_vax_2014: '[5]13-sector VAX_G_2014'!$C$209:$P$271
Name rca_vax_2015: '[5]13-sector VAX_G_2015'!$C$209:$P$271
Name rca_vax_2016: '[5]13-sector VAX_G_2016'!$C$209:$P$271
Name rca_vax_2017: '[5]13-sector VAX_G_2017'!$C$209:$P$271

Sheet About
A1: BVAbIC BAU Value Added by ISIC Code
A3: Source: | B3: BPS
B4: Economic Accounts
B5: 2019
B6: https://www.bps.go.id/en/statistics-table/3/UzFSTVVXUlliME5XYzBZNUwwNVFRa3h6Y1d3M1p6MDkjMw==/gross-domestic-product-at-current-market-prices-by-industry---billion-rupiahs-.html?year=2024
A10: We convert 2015 USD to 2012 USD with the following conversion factor:
A11: 0.96 | B11: 2012 USD per 2019 USD
A12: 7.074e-05 | B12: 2019 Rupiah to 2019 USD
A13: 1000000000 | B13: Bilion Rupiah

Sheet ISIC Splits
B2: Value add by ISIC split
B3: Source: EXIOBASE, except for ISIC 20/21, which is from WIOD
C5: ISIC 05 | D5: ISIC 06 | E5: ISIC 20 | F5: ISIC 21 | G5: ISIC 231 | H5: ISIC 239 | I5: ISIC 241 | J5: ISIC 242 | K5: ISIC 351 | L5: ISIC 352T353
C6: 11203.612 | D6: 17243.67 | G6: 1514.0945 | H6: 2652.1489 | I6: 819.34706 | J6: 1118.0588 | K6: 10165.967 | L6: 219.22806
B7: 'IDN' | C7: 0.39383768 | D7: 0.60616232 | E7: 0.73 | F7: 0.27 | G7: 0.36341959 | H7: 0.63658041 | I7: 0.42290936 | J7: 0.57709064 | K7: =K6/SUM($K$6:$L$6) -> 0.97889033 | L7: =L6/SUM($K$6:$L$6) -> 0.021109672

Sheet Industry Value Added
A1: Lapangan Usaha (Industry Sector) | B1: ISIC Code | C1: Produk Domestik Bruto/Produk Domestik Regional Bruto Atas Dasar Harga Berlaku (miliar rupiah) (Billions Rp) | D1: Value ($2019) | E1: Value ($2012)
A2: Agriculture, Forestry, and Fishing (Pertanian, Kehutanan, dan Perikanan) | B2: ISIC 01T03 | C2: 1012742.8 | D2: =C2*About!$A$12*About!$A$13 -> 7.1641426e+10 | E2: =D2*About!$A$11 -> 6.8775769e+10
A3: - Agriculture, Livestock, Hunting, and Agriculture Services (Pertanian, Peternakan, Perburuan, dan Jasa Pertanian) | B3: ISIC 01 | C3: 1488985.7 | D3: =C3*About!$A$12*About!$A$13 -> 105330848418 | E3: =D3*About!$A$11 -> 1.0111761e+11
A4: - Food Crops (Tanaman Pangan) | B4: ISIC 011 | C4: 446497.3 | D4: =C4*About!$A$12*About!$A$13 -> 3.1585219e+10 | E4: =D4*About!$A$11 -> 3.032181e+10
A5: - Horticultural Crops (Tanaman Hortikultura) | B5: ISIC 011 | C5: 238830.5 | D5: =C5*About!$A$12*About!$A$13 -> 16894869570 | E5: =D5*About!$A$11 -> 1.6219075e+10
A6: - Plantation Crops (Tanaman Perkebunan) | B6: ISIC 012 | C6: 517507.8 | D6: =C6*About!$A$12*About!$A$13 -> 3.6608502e+10 | E6: =D6*About!$A$11 -> 3.5144162e+10
A7: - Livestock (Peternakan) | B7: ISIC 014 | C7: 256849.6 | D7: =C7*About!$A$12*About!$A$13 -> 1.8169541e+10 | E7: =D7*About!$A$11 -> 1.7442759e+10
A8: - Agriculture Services and Hunting (Jasa Pertanian dan Perburuan) | B8: ISIC 016, ISIC 017 | C8: 29300.5 | D8: =C8*About!$A$12*About!$A$13 -> 2072717370 | E8: =D8*About!$A$11 -> 1.9898087e+09
A9: - Forestry and Logging (Kehutanan dan Penebangan Kayu) | B9: ISIC 02 | C9: 104121.9 | D9: =C9*About!$A$12*About!$A$13 -> 7365583206 | E9: =D9*About!$A$11 -> 7.0709599e+09
A10: - Fishing (Perikanan) | B10: ISIC 03 | C10: 419635.2 | D10: =C10*About!$A$12*About!$A$13 -> 2.9684994e+10 | E10: =D10*About!$A$11 -> 2.8497594e+10
A11: Mining and Quarrying (Pertambangan dan Penggalian) | B11: ISIC 05-09 | C11: 1149913.5 | D11: =C11*About!$A$12*About!$A$13 -> 81344880990 | E11: =D11*About!$A$11 -> 7.8091086e+10
A12: - Crude Petroleum, Natural Gas, and Geothermal (Pertambangan Minyak, Gas, dan Panas Bumi) | B12: ISIC 06 | C12: 439602.8 | D12: =C12*About!$A$12*About!$A$13 -> 31097502072 | E12: =D12*About!$A$11 -> 2.9853602e+10
A13: - Coal and Lignite Mining (Pertambangan Batubara dan Lignit) | B13: ISIC 05 | C13: 368890.5 | D13: =C13*About!$A$12*About!$A$13 -> 2.6095314e+10 | E13: =D13*About!$A$11 -> 2.5051501e+10
... A65: Gross Domestic Product (Produk Domestik Bruto) | B65: Aggregate GDP Component | C65: 15832657 | D65: =C65*About!$A$12*About!$A$13 -> 1120002170328 | E65: =D65*About!$A$11 -> 1.0752021e+12

Sheet BVAbIC
A1: Unit: USD | B1: ISIC 01T03 | C1: ISIC 05 | D1: ISIC 06 | E1: ISIC 07T08 | F1: ISIC 09 | G1: ISIC 10T12 | H1: ISIC 13T15 | I1: ISIC 16 | J1: ISIC 17T18 | K1: ISIC 19 | L1: ISIC 20 | M1: ISIC 21 | N1: ISIC 22 | O1: ISIC 231 | P1: ISIC 239 | Q1: ISIC 241 | R1: ISIC 242 | S1: ISIC 25 | T1: ISIC 26 | U1: ISIC 27 | V1: ISIC 28 | W1: ISIC 29 | X1: ISIC 30 | Y1: ISIC 31T33 | Z1: ISIC 351 | AA1: ISIC 352T353 | AB1: ISIC 36T39 | AC1: ISIC 41T43 | AD1: ISIC 45T47 | AE1: ISIC 49T53 | AF1: ISIC 55T56 | AG1: ISIC 58T60 | AH1: ISIC 61 | AI1: ISIC 62T63 | AJ1: ISIC 64T66 | AK1: ISIC 68 | AL1: ISIC 69T82 | AM1: ISIC 84 | AN1: ISIC 85 | AO1: ISIC 86T88 | AP1: ISIC 90T96 | AQ1: ISIC 97T98
A2: Value Added | B2: ='Industry Value Added'!E2 -> 6.8775769e+10 | C2: ='Industry Value Added'!E13 -> 2.5051501e+10 | D2: ='Industry Value Added'!E12 -> 2.9853602e+10 | E2: ='Industry Value Added'!E14 -> 6.5753973e+09 | F2: ='Industry Value Added'!E15 -> 1.6610585e+10 | G2: ='Industry Value Added'!E18 -> 6.8790505e+10 | H2: ='Industry Value Added'!E20 -> 1.3583397e+10 | I2: ='Industry Value Added'!E22 -> 5.4545565e+09 | J2: ='Industry Value Added'!E23 -> 7.4628233e+09 | K2: ='Industry Value Added'!E17 -> 2.2863571e+10 | L2: ='Industry Value Added'!E24*'ISIC Splits'!E7 -> 1.3183128e+10 | M2: ='Industry Value Added'!E24*'ISIC Splits'!F7 -> 4.8759516e+09 | N2: ='Industry Value Added'!E25 -> 5.9744446e+09 | O2: ='Industry Value Added'!E26*'ISIC Splits'!G7 -> 2.3041862e+09 | P2: ='Industry Value Added'!E26*'ISIC Splits'!H7 -> 4.0361053e+09 | Q2: ='Industry Value Added'!E27*'ISIC Splits'!I7 -> 3.3334836e+09 | R2: ='Industry Value Added'!E27*'ISIC Splits'!J7 -> 4.5487814e+09 | S2: ='Industry Value Added'!E28/3 -> 6.0074513e+09 | T2: =S2 -> 6.0074513e+09 | U2: =T2 -> 6.0074513e+09 | V2: ='Industry Value Added'!E29 -> 3.1906004e+09 | W2: ='Industry Value Added'!E30/2 -> 8.7701969e+09 | X2: =W2 -> 8.7701969e+09 | Y2: ='Industry Value Added'!E31 -> 2.6647362e+09 | Z2: ='Industry Value Added'!E34 -> 1.0320744e+10 | AA2: ='Industry Value Added'!E35 -> 2.2505099e+09 | AB2: ='Industry Value Added'!E36 -> 7.2909285e+08 | AC2: ='Industry Value Added'!E37 -> 1.0198385e+11 | AD2: ='Industry Value Added'!E38 -> 4.7555541e+10 | AE2: ='Industry Value Added'!E41 -> 3.9490264e+10 | AF2: ='Industry Value Added'!E48 -> 4.767833e+09 | AG2: ='Industry Value Added'!E51/3 -> 1.1919013e+10 | AH2: =AG2 -> 1.1919013e+10 | AI2: =AG2 -> 1.1919013e+10 | AJ2: ='Industry Value Added'!E52 -> 6.2093059e+09 | AK2: ='Industry Value Added'!E57 -> 2.9843626e+10 | AL2: ='Industry Value Added'!E58 -> 2.066415e+10 | AM2: ='Industry Value Added'!E59 -> 3.8816505e+10 | AN2: ='Industry Value Added'!E60 -> 3.5473283e+10 | AO2: ='Industry Value Added'!E61 -> 1.18632e+10 | AP2: ='Industry Value Added'!E62/2 -> 1.0492225e+10 | AQ2: =AP2 -> 1.0492225e+10
