Workbook

Sheet About
A1: BLAPE BAU LULUCF Anthropogenic Pollutant Emissions
A3: Source: | B3: UNFCCC
B4: 2021
B5: Third Biennial Update Report
B6: https://www.climatewatchdata.org/ghg-emissions?breakBy=gas&gases=ch4%2Cco2%2Cf-gas%2Cn2o&regions=IDN&source=Climate%20Watch
B8: Global Forest Watch
B9: 2021
B10: https://www.globalforestwatch.org/dashboards/country/IDN/?category=climate
B11: https://www.edf.org/sites/default/files/content/emission_equivalency_tool_documentation_methodology_23062022.pdf
B13: Global Warming Potentials
B14: https://niwa.co.nz/atmosphere/what-are-global-warming-potentialtm-and-co2-equivalent-emissionstm
B16: Republic of Indonesia
B17: National Inventory Document
B18: 2022
B19: https://unfccc.int/sites/default/files/resource/Indonesia%20NID1.pdf

Sheet UNFCCC
A1: AFOLU | B1: Sector | C1: CO2 | D1: CH4 | E1: N20 | F1: CF4 | G1: Non CO2 Biomass Burning GL & GL | H1: HFCs | I1: PFCs | J1: SF6 | K1: Other halogenated gases with CO2 equivalent conversion factors | L1: Other halogenated gases without CO2 equivalent conversion factors | M1: Nox | N1: CO | O1: NMVOCs | P1: SO2
C2: CO2e (g)
A3: agriculture and forestry 01T03 | B3: agriculture sector | C3: 160420000000000 | D3: 54965000000000 | E3: 43669000000000 | F3: 0 | G3: 2077000000000 | H3: 0 | I3: 0 | J3: 0 | K3: 0 | L3: 0 | M3: 66000000000 | N3: 2436000000000 | O3: 0 | P3: 0
B4: forestry sector | C4: 16410290000 | D4: 14573000000000 | E4: 0 | F4: 0 | G4: 0 | H4: 0 | I4: 0 | J4: 0 | K4: 0 | L4: 0 | M4: 0 | N4: 0 | O4: 0 | P4: 0
B5: total | C5: =C3+C4 -> 160436410290000 | D5: =D3+D4 -> 69538000000000 | E5: 43669000000000 | F5: 0 | G5: 2077000000000 | H5: 0 | I5: 0 | J5: 0 | K5: 0 | L5: 0 | M5: 66000000000 | N5: 2436000000000 | O5: 0 | P5: 0
A9: Global Warming Potential (g CO2e/g pollutant) | B9: one hundred years
A10: CO2 | B10: 1 | E10: Total | F10: =SUM(C5:E5) -> 273643410290000
A11: VOC | B11: 0 | E11: CO2 | F11: =C5/F10 -> 0.58629736
A12: CO | B12: 0 | E12: CH4 | F12: =D5/F10 -> 0.25411904
A13: NOx | B13: 0 | E13: N2O | F13: =E5/F10 -> 0.1595836
A14: PM10 | B14: 0
A15: PM25 | B15: 0
A16: SOx | B16: 0
A17: BC | B17: 0
A18: OC | B18: 0
A19: CH4 | B19: 28
A20: N2O | B20: 265
A21: F gases | B21: 1

Sheet Share of Pollutants
A1: Year | B1: 2019
A2: CO2 (g) | B2: =UNFCCC!C5 -> 160436410290000
A3: VOCs (g) | B3: 0
A4: CO (g) | B4: 0
A5: NOx (g) | B5: 0
A6: PM10 (g) | B6: 0
A7: PM25 (g) | B7: 0
A8: SOx (g) | B8: 0
A9: BC (g) | B9: 0
A10: OC (g) | B10: 0
A11: CH4 (g) | B11: =UNFCCC!D5 -> 69538000000000
A12: N2O (g) | B12: =UNFCCC!E5 -> 43669000000000
A13: F gases (g CO2e) | B13: 0
A17: Year | B17: 2019
A18: Total | B18: =SUM(B2:B13) -> 273643410290000
A19: Share of CO2 (g) | B19: =B2/B18 -> 0.58629736
A20: Share of CH4 (g) | B20: =B11/B18 -> 0.25411904
A21: Share of N2O (g) | B21: =B12/B18 -> 0.1595836

Sheet GWF-Smoothing 
A1: Year | B1: 2001 | C1: 2002 | D1: 2003 | E1: 2004 | F1: 2005 | G1: 2006 | H1: 2007 | I1: 2008 | J1: 2009 | K1: 2010 | L1: 2011 | M1: 2012 | N1: 2013 | O1: 2014 | P1: 2015 | Q1: 2016 | R1: 2017 | S1: 2018 | T1: 2019 | U1: 2020 | V1: 2021 | W1: 2022 | X1: 2023 | Y1: 2024 | Z1: 2025 | AA1: 2026 | AB1: 2027 | AC1: 2028 | AD1: 2029 | AE1: 2030 | AF1: 2031 | AG1: 2032 | AH1: 2033 | AI1: 2034 | AJ1: 2035 | AK1: 2036 | AL1: 2037 | AM1: 2038 | AN1: 2039 | AO1: 2040 | AP1: 2041 | AQ1: 2042 | AR1: 2043 | AS1: 2044 | AT1: 2045 | AU1: 2046 | AV1: 2047 | AW1: 2048 | AX1: 2049 | AY1: 2050 | AZ1: 2051 | BA1: 2052 | BB1: 2053 | BC1: 2054 | BD1: 2055 | BE1: 2056 | BF1: 2057 | BG1: 2058 | BH1: 2059 | BI1: 2060 | BJ1: 2061 | BK1: 2062 | BL1: 2063 | BM1: 2064 | BN1: 2065 | BO1: 2066 | BP1: 2067 | BQ1: 2068 | BR1: 2069 | BS1: 2070
A2: Global Watch FOLU Emissions (Mg CO2e) | B2: 4.8711204e+08 | C2: 6.2221185e+08 | D2: 4.2524902e+08 | E2: 9.6872637e+08 | F2: 9.3615248e+08 | G2: 1.0115746e+09 | H2: 1.1455617e+09 | I2: 1.017426e+09 | J2: 1.3908915e+09 | K2: 1.0182457e+09 | L2: 1.211493e+09 | M2: 1.7469461e+09 | N2: 8.5404006e+08 | O2: 1.3849242e+09 | P2: 1.2430109e+09 | Q2: 1.7707243e+09 | R2: 8.2322671e+08 | S2: 7.5961257e+08 | T2: 7.3728281e+08 | U2: 5.9114111e+08 | V2: 5.094688e+08 | W2: 5.4269716e+08 | X2: =AVERAGE(Q2:W2) -> 8.1916478e+08 | Y2: =AVERAGE(R2:X2) -> 6.8322771e+08 | Z2: =AVERAGE(S2:Y2) -> 6.6322785e+08 | AA2: =AVERAGE(T2:Z2) -> 6.494586e+08 | AB2: =AVERAGE(U2:AA2) -> 6.3691228e+08 | AC2: =AVERAGE(V2:AB2) -> 6.4345102e+08 | AD2: =AVERAGE(W2:AC2) -> 6.6259134e+08 | AE2: =AVERAGE(X2:AD2) -> 6.7971908e+08 | ... BS2: =AVERAGE(BL2:BR2) -> 6.591622e+08
A3: Smoothing | B3: 556000000 | C3: 514000000 | D3: 685000000 | E3: 833000000 | F3: 973000000 | G3: 1050000000 | H3: 1060000000 | I3: 1190000000 | J3: 1160000000 | K3: 1180000000 | L3: 1380000000 | M3: 1270000000 | N3: 1270000000 | O3: 1210000000 | P3: 1480000000 | Q3: 1280000000 | R3: 1010000000 | S3: 765000000 | T3: 684000000 | U3: 592000000 | V3: 541000000 | W3: 654000000 | X3: 821000000 | Y3: 940000000 | Z3: 980000000 | AA3: 1000000000 | AB3: 1010000000 | AC3: 1020000000 | AD3: 1020000000 | AE3: 1020000000 | AF3: 1020000000 | AG3: 1010000000 | AH3: 1010000000 | AI3: 1000000000 | AJ3: 984000000 | AK3: 971000000 | AL3: 958000000 | AM3: 948000000 | AN3: 924000000 | AO3: 909000000 | AP3: 904000000 | AQ3: 910000000 | AR3: 920000000 | AS3: 935000000 | AT3: 952000000 | AU3: 965000000 | AV3: 971000000 | AW3: 972000000 | AX3: 972000000 | AY3: 971000000 | AZ3: 969000000 | BA3: 966000000 | BB3: 964000000 | BC3: 961000000 | BD3: 959000000 | BE3: 956000000 | BF3: 954000000 | BG3: 952000000 | BH3: 950000000 | BI3: 950000000 | BJ3: 949000000 | BK3: 949000000 | BL3: 950000000 | BM3: 952000000 | BN3: 954000000 | BO3: 956000000 | BP3: 958000000 | BQ3: 959000000 | BR3: 959000000 | BS3: 959000000
A5: Year | B5: 1990 | C5: 1991 | D5: 1992 | E5: 1993 | F5: 1994 | G5: 1995 | H5: 1996 | I5: 1997 | J5: 1998 | K5: 1999 | L5: 2000 | M5: 2001 | N5: 2002 | O5: 2003 | P5: 2004 | Q5: 2005 | R5: 2006 | S5: 2007 | T5: 2008 | U5: 2009 | V5: 2010 | W5: 2011 | X5: 2012 | Y5: 2013 | Z5: 2014 | AA5: 2015 | AB5: 2016 | AC5: 2017 | AD5: 2018 | AE5: 2019 | AF5: 2020 | AG5: 2021 | AH5: 2022 | AI5: 2023 | AJ5: 2024 | AK5: 2025 | AL5: 2026 | AM5: 2027 | AN5: 2028 | AO5: 2029 | AP5: 2030 | AQ5: 2031 | AR5: 2032 | AS5: 2033 | AT5: 2034 | AU5: 2035 | AV5: 2036 | AW5: 2037 | AX5: 2038 | AY5: 2039 | AZ5: 2040 | BA5: 2041 | BB5: 2042 | BC5: 2043 | BD5: 2044 | BE5: 2045 | BF5: 2046 | BG5: 2047 | BH5: 2048 | BI5: 2049 | BJ5: 2050 | BK5: 2051 | BL5: 2052 | BM5: 2053 | BN5: 2054 | BO5: 2055 | BP5: 2056 | BQ5: 2057 | BR5: 2058 | BS5: 2059 | BT5: 2060 | BU5: 2061 | BV5: 2062 | BW5: 2063 | BX5: 2064 | BY5: 2065 | BZ5: 2066 | CA5: 2067 | CB5: 2068 | CC5: 2069 | CD5: 2070
A6: Climate Watch FOLU Emissions (Mt CO2e) | B6: 664.2 | C6: 664.2 | D6: 664.2 | E6: 664.19 | F6: 664.17 | G6: 665.63 | H6: 495.54 | I6: 1440.8 | J6: 664.91 | K6: 536.83 | L6: 462.12 | M6: 276.75 | N6: 760.89 | O6: 404.52 | P6: 745.58 | Q6: 474.34 | R6: 872.64 | S6: 304.12 | T6: 294.15 | U6: 673.96 | V6: 293.85 | W6: 782.89 | X6: 798.29 | Y6: 771.88 | Z6: 1102.32 | AA6: 1141.12 | AB6: 514.87 | AC6: 480.33 | AD6: 661.53 | AE6: 891.35 | AF6: 499.87 | AG6: 477.19 | AH6: 467.91 | AI6: =AVERAGE($AB$6:AH6) -> 570.43571 | AJ6: =AVERAGE(AC6:AI6) -> 578.37367 | AK6: =AVERAGE(AD6:AJ6) -> 592.37991 | AL6: =AVERAGE(AE6:AK6) -> 582.50133 | AM6: =AVERAGE(AF6:AL6) -> 538.38009 | AN6: =AVERAGE(AG6:AM6) -> 543.88153 | AO6: =AVERAGE(AH6:AN6) -> 553.40889 | AP6: =AVERAGE(AI6:AO6) -> 565.62302 | AQ6: =AVERAGE(AJ6:AP6) -> 564.93549 | ... CD6: =AVERAGE(BW6:CC6) -> 559.40649
A7: MgCO2e to MtCO2e | B7: 1000000
A9: Year | B9: =L5 -> 2000 | C9: =M5 -> 2001 | D9: =N5 -> 2002 | E9: =O5 -> 2003 | F9: =P5 -> 2004 | G9: =Q5 -> 2005 | H9: =R5 -> 2006 | I9: =S5 -> 2007 | ... X9: =AH5 -> 2022
A10: Climate Watch FOLU Emissions (Mt CO2e) | B10: =L6 -> 462.12 | C10: =M6 -> 276.75 | D10: =N6 -> 760.89 | E10: =O6 -> 404.52 | F10: =P6 -> 745.58 | G10: =Q6 -> 474.34 | H10: =R6 -> 872.64 | I10: =S6 -> 304.12 | ... X10: =AH6 -> 467.91
A11: Global Watch FOLU Emissions (Mt CO2e) | C11: =B2/$B$7 -> 487.11204 | D11: =C2/$B$7 -> 622.21185 | E11: =D2/$B$7 -> 425.24902 | F11: =E2/$B$7 -> 968.72637 | G11: =F2/$B$7 -> 936.15248 | H11: =G2/$B$7 -> 1011.5746 | I11: =H2/$B$7 -> 1145.5617 | J11: =I2/$B$7 -> 1017.426 | ... X11: =W2/$B$7 -> 542.69716
A12: Government Data (Mt CO2e) | B12: 342.99 | G12: 709.68 | L12: 529.52 | Q12: 1730.27 | U12: 818.65 | V12: 336 | W12: 326 | X12: 312.31
A13: Removals (Mt CO2e) | B13: -208.73 | C13: =$B$13+(($G$13-$B$13)/($G$9-$B$9))*(C9-$B$9) -> -218.57 | D13: =$B$13+(($G$13-$B$13)/($G$9-$B$9))*(D9-$B$9) -> -228.41 | E13: =$B$13+(($G$13-$B$13)/($G$9-$B$9))*(E9-$B$9) -> -238.25 | F13: =$B$13+(($G$13-$B$13)/($G$9-$B$9))*(F9-$B$9) -> -248.09 | G13: -257.93 | H13: =$G$13+(($L$13-$G$13)/($L$9-$G$9))*(H9-$G$9) -> -270.064 | I13: =$G$13+(($L$13-$G$13)/($L$9-$G$9))*(I9-$G$9) -> -282.198 | J13: =$G$13+(($L$13-$G$13)/($L$9-$G$9))*(J9-$G$9) -> -294.332 | K13: =$G$13+(($L$13-$G$13)/($L$9-$G$9))*(K9-$G$9) -> -306.466 | L13: -318.6 | M13: =$L$13+(($Q$13-$L$13)/($Q$9-$L$9))*(M9-$L$9) -> -303.026 | N13: =$L$13+(($Q$13-$L$13)/($Q$9-$L$9))*(N9-$L$9) -> -287.452 | O13: =$L$13+(($Q$13-$L$13)/($Q$9-$L$9))*(O9-$L$9) -> -271.878 | P13: =$L$13+(($Q$13-$L$13)/($Q$9-$L$9))*(P9-$L$9) -> -256.304 | Q13: =-240.73 -> -240.73 | R13: =$Q$13+(($U$13-$Q$13)/($U$9-$Q$9))*(R9-$Q$9) -> -240.585 | S13: =$Q$13+(($U$13-$Q$13)/($U$9-$Q$9))*(S9-$Q$9) -> -240.44 | T13: =$Q$13+(($U$13-$Q$13)/($U$9-$Q$9))*(T9-$Q$9) -> -240.295 | U13: =-240.15 -> -240.15 | V13: =$U$13+(($X$13-$U$13)/($X$9-$U$9))*(V9-$U$9) -> -246.55 | W13: =$U$13+(($X$13-$U$13)/($X$9-$U$9))*(W9-$U$9) -> -252.95 | X13: -259.35
Y15: Forecasting using ARIMA (1,0,0)
A16: =A9 -> Year | B16: =B9 -> 2000 | C16: =C9 -> 2001 | D16: =D9 -> 2002 | E16: =E9 -> 2003 | F16: =F9 -> 2004 | G16: =G9 -> 2005 | H16: =H9 -> 2006 | ... X16: =X9 -> 2022 | Y16: 2023 | Z16: 2024 | AA16: 2025 | AB16: 2026 | AC16: 2027 | AD16: 2028 | AE16: 2029 | AF16: 2030 | AG16: 2031 | AH16: 2032 | AI16: 2033 | AJ16: 2034 | AK16: 2035 | AL16: 2036 | AM16: 2037 | AN16: 2038 | AO16: 2039 | AP16: 2040 | AQ16: 2041 | AR16: 2042 | AS16: 2043 | AT16: 2044 | AU16: 2045 | AV16: 2046 | AW16: 2047 | AX16: 2048 | AY16: 2049 | AZ16: 2050 | BA16: 2051 | BB16: 2052 | BC16: 2053 | BD16: 2054 | BE16: 2055 | BF16: 2056 | BG16: 2057 | BH16: 2058 | BI16: 2059 | BJ16: 2060 | BK16: 2061 | BL16: 2062 | BM16: 2063 | BN16: 2064 | BO16: 2065 | BP16: 2066 | BQ16: 2067 | BR16: 2068 | BS16: 2069 | BT16: 2070
A17: =A13 -> Removals (Mt CO2e) | B17: =B13 -> -208.73 | C17: =C13 -> -218.57 | D17: =D13 -> -228.41 | E17: =E13 -> -238.25 | F17: =F13 -> -248.09 | G17: =G13 -> -257.93 | H17: =H13 -> -270.064 | ... X17: =X13 -> -259.35 | Y17: -262 | Z17: -264.1 | AA17: -266.1 | AB17: -268 | AC17: -270 | AD17: -271.8 | AE17: -273.6 | AF17: -275.3 | AG17: -276.9 | AH17: -278.4 | AI17: -279.9 | AJ17: -281.2 | AK17: -282.5 | AL17: -283.7 | AM17: -284.8 | AN17: -285.8 | AO17: -286.7 | AP17: -287.6 | AQ17: -288.4 | AR17: -289.2 | AS17: -289.9 | AT17: -290.6 | AU17: -291.2 | AV17: -291.8 | AW17: -292.4 | AX17: -292.9 | AY17: -293.4 | AZ17: -293.9 | BA17: -294.3 | BB17: -294.7 | BC17: -295.1 | BD17: -295.4 | BE17: -295.8 | BF17: -296.1 | BG17: -296.4 | BH17: -296.7 | BI17: -297 | BJ17: -297.3 | BK17: -297.6 | BL17: -297.9 | BM17: -298.2 | BN17: -298.5 | BO17: -298.8 | BP17: -299.1 | BQ17: -299.4 | BR17: -299.7 | BS17: -300 | BT17: -300.5
A18: Growth rate | C18: =(C17-B17)/B17 -> 0.047142241 | D18: =(D17-C17)/C17 -> 0.045019902 | E18: =(E17-D17)/D17 -> 0.043080426 | F18: =(F17-E17)/E17 -> 0.041301154 | G18: =(G17-F17)/F17 -> 0.039663026 | H18: =(H17-G17)/G17 -> 0.047043772 | I18: =(I17-H17)/H17 -> 0.044930091 | J18: =(J17-I17)/I17 -> 0.042998179 | ... BT18: =(BT17-BS17)/BS17 -> 0.0016666667
A20: Year | B20: 2020 | C20: 2021 | D20: 2022 | E20: 2023 | F20: 2024 | G20: 2025 | H20: 2026 | I20: 2027 | J20: 2028 | K20: 2029 | L20: 2030 | M20: 2031 | N20: 2032 | O20: 2033 | P20: 2034 | Q20: 2035 | R20: 2036 | S20: 2037 | T20: 2038 | U20: 2039 | V20: 2040 | W20: 2041 | X20: 2042 | Y20: 2043 | Z20: 2044 | AA20: 2045 | AB20: 2046 | AC20: 2047 | AD20: 2048 | AE20: 2049 | AF20: 2050 | AG20: 2051 | AH20: 2052 | AI20: 2053 | AJ20: 2054 | AK20: 2055 | AL20: 2056 | AM20: 2057 | AN20: 2058 | AO20: 2059 | AP20: 2060 | AQ20: 2061 | AR20: 2062 | AS20: 2063 | AT20: 2064 | AU20: 2065 | AV20: 2066 | AW20: 2067 | AX20: 2068 | AY20: 2069 | AZ20: 2070
A21: FOLU-Emissions Projections | B21: =V12 -> 336 | C21: =W12 -> 326 | D21: =X12 -> 312.31 | E21: =D21-D21*Y18 -> 309.11886 | F21: =E21-E21*Z18 -> 306.64119 | G21: =F21-F21*AA18 -> 304.31903 | H21: =G21-G21*AB18 -> 302.14614 | I21: =H21-H21*AC18 -> 299.89132 | J21: =I21-I21*AD18 -> 297.89204 | K21: =J21-J21*AE18 -> 295.91925 | L21: =K21-K21*AF18 -> 294.08057 | ... AZ21: =AY21-AY21*BT18 -> 269.34502
A68: Year | B68: 2001 | C68: 2002 | D68: 2003 | E68: 2004 | F68: 2005 | G68: 2006 | H68: 2007 | I68: 2008 | J68: 2009 | K68: 2010 | L68: 2011 | M68: 2012 | N68: 2013 | O68: 2014 | P68: 2015 | Q68: 2016 | R68: 2017 | S68: 2018 | T68: 2019 | U68: 2020 | V68: 2021 | W68: 2022 | X68: 2023 | Y68: 2024 | Z68: 2025 | AA68: 2026 | AB68: 2027 | AC68: 2028 | AD68: 2029 | AE68: 2030 | AF68: 2031 | AG68: 2032 | AH68: 2033 | AI68: 2034 | AJ68: 2035 | AK68: 2036 | AL68: 2037 | AM68: 2038 | AN68: 2039 | AO68: 2040 | AP68: 2041 | AQ68: 2042 | AR68: 2043 | AS68: 2044 | AT68: 2045 | AU68: 2046 | AV68: 2047 | AW68: 2048 | AX68: 2049 | AY68: 2050 | AZ68: 2051 | BA68: 2052 | BB68: 2053 | BC68: 2054 | BD68: 2055 | BE68: 2056 | BF68: 2057 | BG68: 2058 | BH68: 2059 | BI68: 2060 | BJ68: 2061 | BK68: 2062 | BL68: 2063 | BM68: 2064 | BN68: 2065 | BO68: 2066 | BP68: 2067 | BQ68: 2068 | BR68: 2069 | BS68: 2070
A69: Global Watch FOLU Emissions (Mg CO2e) | B69: 556000000 | C69: 514000000 | D69: 685000000 | E69: 833000000 | F69: 973000000 | G69: 1050000000 | H69: 1060000000 | I69: 1190000000 | J69: 1160000000 | K69: 1180000000 | L69: 1380000000 | M69: 1270000000 | N69: 1270000000 | O69: 1210000000 | P69: 1480000000 | Q69: 1280000000 | R69: 1010000000 | S69: 765000000 | T69: 684000000 | U69: 592000000 | V69: 541000000 | W69: 654000000 | X69: 821000000 | Y69: 940000000 | Z69: 980000000 | AA69: 1000000000 | AB69: 1010000000 | AC69: 1020000000 | AD69: 1020000000 | AE69: 1020000000 | AF69: 1020000000 | AG69: 1010000000 | AH69: 1010000000 | AI69: 1000000000 | AJ69: 984000000 | AK69: 971000000 | AL69: 958000000 | AM69: 948000000 | AN69: 924000000 | AO69: 909000000 | AP69: 904000000 | AQ69: 910000000 | AR69: 920000000 | AS69: 935000000 | AT69: 952000000 | AU69: 965000000 | AV69: 971000000 | AW69: 972000000 | AX69: 972000000 | AY69: 971000000 | AZ69: 969000000 | BA69: 966000000 | BB69: 964000000 | BC69: 961000000 | BD69: 959000000 | BE69: 956000000 | BF69: 954000000 | BG69: 952000000 | BH69: 950000000 | BI69: 950000000 | BJ69: 949000000 | BK69: 949000000 | BL69: 950000000 | BM69: 952000000 | BN69: 954000000 | BO69: 956000000 | BP69: 958000000 | BQ69: 959000000 | BR69: 959000000 | BS69: 959000000
A70: Average annual removal (Harris, 2021) (Mt CO2e/year) | B70: 617
A71: Average annual removal (Mg CO2e/year) | B71: 617000000
A72: Net Emissions | B72: -61000000 | C72: -103000000 | D72: 68000000 | E72: 216000000 | F72: 356000000 | G72: 433000000 | H72: 443000000 | I72: 573000000 | J72: 543000000 | K72: 563000000 | L72: 763000000 | M72: 653000000 | N72: 653000000 | O72: 593000000 | P72: 863000000 | Q72: 663000000 | R72: 393000000 | S72: 148000000 | T72: 67000000 | U72: -25000000 | V72: -76000000 | W72: 37000000 | X72: 204000000 | Y72: 323000000 | Z72: 363000000 | AA72: 383000000 | AB72: 393000000 | AC72: 403000000 | AD72: 403000000 | AE72: 403000000 | AF72: 403000000 | AG72: 393000000 | AH72: 393000000 | AI72: 383000000 | AJ72: 367000000 | AK72: 354000000 | AL72: 341000000 | AM72: 331000000 | AN72: 307000000 | AO72: 292000000 | AP72: 287000000 | AQ72: 293000000 | AR72: 303000000 | AS72: 318000000 | AT72: 335000000 | AU72: 348000000 | AV72: 354000000 | AW72: 355000000 | AX72: 355000000 | AY72: 354000000 | AZ72: 352000000 | BA72: 349000000 | BB72: 347000000 | BC72: 344000000 | BD72: 342000000 | BE72: 339000000 | BF72: 337000000 | BG72: 335000000 | BH72: 333000000 | BI72: 333000000 | BJ72: 332000000 | BK72: 332000000 | BL72: 333000000 | BM72: 335000000 | BN72: 337000000 | BO72: 339000000 | BP72: 341000000 | BQ72: 342000000 | BR72: 342000000 | BS72: 342000000
A73: CO2 (by t CO2e) | B73: -35764139 | C73: -60388629 | D73: 39868221 | E73: 1.2664023e+08 | F73: 2.0872186e+08 | G73: 2.5386676e+08 | H73: 2.5972973e+08 | I73: 3.3594839e+08 | J73: 3.1835947e+08 | K73: 3.3008542e+08 | L73: 4.4734489e+08 | M73: 3.8285218e+08 | N73: 3.8285218e+08 | O73: 3.4767434e+08 | P73: 5.0597463e+08 | Q73: 3.8871515e+08 | R73: 2.3041486e+08 | S73: 86772010 | T73: 39281923 | U73: -14657434 | V73: -44558600 | W73: 21693002 | X73: 1.1960466e+08 | Y73: 1.8937405e+08 | Z73: 2.1282594e+08 | AA73: 2.2455189e+08 | AB73: 2.3041486e+08 | AC73: 2.3627784e+08 | AD73: 2.3627784e+08 | AE73: 2.3627784e+08 | AF73: 2.3627784e+08 | AG73: 2.3041486e+08 | AH73: 2.3041486e+08 | AI73: 2.2455189e+08 | AJ73: 2.1517113e+08 | AK73: 2.0754927e+08 | AL73: 1.999274e+08 | AM73: 1.9406443e+08 | AN73: 1.7999329e+08 | AO73: 1.7119883e+08 | AP73: 1.6826734e+08 | AQ73: 1.7178513e+08 | AR73: 1.776481e+08 | AS73: 1.8644256e+08 | AT73: 1.9640962e+08 | AU73: 2.0403148e+08 | AV73: 2.0754927e+08 | AW73: 2.0813556e+08 | AX73: 2.0813556e+08 | AY73: 2.0754927e+08 | AZ73: 2.0637667e+08 | BA73: 2.0461778e+08 | BB73: 2.0344519e+08 | BC73: 2.0168629e+08 | BD73: 2.005137e+08 | BE73: 1.9875481e+08 | BF73: 1.9758221e+08 | BG73: 1.9640962e+08 | BH73: 1.9523702e+08 | BI73: 1.9523702e+08 | BJ73: 1.9465073e+08 | BK73: 1.9465073e+08 | BL73: 1.9523702e+08 | BM73: 1.9640962e+08 | BN73: 1.9758221e+08 | BO73: 1.9875481e+08 | BP73: 1.999274e+08 | BQ73: 2.005137e+08 | BR73: 2.005137e+08 | BS73: 2.005137e+08
A74: CH4 (t Co2e) | B74: -15501261 | C74: -26174261 | D74: 17280095 | E74: 54889712 | F74: 90466377 | G74: 1.1003354e+08 | H74: 1.1257473e+08 | I74: 1.4561021e+08 | J74: 1.3798664e+08 | K74: 1.4306902e+08 | L74: 1.9389283e+08 | M74: 1.6593973e+08 | N74: 1.6593973e+08 | O74: 1.5069259e+08 | P74: 2.1930473e+08 | Q74: 1.6848092e+08 | R74: 99868782 | S74: 37609618 | T74: 17025976 | U74: -6352975.9 | V74: -19313047 | W74: 9402404.4 | X74: 51840284 | Y74: 82080449 | Z74: 92245211 | AA74: 97327591 | AB74: 99868782 | AC74: 1.0240997e+08 | AD74: 1.0240997e+08 | AE74: 1.0240997e+08 | AF74: 1.0240997e+08 | AG74: 99868782 | AH74: 99868782 | AI74: 97327591 | AJ74: 93261687 | AK74: 89958139 | AL74: 86654592 | AM74: 84113401 | AN74: 78014544 | AO74: 74202759 | AP74: 72932164 | AQ74: 74456878 | AR74: 76998068 | AS74: 80809854 | AT74: 85129878 | AU74: 88433425 | AV74: 89958139 | AW74: 90212258 | AX74: 90212258 | AY74: 89958139 | AZ74: 89449901 | BA74: 88687544 | BB74: 88179306 | BC74: 87416949 | BD74: 86908711 | BE74: 86146354 | BF74: 85638116 | BG74: 85129878 | BH74: 84621639 | BI74: 84621639 | BJ74: 84367520 | BK74: 84367520 | BL74: 84621639 | BM74: 85129878 | BN74: 85638116 | BO74: 86146354 | BP74: 86654592 | BQ74: 86908711 | BR74: 86908711 | BS74: 86908711
A75: N2O(t CO2e) | B75: -9734599.5 | C75: -16437111 | D75: 10851685 | E75: 34470057 | F75: 56811761 | G75: 69099698 | H75: 70695534 | I75: 91441402 | J75: 86653894 | K75: 89845566 | L75: 1.2176229e+08 | M75: 1.0420809e+08 | N75: 1.0420809e+08 | O75: 94633074 | P75: 1.3772065e+08 | Q75: 1.0580393e+08 | R75: 62716354 | S75: 23618373 | T75: 10692101 | U75: -3989590 | V75: -12128353 | W75: 5904593.1 | X75: 32555054 | Y75: 51545502 | Z75: 57928846 | AA75: 61120518 | AB75: 62716354 | AC75: 64312190 | AD75: 64312190 | AE75: 64312190 | AF75: 64312190 | AG75: 62716354 | AH75: 62716354 | AI75: 61120518 | AJ75: 58567180 | AK75: 56492594 | AL75: 54418007 | AM75: 52822171 | AN75: 48992165 | AO75: 46598411 | AP75: 45800493 | AQ75: 46757994 | AR75: 48353830 | AS75: 50747584 | AT75: 53460505 | AU75: 55535092 | AV75: 56492594 | AW75: 56652177 | AX75: 56652177 | AY75: 56492594 | AZ75: 56173427 | BA75: 55694676 | BB75: 55375509 | BC75: 54896758 | BD75: 54577591 | BE75: 54098840 | BF75: 53779673 | BG75: 53460505 | BH75: 53141338 | BI75: 53141338 | BJ75: 52981755 | BK75: 52981755 | BL75: 53141338 | BM75: 53460505 | BN75: 53779673 | BO75: 54098840 | BP75: 54418007 | BQ75: 54577591 | BR75: 54577591 | BS75: 54577591
A76: t to g CO2e | B76: 1000000
A79: Year | B79: 2020 | C79: 2021 | D79: 2022 | E79: 2023 | F79: 2024 | G79: 2025 | H79: 2026 | I79: 2027 | J79: 2028 | K79: 2029 | L79: 2030 | M79: 2031 | N79: 2032 | O79: 2033 | P79: 2034 | Q79: 2035 | R79: 2036 | S79: 2037 | T79: 2038 | U79: 2039 | V79: 2040 | W79: 2041 | X79: 2042 | Y79: 2043 | Z79: 2044 | AA79: 2045 | AB79: 2046 | AC79: 2047 | AD79: 2048 | AE79: 2049 | AF79: 2050 | AG79: 2051 | AH79: 2052 | AI79: 2053 | AJ79: 2054 | AK79: 2055 | AL79: 2056 | AM79: 2057 | AN79: 2058 | AO79: 2059 | AP79: 2060 | AQ79: 2061 | AR79: 2062 | AS79: 2063 | AT79: 2064 | AU79: 2065 | AV79: 2066 | AW79: 2067 | AX79: 2068 | AY79: 2069 | AZ79: 2070
A80: GWF FOLU emissions | B80: =U72/$B$76 -> -25 | C80: =V72/$B$76 -> -76 | D80: =W72/$B$76 -> 37 | E80: =X72/$B$76 -> 204 | F80: =Y72/$B$76 -> 323 | G80: =Z72/$B$76 -> 363 | H80: =AA72/$B$76 -> 383 | I80: =AB72/$B$76 -> 393 | ... AZ80: =BS72/$B$76 -> 342
A81: Government FOLU emissions | B81: =B21 -> 336 | C81: =C21 -> 326 | D81: =D21 -> 312.31 | E81: =E21 -> 309.11886 | F81: =F21 -> 306.64119 | G81: =G21 -> 304.31903 | H81: =H21 -> 302.14614 | I81: =I21 -> 299.89132 | ... AZ81: =AZ21 -> 269.34502

Sheet Global Watch Data
A1: Year | B1: 2020 | C1: 2021 | D1: 2022 | E1: 2023 | F1: 2024 | G1: 2025 | H1: 2026 | I1: 2027 | J1: 2028 | K1: 2029 | L1: 2030 | M1: 2031 | N1: 2032 | O1: 2033 | P1: 2034 | Q1: 2035 | R1: 2036 | S1: 2037 | T1: 2038 | U1: 2039 | V1: 2040 | W1: 2041 | X1: 2042 | Y1: 2043 | Z1: 2044 | AA1: 2045 | AB1: 2046 | AC1: 2047 | AD1: 2048 | AE1: 2049 | AF1: 2050 | AG1: 2051 | AH1: 2052 | AI1: 2053 | AJ1: 2054 | AK1: 2055 | AL1: 2056 | AM1: 2057 | AN1: 2058 | AO1: 2059 | AP1: 2060 | AQ1: 2061 | AR1: 2062 | AS1: 2063 | AT1: 2064 | AU1: 2065 | AV1: 2066 | AW1: 2067 | AX1: 2068 | AY1: 2069 | AZ1: 2070
A2: Government data (Mt CO2e) | B2: ='GWF-Smoothing '!B81 -> 336 | C2: ='GWF-Smoothing '!C81 -> 326 | D2: ='GWF-Smoothing '!D81 -> 312.31 | E2: ='GWF-Smoothing '!E81 -> 309.11886 | F2: ='GWF-Smoothing '!F81 -> 306.64119 | G2: ='GWF-Smoothing '!G81 -> 304.31903 | H2: ='GWF-Smoothing '!H81 -> 302.14614 | I2: ='GWF-Smoothing '!I81 -> 299.89132 | ... AZ2: ='GWF-Smoothing '!AZ81 -> 269.34502
A3: Mt to t | B3: 1000000
A4: Net Emissions | B4: =B2*$B$3 -> 336000000 | C4: =C2*$B$3 -> 326000000 | D4: =D2*$B$3 -> 312310000 | E4: =E2*$B$3 -> 3.0911886e+08 | F4: =F2*$B$3 -> 3.0664119e+08 | G4: =G2*$B$3 -> 3.0431903e+08 | H4: =H2*$B$3 -> 3.0214614e+08 | I4: =I2*$B$3 -> 2.9989132e+08 | ... AZ4: =AZ2*$B$3 -> 2.6934502e+08
A5: CO2 (by t CO2e) | B5: =B4*'Share of Pollutants'!$B$19 -> 1.9699591e+08 | C5: =C4*'Share of Pollutants'!$B$19 -> 1.9113294e+08 | D5: =D4*'Share of Pollutants'!$B$19 -> 1.8310653e+08 | E5: =E4*'Share of Pollutants'!$B$19 -> 1.8123557e+08 | F5: =F4*'Share of Pollutants'!$B$19 -> 1.7978292e+08 | G5: =G4*'Share of Pollutants'!$B$19 -> 1.7842145e+08 | H5: =H4*'Share of Pollutants'!$B$19 -> 1.7714749e+08 | I5: =I4*'Share of Pollutants'!$B$19 -> 1.7582549e+08 | ... AZ5: =AZ4*'Share of Pollutants'!$B$19 -> 1.5791628e+08
A6: CH4 (t Co2e) | B6: =B4*'Share of Pollutants'!$B$20 -> 85383997 | C6: =C4*'Share of Pollutants'!$B$20 -> 82842806 | D6: =D4*'Share of Pollutants'!$B$20 -> 79363917 | E6: =E4*'Share of Pollutants'!$B$20 -> 78552988 | F6: =F4*'Share of Pollutants'!$B$20 -> 77923365 | G6: =G4*'Share of Pollutants'!$B$20 -> 77333260 | H6: =H4*'Share of Pollutants'!$B$20 -> 76781087 | I6: =I4*'Share of Pollutants'!$B$20 -> 76208094 | ... AZ6: =AZ4*'Share of Pollutants'!$B$20 -> 68445697
A7: N2O(t CO2e) | B7: =B4*'Share of Pollutants'!$B$21 -> 53620089 | C7: =C4*'Share of Pollutants'!$B$21 -> 52024253 | D7: =D4*'Share of Pollutants'!$B$21 -> 49839554 | E7: =E4*'Share of Pollutants'!$B$21 -> 49330300 | F7: =F4*'Share of Pollutants'!$B$21 -> 48934905 | G7: =G4*'Share of Pollutants'!$B$21 -> 48564326 | H7: =H4*'Share of Pollutants'!$B$21 -> 48217568 | I7: =I4*'Share of Pollutants'!$B$21 -> 47857736 | ... AZ7: =AZ4*'Share of Pollutants'!$B$21 -> 42983047
A8: t to g CO2e | B8: 1000000
A11: CO2 (by g CO2e) | B11: =B5*$B$8 -> 196995914501691 | C11: =C5*$B$8 -> 1.9113294e+14 | D11: =D5*$B$8 -> 1.8310653e+14 | E11: =E5*$B$8 -> 1.8123557e+14 | F11: =F5*$B$8 -> 1.7978292e+14 | G11: =G5*$B$8 -> 1.7842145e+14 | H11: =H5*$B$8 -> 1.7714749e+14 | I11: =I5*$B$8 -> 1.7582549e+14 | ... AZ11: =AZ5*$B$8 -> 1.5791628e+14
A12: CH4 (g Co2e) | B12: =B6*$B$8 -> 8.5383997e+13 | C12: =C6*$B$8 -> 8.2842806e+13 | D12: =D6*$B$8 -> 7.9363917e+13 | E12: =E6*$B$8 -> 7.8552988e+13 | F12: =F6*$B$8 -> 7.7923365e+13 | G12: =G6*$B$8 -> 7.733326e+13 | H12: =H6*$B$8 -> 7.6781087e+13 | I12: =I6*$B$8 -> 7.6208094e+13 | ... AZ12: =AZ6*$B$8 -> 6.8445697e+13
A13: N2O(g CO2e) | B13: =B7*$B$8 -> 5.3620089e+13 | C13: =C7*$B$8 -> 5.2024253e+13 | D13: =D7*$B$8 -> 4.9839554e+13 | E13: =E7*$B$8 -> 4.93303e+13 | F13: =F7*$B$8 -> 4.8934905e+13 | G13: =G7*$B$8 -> 4.8564326e+13 | H13: =H7*$B$8 -> 4.8217568e+13 | I13: =I7*$B$8 -> 4.7857736e+13 | ... AZ13: =AZ7*$B$8 -> 4.2983047e+13
A15: CO2 (g pollutant) | B15: =B11/$B$22 -> 196995914501691 | C15: =C11/$B$22 -> 1.9113294e+14 | D15: =D11/$B$22 -> 1.8310653e+14 | E15: =E11/$B$22 -> 1.8123557e+14 | F15: =F11/$B$22 -> 1.7978292e+14 | G15: =G11/$B$22 -> 1.7842145e+14 | H15: =H11/$B$22 -> 1.7714749e+14 | I15: =I11/$B$22 -> 1.7582549e+14 | ... AZ15: =AZ11/$B$22 -> 1.5791628e+14
A16: CH4 (g pollutant) | B16: =B12/$B$23 -> 3.0494284e+12 | C16: =C12/$B$23 -> 2.9586716e+12 | D16: =D12/$B$23 -> 2.8344256e+12 | E16: =E12/$B$23 -> 2.8054638e+12 | F16: =F12/$B$23 -> 2.7829773e+12 | G16: =G12/$B$23 -> 2.7619021e+12 | H16: =H12/$B$23 -> 2.7421817e+12 | I16: =I12/$B$23 -> 2.7217176e+12 | ... AZ16: =AZ12/$B$23 -> 2.4444892e+12
A17: N2O (g pollutant) | B17: =B13/$B$24 -> 2.0233996e+11 | C17: =C13/$B$24 -> 1.9631794e+11 | D17: =D13/$B$24 -> 1.8807379e+11 | E17: =E13/$B$24 -> 1.8615208e+11 | F17: =F13/$B$24 -> 1.8466002e+11 | G17: =G13/$B$24 -> 1.8326161e+11 | H17: =H13/$B$24 -> 1.8195309e+11 | I17: =I13/$B$24 -> 1.8059523e+11 | ... AZ17: =AZ13/$B$24 -> 1.6220018e+11
A21: Global Warming Potential | B21: CO2e
A22: CO2 | B22: 1
A23: CH4 | B23: 28
A24: N2O | B24: 265

Sheet BLAPE
A1: Year | B1: 2020 | C1: 2021 | D1: 2022 | E1: 2023 | F1: 2024 | G1: 2025 | H1: 2026 | I1: 2027 | J1: 2028 | K1: 2029 | L1: 2030 | M1: 2031 | N1: 2032 | O1: 2033 | P1: 2034 | Q1: 2035 | R1: 2036 | S1: 2037 | T1: 2038 | U1: 2039 | V1: 2040 | W1: 2041 | X1: 2042 | Y1: 2043 | Z1: 2044 | AA1: 2045 | AB1: 2046 | AC1: 2047 | AD1: 2048 | AE1: 2049 | AF1: 2050 | AG1: 2051 | AH1: 2052 | AI1: 2053 | AJ1: 2054 | AK1: 2055 | AL1: 2056 | AM1: 2057 | AN1: 2058 | AO1: 2059 | AP1: 2060 | AQ1: 2061 | AR1: 2062 | AS1: 2063 | AT1: 2064 | AU1: 2065 | AV1: 2066 | AW1: 2067 | AX1: 2068 | AY1: 2069 | AZ1: 2070
A2: CO2 (g) | B2: ='Global Watch Data'!B15 -> 196995914501691 | C2: ='Global Watch Data'!C15 -> 1.9113294e+14 | D2: ='Global Watch Data'!D15 -> 1.8310653e+14 | E2: ='Global Watch Data'!E15 -> 1.8123557e+14 | F2: ='Global Watch Data'!F15 -> 1.7978292e+14 | G2: ='Global Watch Data'!G15 -> 1.7842145e+14 | H2: ='Global Watch Data'!H15 -> 1.7714749e+14 | I2: ='Global Watch Data'!I15 -> 1.7582549e+14 | ... AZ2: ='Global Watch Data'!AZ15 -> 1.5791628e+14
A3: VOCs (g) | B3: 0 | C3: 0 | D3: 0 | E3: 0 | F3: 0 | G3: 0 | H3: 0 | I3: 0 | J3: 0 | K3: 0 | L3: 0 | M3: 0 | N3: 0 | O3: 0 | P3: 0 | Q3: 0 | R3: 0 | S3: 0 | T3: 0 | U3: 0 | V3: 0 | W3: 0 | X3: 0 | Y3: 0 | Z3: 0 | AA3: 0 | AB3: 0 | AC3: 0 | AD3: 0 | AE3: 0 | AF3: 0 | AG3: 0 | AH3: 0 | AI3: 0 | AJ3: 0 | AK3: 0 | AL3: 0 | AM3: 0 | AN3: 0 | AO3: 0 | AP3: 0 | AQ3: 0 | AR3: 0 | AS3: 0 | AT3: 0 | AU3: 0 | AV3: 0 | AW3: 0 | AX3: 0 | AY3: 0 | AZ3: 0
A4: CO (g) | B4: 0 | C4: 0 | D4: 0 | E4: 0 | F4: 0 | G4: 0 | H4: 0 | I4: 0 | J4: 0 | K4: 0 | L4: 0 | M4: 0 | N4: 0 | O4: 0 | P4: 0 | Q4: 0 | R4: 0 | S4: 0 | T4: 0 | U4: 0 | V4: 0 | W4: 0 | X4: 0 | Y4: 0 | Z4: 0 | AA4: 0 | AB4: 0 | AC4: 0 | AD4: 0 | AE4: 0 | AF4: 0 | AG4: 0 | AH4: 0 | AI4: 0 | AJ4: 0 | AK4: 0 | AL4: 0 | AM4: 0 | AN4: 0 | AO4: 0 | AP4: 0 | AQ4: 0 | AR4: 0 | AS4: 0 | AT4: 0 | AU4: 0 | AV4: 0 | AW4: 0 | AX4: 0 | AY4: 0 | AZ4: 0
A5: NOx (g) | B5: 0 | C5: 0 | D5: 0 | E5: 0 | F5: 0 | G5: 0 | H5: 0 | I5: 0 | J5: 0 | K5: 0 | L5: 0 | M5: 0 | N5: 0 | O5: 0 | P5: 0 | Q5: 0 | R5: 0 | S5: 0 | T5: 0 | U5: 0 | V5: 0 | W5: 0 | X5: 0 | Y5: 0 | Z5: 0 | AA5: 0 | AB5: 0 | AC5: 0 | AD5: 0 | AE5: 0 | AF5: 0 | AG5: 0 | AH5: 0 | AI5: 0 | AJ5: 0 | AK5: 0 | AL5: 0 | AM5: 0 | AN5: 0 | AO5: 0 | AP5: 0 | AQ5: 0 | AR5: 0 | AS5: 0 | AT5: 0 | AU5: 0 | AV5: 0 | AW5: 0 | AX5: 0 | AY5: 0 | AZ5: 0
A6: PM10 (g) | B6: 0 | C6: 0 | D6: 0 | E6: 0 | F6: 0 | G6: 0 | H6: 0 | I6: 0 | J6: 0 | K6: 0 | L6: 0 | M6: 0 | N6: 0 | O6: 0 | P6: 0 | Q6: 0 | R6: 0 | S6: 0 | T6: 0 | U6: 0 | V6: 0 | W6: 0 | X6: 0 | Y6: 0 | Z6: 0 | AA6: 0 | AB6: 0 | AC6: 0 | AD6: 0 | AE6: 0 | AF6: 0 | AG6: 0 | AH6: 0 | AI6: 0 | AJ6: 0 | AK6: 0 | AL6: 0 | AM6: 0 | AN6: 0 | AO6: 0 | AP6: 0 | AQ6: 0 | AR6: 0 | AS6: 0 | AT6: 0 | AU6: 0 | AV6: 0 | AW6: 0 | AX6: 0 | AY6: 0 | AZ6: 0
A7: PM25 (g) | B7: 0 | C7: 0 | D7: 0 | E7: 0 | F7: 0 | G7: 0 | H7: 0 | I7: 0 | J7: 0 | K7: 0 | L7: 0 | M7: 0 | N7: 0 | O7: 0 | P7: 0 | Q7: 0 | R7: 0 | S7: 0 | T7: 0 | U7: 0 | V7: 0 | W7: 0 | X7: 0 | Y7: 0 | Z7: 0 | AA7: 0 | AB7: 0 | AC7: 0 | AD7: 0 | AE7: 0 | AF7: 0 | AG7: 0 | AH7: 0 | AI7: 0 | AJ7: 0 | AK7: 0 | AL7: 0 | AM7: 0 | AN7: 0 | AO7: 0 | AP7: 0 | AQ7: 0 | AR7: 0 | AS7: 0 | AT7: 0 | AU7: 0 | AV7: 0 | AW7: 0 | AX7: 0 | AY7: 0 | AZ7: 0
A8: SOx (g) | B8: 0 | C8: 0 | D8: 0 | E8: 0 | F8: 0 | G8: 0 | H8: 0 | I8: 0 | J8: 0 | K8: 0 | L8: 0 | M8: 0 | N8: 0 | O8: 0 | P8: 0 | Q8: 0 | R8: 0 | S8: 0 | T8: 0 | U8: 0 | V8: 0 | W8: 0 | X8: 0 | Y8: 0 | Z8: 0 | AA8: 0 | AB8: 0 | AC8: 0 | AD8: 0 | AE8: 0 | AF8: 0 | AG8: 0 | AH8: 0 | AI8: 0 | AJ8: 0 | AK8: 0 | AL8: 0 | AM8: 0 | AN8: 0 | AO8: 0 | AP8: 0 | AQ8: 0 | AR8: 0 | AS8: 0 | AT8: 0 | AU8: 0 | AV8: 0 | AW8: 0 | AX8: 0 | AY8: 0 | AZ8: 0
A9: BC (g) | B9: 0 | C9: 0 | D9: 0 | E9: 0 | F9: 0 | G9: 0 | H9: 0 | I9: 0 | J9: 0 | K9: 0 | L9: 0 | M9: 0 | N9: 0 | O9: 0 | P9: 0 | Q9: 0 | R9: 0 | S9: 0 | T9: 0 | U9: 0 | V9: 0 | W9: 0 | X9: 0 | Y9: 0 | Z9: 0 | AA9: 0 | AB9: 0 | AC9: 0 | AD9: 0 | AE9: 0 | AF9: 0 | AG9: 0 | AH9: 0 | AI9: 0 | AJ9: 0 | AK9: 0 | AL9: 0 | AM9: 0 | AN9: 0 | AO9: 0 | AP9: 0 | AQ9: 0 | AR9: 0 | AS9: 0 | AT9: 0 | AU9: 0 | AV9: 0 | AW9: 0 | AX9: 0 | AY9: 0 | AZ9: 0
A10: OC (g) | B10: 0 | C10: 0 | D10: 0 | E10: 0 | F10: 0 | G10: 0 | H10: 0 | I10: 0 | J10: 0 | K10: 0 | L10: 0 | M10: 0 | N10: 0 | O10: 0 | P10: 0 | Q10: 0 | R10: 0 | S10: 0 | T10: 0 | U10: 0 | V10: 0 | W10: 0 | X10: 0 | Y10: 0 | Z10: 0 | AA10: 0 | AB10: 0 | AC10: 0 | AD10: 0 | AE10: 0 | AF10: 0 | AG10: 0 | AH10: 0 | AI10: 0 | AJ10: 0 | AK10: 0 | AL10: 0 | AM10: 0 | AN10: 0 | AO10: 0 | AP10: 0 | AQ10: 0 | AR10: 0 | AS10: 0 | AT10: 0 | AU10: 0 | AV10: 0 | AW10: 0 | AX10: 0 | AY10: 0 | AZ10: 0
A11: CH4 (g) | B11: ='Global Watch Data'!B16 -> 3.0494284e+12 | C11: ='Global Watch Data'!C16 -> 2.9586716e+12 | D11: ='Global Watch Data'!D16 -> 2.8344256e+12 | E11: ='Global Watch Data'!E16 -> 2.8054638e+12 | F11: ='Global Watch Data'!F16 -> 2.7829773e+12 | G11: ='Global Watch Data'!G16 -> 2.7619021e+12 | H11: ='Global Watch Data'!H16 -> 2.7421817e+12 | I11: ='Global Watch Data'!I16 -> 2.7217176e+12 | ... AZ11: ='Global Watch Data'!AZ16 -> 2.4444892e+12
A12: N2O (g) | B12: ='Global Watch Data'!B17 -> 2.0233996e+11 | C12: ='Global Watch Data'!C17 -> 1.9631794e+11 | D12: ='Global Watch Data'!D17 -> 1.8807379e+11 | E12: ='Global Watch Data'!E17 -> 1.8615208e+11 | F12: ='Global Watch Data'!F17 -> 1.8466002e+11 | G12: ='Global Watch Data'!G17 -> 1.8326161e+11 | H12: ='Global Watch Data'!H17 -> 1.8195309e+11 | I12: ='Global Watch Data'!I17 -> 1.8059523e+11 | ... AZ12: ='Global Watch Data'!AZ17 -> 1.6220018e+11
A13: F gases (g CO2e) | B13: 0 | C13: =B13 -> 0 | D13: =C13 -> 0 | E13: =D13 -> 0 | F13: =E13 -> 0 | G13: =F13 -> 0 | H13: =G13 -> 0 | I13: =H13 -> 0 | J13: =I13 -> 0 | ... AZ13: =AY13 -> 0
