Workbook

Sheet About
A1: MPCbS Max Potential Capacity by Source
A3: Source: | B3: Solar, Wind, Biomass, Hydropower
B4: Institute for Essential Services Reform
B5: Beyond 443 GW: Indonesia’s infinite renewable energy potentials
B6: 2021
B7: https://iesr.or.id/wp-content/uploads/2021/10/IESR-Beyond-443-GW-Indonesias-Infinite-Renewable-Energy-Potentials.pdf
B9: Tito Wijayanto , Dzikri Firmansyah Hakam * , Prodia Nur Kemala
B10: Vision for Indonesia’s 2050 power generation: Scenarios of hydrogen integration, nuclear energy prospects, and coal phase-out impact
B11: 2025
B12: https://doi.org/10.1016/j.sftr.2025.100438
B15: Nugroho Agung Pambud et al.
B16: The Future of Wind Power Plants in Indonesia: Potential, Challenges, and Policies
B17: 2024
B18: https://doi.org/10.3390/su17031312
B21: ANTARA 2024
B22: Looking forward to Indonesia's solar future
B23: 2024
B24: https://en.antaranews.com/news/323823/looking-forward-to-indonesias-solar-future#:~:text=The%20country's%20solar%20potential%20alone%20stands%20at,GW%2C%2024%20GW%2C%20and%2020%20GW%20respectively.&text=While%20the%20potential%20for%20solar%20energy%20is,GW%2C%20its%20realization%20reached%20just%20573%20MW.
B27: IESR
B28: Beyond 207 Gigawatts: Unleashing Indonesia’s Solar Potential
B29: 2021
B30: https://iesr.or.id/en/pustaka/beyond-207-gigawatts-unleashing-indonesias-solar-potential/#:~:text=A%20geospatial%20assessment%20of%20Indonesia's,land%2Duse%20exclusions%20scenarios).
A35: Notes:
A36: These maximums reflect the available resource potential for hydro, wind, solar, and biomass power.
A37: Maximums for coal, natural gas, and nuclear are not imposed, as these power types are unlikely to
A38: be geographically resource-constrained. (An arbitrarily high number is chosen here, to ensure
A39: this limit doesn't come into play for these three electricity sources.)

Sheet Data
G1: US MPCCS
A2: Electricity Source (model subscript) | B2: Potential Capacity (MW) | G2: Electricity Source | H2: Max Potential Capacity (MW)
A3: hydro | B3: =6.3*1000 -> 6300 | G3: hard coal | H3: 9000000000000
A4: onshore wind | B4: =25*1000 -> 25000 | G4: natural gas nonpeaker | H4: 9000000000000
A5: solar PV | B5: =6473.3*1000 -> 6473300 | G5: nuclear | H5: 9000000000000
A6: solar thermal | B6: N/a | G6: hydro | H6: 187600
A7: biomass | B7: =30.73*1000 -> 30730 | G7: onshore wind | H7: 11000000
A8: geothermal | B8: N/a | G8: solar PV | H8: 154864000
A9: offshore wind | B9: N/a | G9: solar thermal | H9: 38000000
G10: biomass | H10: 62000
A11: Maximums for coal, natural gas, and nuclear are not imposed, | G11: geothermal | H11: 4000000
A12: as these power types are unlikely to be | G12: petroleum | H12: 153000
A13: geographically resource-constrained. | G13: natural gas peaker | H13: 9000000000000
A14: (An arbitrarily high limit number is used on the next tab.) | G14: lignite | H14: 9000000000000
G15: offshore wind | H15: 4200000
G16: crude oil | H16: 9000000000000
A17: Electricity Source | B17: Max Potential Capacity (MW) | G17: heavy or residual fuel oil | H17: 9000000000000
A18: hard coal | B18: =H3 -> 9000000000000 | G18: municipal solid waste | H18: 8031
A19: natural gas nonpeaker | B19: =H4 -> 9000000000000
A20: nuclear | B20: =H5 -> 9000000000000
A21: hydro | B21: =75091+19385 -> 94476
A22: onshore wind | B22: 60647
A23: solar PV | B23: 207896
A24: solar thermal | B24: =H9 -> 38000000
A25: biomass | B25: 32654
A26: geothermal | B26: 29544
A27: petroleum | B27: =H12 -> 153000
A28: natural gas peaker | B28: =H13 -> 9000000000000
A29: lignite | B29: =H14 -> 9000000000000
A30: offshore wind | B30: =H15 -> 4200000
A31: crude oil | B31: =H16 -> 9000000000000
A32: heavy or residual fuel oil | B32: =H17 -> 9000000000000
A33: municipal solid waste | B33: =H18 -> 8031

Sheet Data-Renewables
A1: Type | B1: Maximum Potential Capacity (GW) | C1: Maximum Potential Capacity (MW)
A2: hydro | B2: 95 | C2: =B2*$B$11 -> 95000
A3: onshore wind | B3: 60.6 | C3: =B3*$B$11 -> 60600
A4: solar PV | B4: 19835 | C4: =B4*$B$11 -> 19835000
A5: solar thermal | B5: =B4 -> 19835 | C5: =B5*$B$11 -> 19835000
A6: biomass | B6: 32.6 | C6: =B6*$B$11 -> 32600
A7: geothermal | B7: 28.5 | C7: =B7*$B$11 -> 28500
A8: offshore wind | B8: 94.2 | C8: =B8*$B$11 -> 94200
A9: municipal solid waste | B9: 32.6 | C9: =B9*$B$11 -> 32600
A11: GW to MW | B11: 1000

Sheet Indonesia Data
B1: MPCS
A2: Biomass (mtoe) | B2: 38
A3: 1 mtoe to MWh | B3: 11630000
A4: over a year | B4: =8760 -> 8760
A5: 1 MWh to MW | B5: =B3/B4 -> 1327.6256
A6: Biomass (MW) | B6: =B2*B5 -> 50449.772
A7: https://www.eria.org/uploads/media/Research-Project-Report/2022-01-Biomass-Demand-Potential-Indonesia/Forecast-of-Biomass-Demand-Potential-in-Indonesia.pdf
A10: Wind (MW) (total) | B10: 154600
A11: https://www.reccessary.com/en/news/Indonesia-wind-power-capacity-target#:~:text=Dewi%20noted%20that%20Indonesia%20has,%2C%20accounting%20for%20about%2040%25.
A12: https://www.mdpi.com/2071-1050/17/3/1312
A13: https://www.energytransitionpartnership.org/wp-content/uploads/2024/09/20240919-Roadmap-Onshore-Wind-Energy-v5.0-EN.pdf
A15: Onshore wind (MW) | B15: 60400
A16: Offshore wind (MW) | B16: 94200
A17: https://www.reccessary.com/en/news/Indonesia-wind-power-capacity-target
A20: Geothermal (MW)

Sheet MPCbS
A1: Electricity Source | B1: Max Potential Capacity (MW)
A2: hard coal | B2: =Data!B18 -> 9000000000000
A3: natural gas nonpeaker | B3: =Data!B19 -> 9000000000000
A4: nuclear | B4: =Data!B20 -> 9000000000000
A5: hydro | B5: ='Data-Renewables'!C2 -> 95000
A6: onshore wind | B6: ='Data-Renewables'!C3 -> 60600
A7: solar PV | B7: ='Data-Renewables'!C4 -> 19835000
A8: solar thermal | B8: ='Data-Renewables'!C5 -> 19835000
A9: biomass | B9: ='Indonesia Data'!B6 -> 50449.772
A10: geothermal | B10: ='Data-Renewables'!C7 -> 28500
A11: petroleum | B11: =Data!B27 -> 153000
A12: natural gas peaker | B12: =Data!B28 -> 9000000000000
A13: lignite | B13: =Data!B29 -> 9000000000000
A14: offshore wind | B14: ='Data-Renewables'!C8 -> 94200
A15: crude oil | B15: =B11 -> 153000
A16: heavy or residual fuel oil | B16: =B11 -> 153000
A17: municipal solid waste | B17: ='Data-Renewables'!C9 -> 32600
