Workbook

Sheet About
A1: BTC BAU Transmission Capacity
A3: Source: | B3: Perusahaan Listrik Negara (PLN)
B4: 2021
B5: Rencana Usaha Penyediaan Tenaga Listrik (RUPTL) 2021-2030
B6: https://web.pln.co.id/statics/uploads/2021/10/ruptl-2021-2030.pdf
B7: Page IV-26, Table 4.25
B8: Page V-128, Table 5.107
A12: Note:

Sheet Data
B2: Indonesia's Transmission Line (kms)
B3: kV | C3: 2011 | D3: 2012 | E3: 2013 | F3: 2014 | G3: 2015 | H3: 2016 | I3: 2017 | J3: 2018 | K3: 2019 | L3: 2020
B4: 500 | C4: 5025 | D4: 5052 | E4: 5053 | F4: 5052 | G4: 5053 | H4: 5056 | I4: 5074 | J4: 5218 | K4: 5250 | L4: 5250
B5: 275 | C5: 1028 | D5: 1420 | E5: 1766 | F5: 1766 | G5: 2085 | H5: 1856 | I5: 2889 | J5: 3312 | K5: 3648 | L5: 3648
B6: 150 | C6: 26013 | D6: 27623 | E6: 28694 | F6: 29631 | G6: 30675 | H6: 32423 | I6: 35802 | J6: 39304 | K6: 44564 | L6: 46680
B7: 70 | C7: 4457 | D7: 4228 | E7: 4125 | F7: 4114 | G7: 4279 | H7: 4669 | I7: 5035 | J7: 5342 | K7: 5397 | L7: 5656
B9: Indonesia's Transmission Line Construction Plan 2021-2030 (kms)
B10: kV | C10: 2021 | D10: 2022 | E10: 2023 | F10: 2024 | G10: 2025 | H10: 2026 | I10: 2027 | J10: 2028 | K10: 2029 | L10: 2030
B11: 500 | C11: 2211 | D11: 552 | E11: 440 | F11: 28 | G11: 1537 | H11: 201 | I11: 321 | J11: 1268 | K11: 207 | L11: 720
B12: 275 | L12: 300
B13: 150 | C13: 4520 | D13: 6249 | E13: 7114 | F13: 4152 | G13: 3708 | H13: 1426 | I13: 2102 | J13: 2433 | K13: 1858 | L13: 950
B14: 70 | C14: 284 | D14: 253 | G14: 132 | H14: 241 | I14: 10 | K14: 52 | L14: 70
B16: Indonesia's Transmission Capacity (kV*km)
C17: 2011 | D17: 2012 | E17: 2013 | F17: 2014 | G17: 2015 | H17: 2016 | I17: 2017 | J17: 2018 | K17: 2019 | L17: 2020 | M17: 2021 | N17: 2022 | O17: 2023 | P17: 2024 | Q17: 2025 | R17: 2026 | S17: 2027 | T17: 2028 | U17: 2029 | V17: 2030 | W17: 2031 | X17: 2032 | Y17: 2033 | Z17: 2034 | AA17: 2035 | AB17: 2036 | AC17: 2037 | AD17: 2038 | AE17: 2039 | AF17: 2040 | AG17: 2041 | AH17: 2042 | AI17: 2043 | AJ17: 2044 | AK17: 2045 | AL17: 2046 | AM17: 2047 | AN17: 2048 | AO17: 2049 | AP17: 2050
B18: TC | C18: =C4*$B$4+C5*$B$5+C6*$B$6+C7*$B$7 -> 7009140 | D18: =D4*$B$4+D5*$B$5+D6*$B$6+D7*$B$7 -> 7355910 | E18: =E4*$B$4+E5*$B$5+E6*$B$6+E7*$B$7 -> 7605000 | F18: =F4*$B$4+F5*$B$5+F6*$B$6+F7*$B$7 -> 7744280 | G18: =G4*$B$4+G5*$B$5+G6*$B$6+G7*$B$7 -> 8000655 | H18: =H4*$B$4+H5*$B$5+H6*$B$6+H7*$B$7 -> 8228680 | I18: =I4*$B$4+I5*$B$5+I6*$B$6+I7*$B$7 -> 9054225 | J18: =J4*$B$4+J5*$B$5+J6*$B$6+J7*$B$7 -> 9789340 | ... L18: =L4*$B$4+L5*$B$5+L6*$B$6+L7*$B$7 -> 11026120 | M18: =C11*$B$11+C12*$B$12+C13*$B$13+C14*$B$14+L18 -> 12829500 | N18: =D11*$B$11+D12*$B$12+D13*$B$13+D14*$B$14+M18 -> 14060560 | O18: =E11*$B$11+E12*$B$12+E13*$B$13+E14*$B$14+N18 -> 15347660 | P18: =F11*$B$11+F12*$B$12+F13*$B$13+F14*$B$14+O18 -> 15984460 | Q18: =G11*$B$11+G12*$B$12+G13*$B$13+G14*$B$14+P18 -> 17318400 | R18: =H11*$B$11+H12*$B$12+H13*$B$13+H14*$B$14+Q18 -> 17649670 | S18: =I11*$B$11+I12*$B$12+I13*$B$13+I14*$B$14+R18 -> 18126170 | T18: =J11*$B$11+J12*$B$12+J13*$B$13+J14*$B$14+S18 -> 19125120 | ... V18: =L11*$B$11+L12*$B$12+L13*$B$13+L14*$B$14+U18 -> 20100860 | W18: =TREND($C$18:$V$18,$C$17:$V$17,W17) -> 21032929 | X18: =TREND($C$18:$V$18,$C$17:$V$17,X17) -> 21814363 | Y18: =TREND($C$18:$V$18,$C$17:$V$17,Y17) -> 22595798 | Z18: =TREND($C$18:$V$18,$C$17:$V$17,Z17) -> 23377233 | AA18: =TREND($C$18:$V$18,$C$17:$V$17,AA17) -> 24158667 | AB18: =TREND($C$18:$V$18,$C$17:$V$17,AB17) -> 24940102 | AC18: =TREND($C$18:$V$18,$C$17:$V$17,AC17) -> 25721537 | AD18: =TREND($C$18:$V$18,$C$17:$V$17,AD17) -> 26502971 | ... AP18: =TREND($C$18:$V$18,$C$17:$V$17,AP17) -> 35880187

Sheet Cal 
A1: BAU Transmission Capacity | B1: 2019 | C1: 2020 | D1: 2021 | E1: 2022 | F1: 2023 | G1: 2024 | H1: 2025 | I1: 2026 | J1: 2027 | K1: 2028 | L1: 2029 | M1: 2030 | N1: 2031 | O1: 2032 | P1: 2033 | Q1: 2034 | R1: 2035 | S1: 2036 | T1: 2037 | U1: 2038 | V1: 2039 | W1: 2040 | X1: 2041 | Y1: 2042 | Z1: 2043 | AA1: 2044 | AB1: 2045 | AC1: 2046 | AD1: 2047 | AE1: 2048 | AF1: 2049 | AG1: 2050 | AH1: 2051 | AI1: 2052 | AJ1: 2053 | AK1: 2054 | AL1: 2055 | AM1: 2056 | AN1: 2057 | AO1: 2058 | AP1: 2059 | AQ1: 2060 | AR1: 2061 | AS1: 2062 | AT1: 2063 | AU1: 2064 | AV1: 2065 | AW1: 2066 | AX1: 2067 | AY1: 2068 | AZ1: 2069 | BA1: 2070
A2: BAU Transmission Capacity (kV*km) | B2: =Data!K18 -> 10690590 | C2: =Data!L18 -> 11026120 | D2: =Data!M18 -> 12829500 | E2: =Data!N18 -> 14060560 | F2: =Data!O18 -> 15347660 | G2: =Data!P18 -> 15984460 | H2: =Data!Q18 -> 17318400 | I2: =Data!R18 -> 17649670 | ... AG2: =Data!AP18 -> 35880187 | AH2: =_xlfn.FORECAST.LINEAR(AH1,$B$2:$AG$2,$B$1:$AG$1) -> 36739840 | AI2: =_xlfn.FORECAST.LINEAR(AI1,$B$2:$AG$2,$B$1:$AG$1) -> 37525396 | AJ2: =_xlfn.FORECAST.LINEAR(AJ1,$B$2:$AG$2,$B$1:$AG$1) -> 38310953 | AK2: =_xlfn.FORECAST.LINEAR(AK1,$B$2:$AG$2,$B$1:$AG$1) -> 39096509 | AL2: =_xlfn.FORECAST.LINEAR(AL1,$B$2:$AG$2,$B$1:$AG$1) -> 39882065 | AM2: =_xlfn.FORECAST.LINEAR(AM1,$B$2:$AG$2,$B$1:$AG$1) -> 40667621 | AN2: =_xlfn.FORECAST.LINEAR(AN1,$B$2:$AG$2,$B$1:$AG$1) -> 41453177 | AO2: =_xlfn.FORECAST.LINEAR(AO1,$B$2:$AG$2,$B$1:$AG$1) -> 42238733 | ... BA2: =_xlfn.FORECAST.LINEAR(BA1,$B$2:$AG$2,$B$1:$AG$1) -> 51665407
A3: 1 kV in V | B3: 1000 | C3: 1000 | D3: 1000 | E3: 1000 | F3: 1000 | G3: 1000 | H3: 1000 | I3: 1000 | J3: 1000 | K3: 1000 | L3: 1000 | M3: 1000 | N3: 1000 | O3: 1000 | P3: 1000 | Q3: 1000 | R3: 1000 | S3: 1000 | T3: 1000 | U3: 1000 | V3: 1000 | W3: 1000 | X3: 1000 | Y3: 1000 | Z3: 1000 | AA3: 1000 | AB3: 1000 | AC3: 1000 | AD3: 1000 | AE3: 1000 | AF3: 1000 | AG3: 1000 | AH3: =AG3 -> 1000 | AI3: =AH3 -> 1000 | AJ3: =AI3 -> 1000 | AK3: =AJ3 -> 1000 | AL3: =AK3 -> 1000 | AM3: =AL3 -> 1000 | AN3: =AM3 -> 1000 | AO3: =AN3 -> 1000 | ... BA3: =AZ3 -> 1000
A4: BAU Transmission Capacity (V*km) | B4: =B2*B3 -> 10690590000 | C4: =C2*C3 -> 11026120000 | D4: =D2*D3 -> 12829500000 | E4: =E2*E3 -> 14060560000 | F4: =F2*F3 -> 15347660000 | G4: =G2*G3 -> 15984460000 | H4: =H2*H3 -> 17318400000 | I4: =I2*I3 -> 17649670000 | ... BA4: =BA2*BA3 -> 5.1665407e+10
A5: Amps approximation | B5: 0.99 | C5: 0.99 | D5: 0.99 | E5: 0.99 | F5: 0.99 | G5: 0.99 | H5: 0.99 | I5: 0.99 | J5: 0.99 | K5: 0.99 | L5: 0.99 | M5: 0.99 | N5: 0.99 | O5: 0.99 | P5: 0.99 | Q5: 0.99 | R5: 0.99 | S5: 0.99 | T5: 0.99 | U5: 0.99 | V5: 0.99 | W5: 0.99 | X5: 0.99 | Y5: 0.99 | Z5: 0.99 | AA5: 0.99 | AB5: 0.99 | AC5: 0.99 | AD5: 0.99 | AE5: 0.99 | AF5: 0.99 | AG5: 0.99 | AH5: =AG5 -> 0.99 | AI5: =AH5 -> 0.99 | AJ5: =AI5 -> 0.99 | AK5: =AJ5 -> 0.99 | AL5: =AK5 -> 0.99 | AM5: =AL5 -> 0.99 | AN5: =AM5 -> 0.99 | AO5: =AN5 -> 0.99 | ... BA5: =AZ5 -> 0.99
A6: BAU Transmission Capacity (W*km) | B6: =B4*B5 -> 10583684100 | C6: =C4*C5 -> 10915858800 | D6: =D4*D5 -> 12701205000 | E6: =E4*E5 -> 13919954400 | F6: =F4*F5 -> 15194183400 | G6: =G4*G5 -> 15824615400 | H6: =H4*H5 -> 17145216000 | I6: =I4*I5 -> 17473173300 | ... BA6: =BA4*BA5 -> 5.1148753e+10
A7: 1 W in MW | B7: 1e-06 | C7: 1e-06 | D7: 1e-06 | E7: 1e-06 | F7: 1e-06 | G7: 1e-06 | H7: 1e-06 | I7: 1e-06 | J7: 1e-06 | K7: 1e-06 | L7: 1e-06 | M7: 1e-06 | N7: 1e-06 | O7: 1e-06 | P7: 1e-06 | Q7: 1e-06 | R7: 1e-06 | S7: 1e-06 | T7: 1e-06 | U7: 1e-06 | V7: 1e-06 | W7: 1e-06 | X7: 1e-06 | Y7: 1e-06 | Z7: 1e-06 | AA7: 1e-06 | AB7: 1e-06 | AC7: 1e-06 | AD7: 1e-06 | AE7: 1e-06 | AF7: 1e-06 | AG7: 1e-06 | AH7: =AG7 -> 1e-06 | AI7: =AH7 -> 1e-06 | AJ7: =AI7 -> 1e-06 | AK7: =AJ7 -> 1e-06 | AL7: =AK7 -> 1e-06 | AM7: =AL7 -> 1e-06 | AN7: =AM7 -> 1e-06 | AO7: =AN7 -> 1e-06 | ... BA7: =AZ7 -> 1e-06
A8: BAU Transmission Capacity (MW*km) | B8: =B6*B7 -> 10583.684 | C8: =C6*C7 -> 10915.859 | D8: =D6*D7 -> 12701.205 | E8: =E6*E7 -> 13919.954 | F8: =F6*F7 -> 15194.183 | G8: =G6*G7 -> 15824.615 | H8: =H6*H7 -> 17145.216 | I8: =I6*I7 -> 17473.173 | ... BA8: =BA6*BA7 -> 51148.753
A9: 1 km in miles | B9: 0.62 | C9: 0.62 | D9: 0.62 | E9: 0.62 | F9: 0.62 | G9: 0.62 | H9: 0.62 | I9: 0.62 | J9: 0.62 | K9: 0.62 | L9: 0.62 | M9: 0.62 | N9: 0.62 | O9: 0.62 | P9: 0.62 | Q9: 0.62 | R9: 0.62 | S9: 0.62 | T9: 0.62 | U9: 0.62 | V9: 0.62 | W9: 0.62 | X9: 0.62 | Y9: 0.62 | Z9: 0.62 | AA9: 0.62 | AB9: 0.62 | AC9: 0.62 | AD9: 0.62 | AE9: 0.62 | AF9: 0.62 | AG9: 0.62 | AH9: =AG9 -> 0.62 | AI9: =AH9 -> 0.62 | AJ9: =AI9 -> 0.62 | AK9: =AJ9 -> 0.62 | AL9: =AK9 -> 0.62 | AM9: =AL9 -> 0.62 | AN9: =AM9 -> 0.62 | AO9: =AN9 -> 0.62 | ... BA9: =AZ9 -> 0.62
A10: BAU Transmission Capacity (MW*miles) | B10: =B8*B9 -> 6561.8841 | C10: =C8*C9 -> 6767.8325 | D10: =D8*D9 -> 7874.7471 | E10: =E8*E9 -> 8630.3717 | F10: =F8*F9 -> 9420.3937 | G10: =G8*G9 -> 9811.2615 | H10: =H8*H9 -> 10630.034 | I10: =I8*I9 -> 10833.367 | ... BA10: =BA8*BA9 -> 31712.227

Sheet BTC
B1: 2019 | C1: 2020 | D1: 2021 | E1: 2022 | F1: 2023 | G1: 2024 | H1: 2025 | I1: 2026 | J1: 2027 | K1: 2028 | L1: 2029 | M1: 2030 | N1: 2031 | O1: 2032 | P1: 2033 | Q1: 2034 | R1: 2035 | S1: 2036 | T1: 2037 | U1: 2038 | V1: 2039 | W1: 2040 | X1: 2041 | Y1: 2042 | Z1: 2043 | AA1: 2044 | AB1: 2045 | AC1: 2046 | AD1: 2047 | AE1: 2048 | AF1: 2049 | AG1: 2050 | AH1: 2051 | AI1: 2052 | AJ1: 2053 | AK1: 2054 | AL1: 2055 | AM1: 2056 | AN1: 2057 | AO1: 2058 | AP1: 2059 | AQ1: 2060 | AR1: 2061 | AS1: 2062 | AT1: 2063 | AU1: 2064 | AV1: 2065 | AW1: 2066 | AX1: 2067 | AY1: 2068 | AZ1: 2069 | BA1: 2070
A2: BAU Transmission Capacity (MW-miles) | B2: ='Cal '!B10 -> 6561.8841 | C2: ='Cal '!C10 -> 6767.8325 | D2: ='Cal '!D10 -> 7874.7471 | E2: ='Cal '!E10 -> 8630.3717 | F2: ='Cal '!F10 -> 9420.3937 | G2: ='Cal '!G10 -> 9811.2615 | H2: ='Cal '!H10 -> 10630.034 | I2: ='Cal '!I10 -> 10833.367 | ... BA2: ='Cal '!BA10 -> 31712.227
