Workbook
Name ec_50: 'EV Sigmoid Fitting'!$B$4
Name max: 'EV Sigmoid Fitting'!$B$3
Name min: 'EV Sigmoid Fitting'!$B$2

Sheet About
A1: BGBSC BAU Global Battery Storage Capacity
A3: Sources: | B3: Grid batteries and EV batteries through 2030
B4: Bloomberg
B5: 2020
B6: New Energy Outlook 2020
B7: https://about.bnef.com/new-energy-outlook/
B8: Executive Summary
B9: Figure 3
B11: EV sales
B12: Bloomberg
B13: 2020
B14: Electric Vehicle Outlook 2020
B15: https://about.bnef.com/electric-vehicle-outlook/
B16: Executive Summary
B17: Figure 3
B19: Sigmoid fitting in Excel
B20: https://www.protocols.io/view/sigmoid-fitting-in-excel-excel-solver-add-in-78ihrue?step=1
B21: Procedure recreated in this file, see EV Sigmoid Fitting tab

Sheet Grid Battery Storage
A1: *Online piexel ruler used to read BENF figure.
A2: Pixels per 500 GWh | B2: 42
B4: 2020 | C4: 2025 | D4: 2030 | E4: 2035 | F4: 2040 | G4: 2045 | H4: 2050
A5: Number of pixels | B5: 2 | C5: 13 | D5: 48 | E5: 96 | F5: 170 | G5: 270 | H5: 365
A6: MWh storage | B6: =B5/$B$2*500*1000 -> 23809.524 | C6: =C5/$B$2*500*1000 -> 154761.9 | D6: =D5/$B$2*500*1000 -> 571428.57 | E6: =E5/$B$2*500*1000 -> 1142857.1 | F6: =F5/$B$2*500*1000 -> 2023809.5 | G6: =G5/$B$2*500*1000 -> 3214285.7 | H6: =H5/$B$2*500*1000 -> 4345238.1
A8: Interpolated | B8: 2019 | C8: 2020 | D8: 2021 | E8: 2022 | F8: 2023 | G8: 2024 | H8: 2025 | I8: 2026 | J8: 2027 | K8: 2028 | L8: 2029 | M8: 2030 | N8: 2031 | O8: 2032 | P8: 2033 | Q8: 2034 | R8: 2035 | S8: 2036 | T8: 2037 | U8: 2038 | V8: 2039 | W8: 2040 | X8: 2041 | Y8: 2042 | Z8: 2043 | AA8: 2044 | AB8: 2045 | AC8: 2046 | AD8: 2047 | AE8: 2048 | AF8: 2049 | AG8: 2050

Sheet EV Batteries
A8: BNEF Data
A9: BNEF - Long-Term Electric Vehicle Outlook 2017 | D9: 2019 | E9: 2020 | F9: 2021 | G9: 2022 | H9: 2023 | I9: 2024 | J9: 2025 | K9: 2026 | L9: 2027 | M9: 2028 | N9: 2029 | O9: 2030 | P9: 2031 | Q9: 2032 | R9: 2033 | S9: 2034 | T9: 2035 | U9: 2036 | V9: 2037 | W9: 2038 | X9: 2039 | Y9: 2040 | Z9: 2041 | AA9: 2042 | AB9: 2043 | AC9: 2044 | AD9: 2045 | AE9: 2046 | AF9: 2047 | AG9: 2048 | AH9: 2049 | AI9: 2050
A10: Global EV Li-Ion Battery Demand (GWh) | D10: 230 | E10: =$D$10+($O$10-$D$10)*(E11/$O$11) -> 351.47059 | F10: =$D$10+($O$10-$D$10)*(F11/$O$11) -> 403.52941 | G10: =$D$10+($O$10-$D$10)*(G11/$O$11) -> 498.97059 | H10: =$D$10+($O$10-$D$10)*(H11/$O$11) -> 603.08824 | I10: =$D$10+($O$10-$D$10)*(I11/$O$11) -> 715.88235 | J10: =$D$10+($O$10-$D$10)*(J11/$O$11) -> 820 | K10: =$D$10+($O$10-$D$10)*(K11/$O$11) -> 950.14706 | L10: =$D$10+($O$10-$D$10)*(L11/$O$11) -> 1175.7353 | ... N10: =$D$10+($O$10-$D$10)*(N11/$O$11) -> 1687.6471 | O10: =2000 -> 2000
A11: New EV Sales (Number of Vehicles) | D11: =G18/$G$20*10000000 -> 2375000 | E11: =H18/$G$20*10000000 -> 1750000 | F11: =I18/$G$20*10000000 -> 2500000 | G11: =J18/$G$20*10000000 -> 3875000 | H11: =K18/$G$20*10000000 -> 5375000 | I11: =L18/$G$20*10000000 -> 7000000 | J11: =M18/$G$20*10000000 -> 8500000 | K11: =N18/$G$20*10000000 -> 10375000 | ... Y11: =AB18/$G$20*10000000 -> 54125000
A12: New EV Sales, Extrapolated (Number of Vehicles)
G17: 2019 | H17: 2020 | I17: 2021 | J17: 2022 | K17: 2023 | L17: 2024 | M17: 2025 | N17: 2026 | O17: 2027 | P17: 2028 | Q17: 2029 | R17: 2030 | S17: 2031 | T17: 2032 | U17: 2033 | V17: 2034 | W17: 2035 | X17: 2036 | Y17: 2037 | Z17: 2038 | AA17: 2039 | AB17: 2040
F18: Number of pixels | G18: 19 | H18: 14 | I18: 20 | J18: 31 | K18: 43 | L18: 56 | M18: 68 | N18: 83 | O18: 109 | P18: 137 | Q18: 168 | R18: 204 | S18: 234 | T18: 267 | U18: 293 | V18: 318 | W18: 341 | X18: 362 | Y18: 379 | Z18: 395 | AA18: 413 | AB18: 433
F20: Pixels per 10 million | G20: 80

Sheet EV Sigmoid Fitting
A1: Sigmoid Fitting | F1: x | G1: y | H1: ycalc
A2: min | B2: 104988.75 | C2: <- named cell "min" | F2: 2019 | G2: {=TRANSPOSE(Calculations!B12:M12)} -> 230000 | H2: =min+(max-min)/(1+EXP(-$B$5*(F2-ec_50))) -> 278783.7 | J2: Procedure
A3: max | B3: 4569491.3 | C3: <- named cell "max" | F3: 2020 | G3: 351470.59 | H3: =min+(max-min)/(1+EXP(-$B$5*(F3-ec_50))) -> 328267.46 | J3: (1) Paste data into the x and y column.
A4: ec50 | B4: 2031.2312 | C4: <- named cell "ec_50" | F4: 2021 | G4: 403529.41 | H4: =min+(max-min)/(1+EXP(-$B$5*(F4-ec_50))) -> 390901.63 | J4: (2) Enter the initial values into the min/max/n/ec50 parameters.
A5: k | B5: 0.26214442 | F5: 2022 | G5: 498970.59 | H5: =min+(max-min)/(1+EXP(-$B$5*(F5-ec_50))) -> 469595.48 | J5: (3) Start Excel Solver (Tools > Solver)
F6: 2023 | G6: 603088.24 | H6: =min+(max-min)/(1+EXP(-$B$5*(F6-ec_50))) -> 567551.15 | J6: (4) Set "Target cell" to "B7" (Sum of squared residuals).
A7: SSR | B7: =SUMXMY2(G2:G49,H2:H49) -> 2.9259652e+10 | F7: 2024 | G7: 715882.35 | H7: =min+(max-min)/(1+EXP(-$B$5*(F7-ec_50))) -> 688080.88 | J7: (5) Set "equall to" section to "Value of 0".
F8: 2025 | G8: 820000 | H8: =min+(max-min)/(1+EXP(-$B$5*(F8-ec_50))) -> 834293.58 | J8: (6) Add constraints like EC50>0 by clicking "Add". Add other constraints if necessary.
F9: 2026 | G9: 950147.06 | H9: =min+(max-min)/(1+EXP(-$B$5*(F9-ec_50))) -> 1008633.9 | J9: (7) Click "Solve" to perform fitting.
A10: FUN | B10: min+(max-min)/(1+10^(n*(log10(x)-log10(ec_50)))) | F10: 2027 | G10: 1175735.3 | H10: =min+(max-min)/(1+EXP(-$B$5*(F10-ec_50))) -> 1212295.4 | J10: (8) Close the solver window and check the graph to see if the calculated curve fitted well.
F11: 2028 | G11: 1418676.5 | H11: =min+(max-min)/(1+EXP(-$B$5*(F11-ec_50))) -> 1444589.7
F12: 2029 | G12: 1687647.1 | H12: =min+(max-min)/(1+EXP(-$B$5*(F12-ec_50))) -> 1702427.8 | J12: See the following reference for details.
F13: 2030 | G13: 2000000 | H13: =min+(max-min)/(1+EXP(-$B$5*(F13-ec_50))) -> 1980113.8 | J13: Kemmer G. nd Keller S. (2010) Nonlinear least-squares data fitting in Excel spreadsheets. Nat. Protocols 5, 267–281.
F14: 2031 | G14: {=TRANSPOSE(Calculations!N13:W13)} -> 2294117.6 | H14: =min+(max-min)/(1+EXP(-$B$5*(F14-ec_50))) -> 2269626.1
F15: 2032 | G15: 2617647.1 | H15: =min+(max-min)/(1+EXP(-$B$5*(F15-ec_50))) -> 2561433.1
F16: 2033 | G16: 2872549 | H16: =min+(max-min)/(1+EXP(-$B$5*(F16-ec_50))) -> 2845699.8
F17: 2034 | G17: 3117647.1 | H17: =min+(max-min)/(1+EXP(-$B$5*(F17-ec_50))) -> 3113575.7
F18: 2035 | G18: 3343137.3 | H18: =min+(max-min)/(1+EXP(-$B$5*(F18-ec_50))) -> 3358221.5
F19: 2036 | G19: 3549019.6 | H19: =min+(max-min)/(1+EXP(-$B$5*(F19-ec_50))) -> 3575342.1
F20: 2037 | G20: 3715686.3 | H20: =min+(max-min)/(1+EXP(-$B$5*(F20-ec_50))) -> 3763189.7
F21: 2038 | G21: 3872549 | H21: =min+(max-min)/(1+EXP(-$B$5*(F21-ec_50))) -> 3922163.6
F22: 2039 | G22: 4049019.6 | H22: =min+(max-min)/(1+EXP(-$B$5*(F22-ec_50))) -> 4054208.6
F23: 2040 | G23: 4245098 | H23: =min+(max-min)/(1+EXP(-$B$5*(F23-ec_50))) -> 4162192.5
F24: 2041 | H24: =min+(max-min)/(1+EXP(-$B$5*(F24-ec_50))) -> 4249381.2
F25: 2042 | H25: =min+(max-min)/(1+EXP(-$B$5*(F25-ec_50))) -> 4319057.9
F26: 2043 | H26: =min+(max-min)/(1+EXP(-$B$5*(F26-ec_50))) -> 4374282.8
F27: 2044 | H27: =min+(max-min)/(1+EXP(-$B$5*(F27-ec_50))) -> 4417768.1
F28: 2045 | H28: =min+(max-min)/(1+EXP(-$B$5*(F28-ec_50))) -> 4451833.4
F29: 2046 | H29: =min+(max-min)/(1+EXP(-$B$5*(F29-ec_50))) -> 4478411.8
F30: 2047 | H30: =min+(max-min)/(1+EXP(-$B$5*(F30-ec_50))) -> 4499083.5
F31: 2048 | H31: =min+(max-min)/(1+EXP(-$B$5*(F31-ec_50))) -> 4515121.8
F32: 2049 | H32: =min+(max-min)/(1+EXP(-$B$5*(F32-ec_50))) -> 4527541.6
F33: 2050 | H33: =min+(max-min)/(1+EXP(-$B$5*(F33-ec_50))) -> 4537145.2

Sheet Calculations
A1: For grid batteries, we will use BNEF NEO numbers and curve fit to extrapolate
A2: for years 2014-2050. We assume no grid batteries retire during the model
A3: run, so installed capacity equals cumulative capacity.
B5: 2019 | C5: 2020 | D5: 2021 | E5: 2022 | F5: 2023 | G5: 2024 | H5: 2025 | I5: 2026 | J5: 2027 | K5: 2028 | L5: 2029 | M5: 2030 | N5: 2031 | O5: 2032 | P5: 2033 | Q5: 2034 | R5: 2035 | S5: 2036 | T5: 2037 | U5: 2038 | V5: 2039 | W5: 2040 | X5: 2041 | Y5: 2042 | Z5: 2043 | AA5: 2044 | AB5: 2045 | AC5: 2046 | AD5: 2047 | AE5: 2048 | AF5: 2049 | AG5: 2050
A6: Grid battery capacity (MWh) | B6: ='Grid Battery Storage'!B6 -> 23809.524 | C6: =TREND('Grid Battery Storage'!$B$6:$C$6,'Grid Battery Storage'!$B$4:$C$4,'Grid Battery Storage'!C8) -> 23809.524 | D6: =TREND('Grid Battery Storage'!$B$6:$C$6,'Grid Battery Storage'!$B$4:$C$4,'Grid Battery Storage'!D8) -> 50000 | E6: =TREND('Grid Battery Storage'!$B$6:$C$6,'Grid Battery Storage'!$B$4:$C$4,'Grid Battery Storage'!E8) -> 76190.476 | F6: =TREND('Grid Battery Storage'!$B$6:$C$6,'Grid Battery Storage'!$B$4:$C$4,'Grid Battery Storage'!F8) -> 102380.95 | G6: =TREND('Grid Battery Storage'!$B$6:$C$6,'Grid Battery Storage'!$B$4:$C$4,'Grid Battery Storage'!G8) -> 128571.43 | H6: =TREND('Grid Battery Storage'!$B$6:$C$6,'Grid Battery Storage'!$B$4:$C$4,'Grid Battery Storage'!H8) -> 154761.9 | I6: =TREND('Grid Battery Storage'!$C$6:$D$6,'Grid Battery Storage'!$C$4:$D$4,'Grid Battery Storage'!I8) -> 238095.24 | J6: =TREND('Grid Battery Storage'!$C$6:$D$6,'Grid Battery Storage'!$C$4:$D$4,'Grid Battery Storage'!J8) -> 321428.57 | K6: =TREND('Grid Battery Storage'!$C$6:$D$6,'Grid Battery Storage'!$C$4:$D$4,'Grid Battery Storage'!K8) -> 404761.9 | L6: =TREND('Grid Battery Storage'!$C$6:$D$6,'Grid Battery Storage'!$C$4:$D$4,'Grid Battery Storage'!L8) -> 488095.24 | M6: =TREND('Grid Battery Storage'!$C$6:$D$6,'Grid Battery Storage'!$C$4:$D$4,'Grid Battery Storage'!M8) -> 571428.57 | N6: =TREND('Grid Battery Storage'!$D$6:$E$6,'Grid Battery Storage'!$D$4:$E$4,'Grid Battery Storage'!N8) -> 685714.29 | O6: =TREND('Grid Battery Storage'!$D$6:$E$6,'Grid Battery Storage'!$D$4:$E$4,'Grid Battery Storage'!O8) -> 800000 | P6: =TREND('Grid Battery Storage'!$D$6:$E$6,'Grid Battery Storage'!$D$4:$E$4,'Grid Battery Storage'!P8) -> 914285.71 | Q6: =TREND('Grid Battery Storage'!$D$6:$E$6,'Grid Battery Storage'!$D$4:$E$4,'Grid Battery Storage'!Q8) -> 1028571.4 | R6: =TREND('Grid Battery Storage'!$D$6:$E$6,'Grid Battery Storage'!$D$4:$E$4,'Grid Battery Storage'!R8) -> 1142857.1 | S6: =TREND('Grid Battery Storage'!$E$6:$F$6,'Grid Battery Storage'!$E$4:$F$4,'Grid Battery Storage'!S8) -> 1319047.6 | T6: =TREND('Grid Battery Storage'!$E$6:$F$6,'Grid Battery Storage'!$E$4:$F$4,'Grid Battery Storage'!T8) -> 1495238.1 | U6: =TREND('Grid Battery Storage'!$E$6:$F$6,'Grid Battery Storage'!$E$4:$F$4,'Grid Battery Storage'!U8) -> 1671428.6 | V6: =TREND('Grid Battery Storage'!$E$6:$F$6,'Grid Battery Storage'!$E$4:$F$4,'Grid Battery Storage'!V8) -> 1847619 | W6: =TREND('Grid Battery Storage'!$E$6:$F$6,'Grid Battery Storage'!$E$4:$F$4,'Grid Battery Storage'!W8) -> 2023809.5 | X6: =TREND('Grid Battery Storage'!$F$6:$G$6,'Grid Battery Storage'!$F$4:$G$4,'Grid Battery Storage'!X8) -> 2261904.8 | Y6: =TREND('Grid Battery Storage'!$F$6:$G$6,'Grid Battery Storage'!$F$4:$G$4,'Grid Battery Storage'!Y8) -> 2500000 | Z6: =TREND('Grid Battery Storage'!$F$6:$G$6,'Grid Battery Storage'!$F$4:$G$4,'Grid Battery Storage'!Z8) -> 2738095.2 | AA6: =TREND('Grid Battery Storage'!$F$6:$G$6,'Grid Battery Storage'!$F$4:$G$4,'Grid Battery Storage'!AA8) -> 2976190.5 | AB6: =TREND('Grid Battery Storage'!$F$6:$G$6,'Grid Battery Storage'!$F$4:$G$4,'Grid Battery Storage'!AB8) -> 3214285.7 | AC6: =TREND('Grid Battery Storage'!$G$6:$H$6,'Grid Battery Storage'!$G$4:$H$4,'Grid Battery Storage'!AC8) -> 3440476.2 | AD6: =TREND('Grid Battery Storage'!$G$6:$H$6,'Grid Battery Storage'!$G$4:$H$4,'Grid Battery Storage'!AD8) -> 3666666.7 | AE6: =TREND('Grid Battery Storage'!$G$6:$H$6,'Grid Battery Storage'!$G$4:$H$4,'Grid Battery Storage'!AE8) -> 3892857.1 | AF6: =TREND('Grid Battery Storage'!$G$6:$H$6,'Grid Battery Storage'!$G$4:$H$4,'Grid Battery Storage'!AF8) -> 4119047.6 | AG6: =TREND('Grid Battery Storage'!$G$6:$H$6,'Grid Battery Storage'!$G$4:$H$4,'Grid Battery Storage'!AG8) -> 4345238.1
A8: For Evs, we use Bloomberg New Energy Finance's numbers. This assumes an aggressive rate of EV deployment,
A9: which matches usual EPS model behavior in the United States and other EPS regions we've tested.
B11: 2019 | C11: 2020 | D11: 2021 | E11: 2022 | F11: 2023 | G11: 2024 | H11: 2025 | I11: 2026 | J11: 2027 | K11: 2028 | L11: 2029 | M11: 2030 | N11: 2031 | O11: 2032 | P11: 2033 | Q11: 2034 | R11: 2035 | S11: 2036 | T11: 2037 | U11: 2038 | V11: 2039 | W11: 2040 | X11: 2041 | Y11: 2042 | Z11: 2043 | AA11: 2044 | AB11: 2045 | AC11: 2046 | AD11: 2047 | AE11: 2048 | AF11: 2049 | AG11: 2050
A12: EV battery new sales (MWh) | B12: ='EV Batteries'!D10*1000 -> 230000 | C12: ='EV Batteries'!E10*1000 -> 351470.59 | D12: ='EV Batteries'!F10*1000 -> 403529.41 | E12: ='EV Batteries'!G10*1000 -> 498970.59 | F12: ='EV Batteries'!H10*1000 -> 603088.24 | G12: ='EV Batteries'!I10*1000 -> 715882.35 | H12: ='EV Batteries'!J10*1000 -> 820000 | I12: ='EV Batteries'!K10*1000 -> 950147.06 | ... M12: ='EV Batteries'!O10*1000 -> 2000000
A13: EV battery new sales, extrapolated 2031-2040 (GWh) | N13: =$M$12*('EV Batteries'!P11/'EV Batteries'!$O$11) -> 2294117.6 | O13: =$M$12*('EV Batteries'!Q11/'EV Batteries'!$O$11) -> 2617647.1 | P13: =$M$12*('EV Batteries'!R11/'EV Batteries'!$O$11) -> 2872549 | Q13: =$M$12*('EV Batteries'!S11/'EV Batteries'!$O$11) -> 3117647.1 | R13: =$M$12*('EV Batteries'!T11/'EV Batteries'!$O$11) -> 3343137.3 | S13: =$M$12*('EV Batteries'!U11/'EV Batteries'!$O$11) -> 3549019.6 | T13: =$M$12*('EV Batteries'!V11/'EV Batteries'!$O$11) -> 3715686.3 | U13: =$M$12*('EV Batteries'!W11/'EV Batteries'!$O$11) -> 3872549 | ... W13: =$M$12*('EV Batteries'!Y11/'EV Batteries'!$O$11) -> 4245098
A14: EV battery new sales, extrapolated 2041-2050 (GWh) | X14: =INDEX('EV Sigmoid Fitting'!$H$24:$H$33,MATCH(Calculations!X11,'EV Sigmoid Fitting'!$F$24:$F$33,0)) -> 4249381.2 | Y14: =INDEX('EV Sigmoid Fitting'!$H$24:$H$33,MATCH(Calculations!Y11,'EV Sigmoid Fitting'!$F$24:$F$33,0)) -> 4319057.9 | Z14: =INDEX('EV Sigmoid Fitting'!$H$24:$H$33,MATCH(Calculations!Z11,'EV Sigmoid Fitting'!$F$24:$F$33,0)) -> 4374282.8 | AA14: =INDEX('EV Sigmoid Fitting'!$H$24:$H$33,MATCH(Calculations!AA11,'EV Sigmoid Fitting'!$F$24:$F$33,0)) -> 4417768.1 | AB14: =INDEX('EV Sigmoid Fitting'!$H$24:$H$33,MATCH(Calculations!AB11,'EV Sigmoid Fitting'!$F$24:$F$33,0)) -> 4451833.4 | AC14: =INDEX('EV Sigmoid Fitting'!$H$24:$H$33,MATCH(Calculations!AC11,'EV Sigmoid Fitting'!$F$24:$F$33,0)) -> 4478411.8 | AD14: =INDEX('EV Sigmoid Fitting'!$H$24:$H$33,MATCH(Calculations!AD11,'EV Sigmoid Fitting'!$F$24:$F$33,0)) -> 4499083.5 | AE14: =INDEX('EV Sigmoid Fitting'!$H$24:$H$33,MATCH(Calculations!AE11,'EV Sigmoid Fitting'!$F$24:$F$33,0)) -> 4515121.8 | ... AG14: =INDEX('EV Sigmoid Fitting'!$H$24:$H$33,MATCH(Calculations!AG11,'EV Sigmoid Fitting'!$F$24:$F$33,0)) -> 4537145.2
B16: 2018 | C16: 2019 | D16: 2020 | E16: 2021 | F16: 2022 | G16: 2023 | H16: 2024 | I16: 2025 | J16: 2026 | K16: 2027 | L16: 2028 | M16: 2029 | N16: 2030 | O16: 2031 | P16: 2032 | Q16: 2033 | R16: 2034 | S16: 2035 | T16: 2036 | U16: 2037 | V16: 2038 | W16: 2039 | X16: 2040 | Y16: 2041 | Z16: 2042 | AA16: 2043 | AB16: 2044 | AC16: 2045 | AD16: 2046 | AE16: 2047 | AF16: 2048 | AG16: 2049 | AH16: 2050
A17: EV battery cap, cumulative (MWh) | C17: =SUM(B12:B14,B17) -> 230000 | D17: =SUM(C12:C14,C17) -> 581470.59 | E17: =SUM(D12:D14,D17) -> 985000 | F17: =SUM(E12:E14,E17) -> 1483970.6 | G17: =SUM(F12:F14,F17) -> 2087058.8 | H17: =SUM(G12:G14,G17) -> 2802941.2 | I17: =SUM(H12:H14,H17) -> 3622941.2 | J17: =SUM(I12:I14,I17) -> 4573088.2 | ... AH17: =SUM(AG12:AG14,AG17) -> 88901245
A18: Sum-of-series multiplier for years prior to 2019 | B18: 2500

Sheet BGBSC
B1: 2019 | C1: 2020 | D1: 2021 | E1: 2022 | F1: 2023 | G1: 2024 | H1: 2025 | I1: 2026 | J1: 2027 | K1: 2028 | L1: 2029 | M1: 2030 | N1: 2031 | O1: 2032 | P1: 2033 | Q1: 2034 | R1: 2035 | S1: 2036 | T1: 2037 | U1: 2038 | V1: 2039 | W1: 2040 | X1: 2041 | Y1: 2042 | Z1: 2043 | AA1: 2044 | AB1: 2045 | AC1: 2046 | AD1: 2047 | AE1: 2048 | AF1: 2049 | AG1: 2050 | AH1: 2051 | AI1: 2052 | AJ1: 2053 | AK1: 2054 | AL1: 2055 | AM1: 2056 | AN1: 2057 | AO1: 2058 | AP1: 2059 | AQ1: 2060 | AR1: 2061 | AS1: 2062 | AT1: 2063 | AU1: 2064 | AV1: 2065 | AW1: 2066 | AX1: 2067 | AY1: 2068 | AZ1: 2069 | BA1: 2070
A2: Global battery cap (MWh) | B2: =Calculations!B6+Calculations!C17 -> 253809.52 | C2: =Calculations!C6+Calculations!D17 -> 605280.11 | D2: =Calculations!D6+Calculations!E17 -> 1035000 | E2: =Calculations!E6+Calculations!F17 -> 1560161.1 | F2: =Calculations!F6+Calculations!G17 -> 2189439.8 | G2: =Calculations!G6+Calculations!H17 -> 2931512.6 | H2: =Calculations!H6+Calculations!I17 -> 3777703.1 | I2: =Calculations!I6+Calculations!J17 -> 4811183.5 | ... AG2: =Calculations!AG6+Calculations!AH17 -> 93246483 | AH2: =_xlfn.FORECAST.LINEAR(AH1,$B$2:$AG$2,$B$1:$AG$1) -> 84695505 | AI2: =_xlfn.FORECAST.LINEAR(AI1,$B$2:$AG$2,$B$1:$AG$1) -> 87819134 | AJ2: =_xlfn.FORECAST.LINEAR(AJ1,$B$2:$AG$2,$B$1:$AG$1) -> 90942764 | AK2: =_xlfn.FORECAST.LINEAR(AK1,$B$2:$AG$2,$B$1:$AG$1) -> 94066394 | AL2: =_xlfn.FORECAST.LINEAR(AL1,$B$2:$AG$2,$B$1:$AG$1) -> 97190023 | AM2: =_xlfn.FORECAST.LINEAR(AM1,$B$2:$AG$2,$B$1:$AG$1) -> 1.0031365e+08 | AN2: =_xlfn.FORECAST.LINEAR(AN1,$B$2:$AG$2,$B$1:$AG$1) -> 1.0343728e+08 | AO2: =_xlfn.FORECAST.LINEAR(AO1,$B$2:$AG$2,$B$1:$AG$1) -> 1.0656091e+08 | ... BA2: =_xlfn.FORECAST.LINEAR(BA1,$B$2:$AG$2,$B$1:$AG$1) -> 1.4404447e+08
