Workbook
Name billion: About!$A$84
Name Eno_TM: '[1]1997 Table 1a Modified'!#REF!
Name Eno_Tons: '[1]1997 Table 1a Modified'!#REF!
Name NTS_YR: About!$B$149
Name Sum_T2: '[1]1997 Table 1a Modified'!#REF!
Name Sum_TTM: '[1]1997 Table 1a Modified'!#REF!
Name ti_tbl_50: #REF!
Name ti_tbl_50: #REF!
Name ti_tbl_69: #REF!
Name ti_tbl_69: #REF!
Name trillion: About!$A$85

Sheet About
A1: SYFAFE Start Year Fleet Avg Fuel Economy
A3: Source | B3: IESR (2024)
B4: https://iesr.or.id/en/
A10: Comments | B10: These data come from the LEAP (Long-range Energy Alternatives Planning) Indonesia model and represent BAU (Business As Usual) scenarios projected for the country. The BAU scenarios assume no significant changes to current energy policies or interventions, providing a baseline for analyzing future energy consumption, emissions, and sectoral growth under existing conditions. This model helps evaluate long-term trends in Indonesia's energy use and environmental impacts, serving as a foundation for comparing potential outcomes from alternative policy scenarios aimed at sustainable development and climate goals.

Sheet Level of Activity (LA) - psgr
A1: Variable: Car: Total Activity (Billion Passenger-km)
A2: Scenario: Business as Usual
A3: Branch: Demand\Transportation\Passenger\Road Transport\Car\Gasoline Car
A4: Region: Indonesia
A5: Billion Passenger-km to Passenger*miles | B5: 621371000
A6: Branch | B6: 2022 | C6: 2023 | D6: 2024 | E6: 2025 | F6: 2026 | G6: 2027 | H6: 2028 | I6: 2029 | J6: 2030 | K6: 2031 | L6: 2032 | M6: 2033 | N6: 2034 | O6: 2035 | P6: 2036 | Q6: 2037 | R6: 2038 | S6: 2039 | T6: 2040 | U6: 2041 | V6: 2042 | W6: 2043 | X6: 2044 | Y6: 2045 | Z6: 2046 | AA6: 2047 | AB6: 2048 | AC6: 2049 | AD6: 2050 | AE6: 2051 | AF6: 2052 | AG6: 2053 | AH6: 2054 | AI6: 2055 | AJ6: 2056 | AK6: 2057 | AL6: 2058 | AM6: 2059 | AN6: 2060
A7: Gasoline Car | B7: 323.83387 | C7: 332.93373 | D7: 342.2893 | E7: 351.90776 | F7: 361.7965 | G7: 371.96312 | H7: 382.41543 | I7: 393.16145 | J7: 404.20944 | K7: 415.56788 | L7: 427.2455 | M7: 439.25126 | N7: 451.59439 | O7: 464.28437 | P7: 477.33094 | Q7: 490.74412 | R7: 504.53422 | S7: 518.71182 | T7: 533.28783 | U7: 548.27342 | V7: 563.68011 | W7: 579.51974 | X7: 595.80447 | Y7: 612.54681 | Z7: 629.75961 | AA7: 647.45609 | AB7: 665.64986 | AC7: 684.35488 | AD7: 703.58551 | AE7: 723.35654 | AF7: 743.68313 | AG7: 764.58092 | AH7: 786.06593 | AI7: 808.15469 | AJ7: 830.86415 | AK7: 854.21175 | AL7: 878.21543 | AM7: 902.89362 | AN7: 928.26528
A8: Electric Car | B8: 0.32854726 | C8: 0.33777957 | D8: 0.3472713 | E8: 0.35702976 | F8: 0.36706244 | G8: 0.37737703 | H8: 0.38798147 | I8: 0.3988839 | J8: 0.41009269 | K8: 0.42161645 | L8: 0.43346404 | M8: 0.44564455 | N8: 0.45816733 | O8: 0.47104201 | P8: 0.48427847 | Q8: 0.49788688 | R8: 0.51187769 | S8: 0.52626165 | T8: 0.54104981 | U8: 0.55625352 | V8: 0.57188446 | W8: 0.58795463 | X8: 0.60447638 | Y8: 0.6214624 | Z8: 0.63892573 | AA8: 0.65687979 | AB8: 0.67533837 | AC8: 0.69431564 | AD8: 0.71382617 | AE8: 0.73388496 | AF8: 0.75450741 | AG8: 0.77570936 | AH8: 0.79750709 | AI8: 0.81991735 | AJ8: 0.84295734 | AK8: 0.86664477 | AL8: 0.89099782 | AM8: 0.9160352 | AN8: 0.94177615
A9: CNG Car | B9: 0.32433512 | C9: 0.33344906 | D9: 0.34281911 | E9: 0.35245246 | F9: 0.36235651 | G9: 0.37253886 | H9: 0.38300735 | I9: 0.39377 | J9: 0.40483509 | K9: 0.41621112 | L9: 0.42790681 | M9: 0.43993115 | N9: 0.45229339 | O9: 0.46500301 | P9: 0.47806977 | Q9: 0.49150372 | R9: 0.50531516 | S9: 0.51951471 | T9: 0.53411327 | U9: 0.54912206 | V9: 0.5645526 | W9: 0.58041675 | X9: 0.59672668 | Y9: 0.61349493 | Z9: 0.63073438 | AA9: 0.64845826 | AB9: 0.66668018 | AC9: 0.68541415 | AD9: 0.70467456 | AE9: 0.72447618 | AF9: 0.74483424 | AG9: 0.76576437 | AH9: 0.78728264 | AI9: 0.80940559 | AJ9: 0.8321502 | AK9: 0.85553394 | AL9: 0.87957477 | AM9: 0.90429116 | AN9: 0.92970209
A10: Diesel Car | B10: 5.3296954 | C10: 5.4794619 | D10: 5.6334369 | E10: 5.7917386 | F10: 5.9544887 | G10: 6.1218121 | H10: 6.2938374 | I10: 6.4706967 | J10: 6.6525258 | K10: 6.8394643 | L10: 7.0316559 | M10: 7.2292481 | N10: 7.4323928 | O10: 7.6412459 | P10: 7.8559678 | Q10: 8.0767235 | R10: 8.3036826 | S10: 8.5370193 | T10: 8.7769128 | U10: 9.0235474 | V10: 9.2771126 | W10: 9.537803 | X10: 9.805819 | Y10: 10.081366 | Z10: 10.364657 | AA10: 10.655907 | AB10: 10.955342 | AC10: 11.263192 | AD10: 11.579692 | AE10: 11.905086 | AF10: 12.239623 | AG10: 12.583561 | AH10: 12.937164 | AI10: 13.300703 | AJ10: 13.674458 | AK10: 14.058716 | AL10: 14.453771 | AM10: 14.859928 | AN10: 15.277497
A11: BioGasoil Car | B11: 91.397989 | C11: 93.966308 | D11: 96.606797 | E11: 99.321485 | F11: 102.11246 | G11: 104.98186 | H11: 107.93189 | I11: 110.96481 | J11: 114.08297 | K11: 117.28874 | L11: 120.5846 | M11: 123.97308 | N11: 127.45677 | O11: 131.03835 | P11: 134.72058 | Q11: 138.50628 | R11: 142.39836 | S11: 146.39981 | T11: 150.5137 | U11: 154.74319 | V11: 159.09154 | W11: 163.56207 | X11: 168.15823 | Y11: 172.88354 | Z11: 177.74163 | AA11: 182.73624 | AB11: 187.8712 | AC11: 193.15045 | AD11: 198.57805 | AE11: 204.15817 | AF11: 209.8951 | AG11: 215.79323 | AH11: 221.8571 | AI11: 228.09137 | AJ11: 234.50083 | AK11: 241.09039 | AL11: 247.86513 | AM11: 254.83023 | AN11: 261.99106
A14: Variable: Motorcycle: Total Activity (Billion Passenger-km)
A15: Scenario: Business as Usual
A16: Branch: Demand\Transportation\Passenger\Road Transport\Motorcycle\Gasoline Motorcycle
A17: Region: Indonesia
A18: Billion Passenger-km to Passenger*miles | B18: 621371000
A19: Branch | B19: 2022 | C19: 2023 | D19: 2024 | E19: 2025 | F19: 2026 | G19: 2027 | H19: 2028 | I19: 2029 | J19: 2030 | K19: 2031 | L19: 2032 | M19: 2033 | N19: 2034 | O19: 2035 | P19: 2036 | Q19: 2037 | R19: 2038 | S19: 2039 | T19: 2040 | U19: 2041 | V19: 2042 | W19: 2043 | X19: 2044 | Y19: 2045 | Z19: 2046 | AA19: 2047 | AB19: 2048 | AC19: 2049 | AD19: 2050 | AE19: 2051 | AF19: 2052 | AG19: 2053 | AH19: 2054 | AI19: 2055 | AJ19: 2056 | AK19: 2057 | AL19: 2058 | AM19: 2059 | AN19: 2060
A20: Gasoline Motorcycle | B20: 1351.126 | C20: 1389.0931 | D20: 1428.1272 | E20: 1468.2581 | F20: 1509.5167 | G20: 1551.9347 | H20: 1595.5447 | I20: 1640.3801 | J20: 1686.4754 | K20: 1733.866 | L20: 1782.5883 | M20: 1832.6798 | N20: 1884.1788 | O20: 1937.1249 | P20: 1991.5589 | Q20: 2047.5224 | R20: 2105.0586 | S20: 2164.2116 | T20: 2225.0268 | U20: 2287.5509 | V20: 2351.8319 | W20: 2417.9193 | X20: 2485.8638 | Y20: 2555.7175 | Z20: 2627.5341 | AA20: 2701.3689 | AB20: 2777.2784 | AC20: 2855.321 | AD20: 2935.5566 | AE20: 3018.0469 | AF20: 3102.8551 | AG20: 3190.0466 | AH20: 3279.6881 | AI20: 3371.8486 | AJ20: 3466.5988 | AK20: 3564.0116 | AL20: 3664.1617 | AM20: 3767.1261 | AN20: 3872.9838
A21: Electric Motorcycle | B21: 0.47306913 | C21: 0.48636255 | D21: 0.50002953 | E21: 0.51408055 | F21: 0.52852641 | G21: 0.54337821 | H21: 0.55864734 | I21: 0.57434555 | J21: 0.59048488 | K21: 0.60707773 | L21: 0.62413685 | M21: 0.64167534 | N21: 0.65970666 | O21: 0.67824467 | P21: 0.69730361 | Q21: 0.71689811 | R21: 0.73704322 | S21: 0.75775442 | T21: 0.77904761 | U21: 0.80093915 | V21: 0.82344585 | W21: 0.84658499 | X21: 0.87037436 | Y21: 0.89483221 | Z21: 0.91997734 | AA21: 0.94582906 | AB21: 0.97240722 | AC21: 0.99973224 | AD21: 1.0278251 | AE21: 1.0567074 | AF21: 1.0864013 | AG21: 1.1169296 | AH21: 1.1483157 | AI21: 1.1805838 | AJ21: 1.2137587 | AK21: 1.2478658 | AL21: 1.2829313 | AM21: 1.3189821 | AN21: 1.3560461
A22: CNG Motorcycle | B22: 0.027032522 | C22: 0.027792146 | D22: 0.028573116 | E22: 0.029376031 | F22: 0.030201509 | G22: 0.031050183 | H22: 0.031922705 | I22: 0.032819746 | J22: 0.033741993 | K22: 0.034690156 | L22: 0.035664963 | M22: 0.036667162 | N22: 0.037697524 | O22: 0.038756838 | P22: 0.039845921 | Q22: 0.040965606 | R22: 0.042116756 | S22: 0.043300253 | T22: 0.044517006 | U22: 0.045767951 | V22: 0.047054048 | W22: 0.048376285 | X22: 0.049735678 | Y22: 0.051133269 | Z22: 0.052570134 | AA22: 0.054047375 | AB22: 0.055566127 | AC22: 0.057127557 | AD22: 0.058732863 | AE22: 0.060383279 | AF22: 0.062080072 | AG22: 0.063824546 | AH22: 0.065618041 | AI22: 0.067461933 | AJ22: 0.069357639 | AK22: 0.071306616 | AL22: 0.073310359 | AM22: 0.075370408 | AN22: 0.077488346
A25: Variable: Bus: Total Activity (Billion Passenger-km)
A26: Scenario: Business as Usual
A27: Branch: Demand\Transportation\Passenger\Road Transport\Bus\Electric Bus
A28: Region: Indonesia
A29: Billion Passenger-km to Passenger*miles | B29: 621371000
A30: Branch | B30: 2022 | C30: 2023 | D30: 2024 | E30: 2025 | F30: 2026 | G30: 2027 | H30: 2028 | I30: 2029 | J30: 2030 | K30: 2031 | L30: 2032 | M30: 2033 | N30: 2034 | O30: 2035 | P30: 2036 | Q30: 2037 | R30: 2038 | S30: 2039 | T30: 2040 | U30: 2041 | V30: 2042 | W30: 2043 | X30: 2044 | Y30: 2045 | Z30: 2046 | AA30: 2047 | AB30: 2048 | AC30: 2049 | AD30: 2050 | AE30: 2051 | AF30: 2052 | AG30: 2053 | AH30: 2054 | AI30: 2055 | AJ30: 2056 | AK30: 2057 | AL30: 2058 | AM30: 2059 | AN30: 2060
A31: Electric Bus | B31: 0.20608822 | C31: 0.21187937 | D31: 0.21783327 | E31: 0.22395446 | F31: 0.23024767 | G31: 0.23671772 | H31: 0.24336958 | I31: 0.25020836 | J31: 0.25723931 | K31: 0.26446783 | L31: 0.27189948 | M31: 0.27953996 | N31: 0.28739514 | O31: 0.29547106 | P31: 0.30377391 | Q31: 0.31231007 | R31: 0.3210861 | S31: 0.33010875 | T31: 0.33938493 | U31: 0.34892178 | V31: 0.35872661 | W31: 0.36880697 | X31: 0.37917059 | Y31: 0.38982543 | Z31: 0.40077967 | AA31: 0.41204173 | AB31: 0.42362026 | AC31: 0.43552416 | AD31: 0.44776255 | AE31: 0.46034485 | AF31: 0.47328072 | AG31: 0.48658009 | AH31: 0.50025318 | AI31: 0.51431049 | AJ31: 0.52876281 | AK31: 0.54362125 | AL31: 0.55889722 | AM31: 0.57460244 | AN31: 0.59074899
A32: CNG Bus | B32: 0.37470585 | C32: 0.38523522 | D32: 0.39606048 | E32: 0.40718994 | F32: 0.41863213 | G32: 0.43039585 | H32: 0.44249014 | I32: 0.45492429 | J32: 0.46770783 | K32: 0.4808506 | L32: 0.49436269 | M32: 0.50825447 | N32: 0.52253662 | O32: 0.5372201 | P32: 0.55231619 | Q32: 0.56783649 | R32: 0.58379291 | S32: 0.60019772 | T32: 0.61706351 | U32: 0.63440323 | V32: 0.6522302 | W32: 0.67055812 | X32: 0.68940107 | Y32: 0.7087735 | Z32: 0.72869031 | AA32: 0.74916679 | AB32: 0.77021866 | AC32: 0.7918621 | AD32: 0.81411373 | AE32: 0.83699064 | AF32: 0.8605104 | AG32: 0.88469108 | AH32: 0.90955124 | AI32: 0.93510998 | AJ32: 0.96138693 | AK32: 0.98840227 | AL32: 1.0161768 | AM32: 1.0447317 | AN32: 1.0740891
A33: Diesel Bus | B33: 34.378485 | C33: 35.344534 | D33: 36.337729 | E33: 37.358833 | F33: 38.408631 | G33: 39.487928 | H33: 40.597554 | I33: 41.738361 | J33: 42.911225 | K33: 44.117047 | L33: 45.356753 | M33: 46.631295 | N33: 47.941652 | O33: 49.288831 | P33: 50.673866 | Q33: 52.097822 | R33: 53.56179 | S33: 55.066897 | T33: 56.614298 | U33: 58.205182 | V33: 59.84077 | W33: 61.522319 | X33: 63.25112 | Y33: 65.0285 | Z33: 66.855826 | AA33: 68.734501 | AB33: 70.665967 | AC33: 72.651708 | AD33: 74.693249 | AE33: 76.792158 | AF33: 78.950047 | AG33: 81.168574 | AH33: 83.449442 | AI33: 85.794403 | AJ33: 88.205259 | AK33: 90.683861 | AL33: 93.232112 | AM33: 95.85197 | AN33: 98.545448
A34: BioGasoil Bus | B34: 589.55046 | C34: 606.11706 | D34: 623.14918 | E34: 640.65991 | F34: 658.6627 | G34: 677.17138 | H34: 696.20016 | I34: 715.76365 | J34: 735.87688 | K34: 756.55531 | L34: 777.8148 | M34: 799.6717 | N34: 822.14278 | O34: 845.24531 | P34: 868.99703 | Q34: 893.41618 | R34: 918.52152 | S34: 944.33233 | T34: 970.86843 | U34: 998.15021 | V34: 1026.1986 | W34: 1055.0352 | X34: 1084.6821 | Y34: 1115.1621 | Z34: 1146.4986 | AA34: 1178.7156 | AB34: 1211.838 | AC34: 1245.8911 | AD34: 1280.9011 | AE34: 1316.8949 | AF34: 1353.9002 | AG34: 1391.9453 | AH34: 1431.0595 | AI34: 1471.2728 | AJ34: 1512.6161 | AK34: 1555.1212 | AL34: 1598.8207 | AM34: 1643.7482 | AN34: 1689.9382
A37: Variable: Railway: Total Activity (Billion Passenger-km)
A38: Scenario: Business as Usual
A39: Branch: Demand\Transportation\Passenger\Railway\Urban Train
A40: Region: Indonesia
A41: Billion Passenger-km to Passenger*miles | B41: 621371000
A42: Branch | B42: 2022 | C42: 2023 | D42: 2024 | E42: 2025 | F42: 2026 | G42: 2027 | H42: 2028 | I42: 2029 | J42: 2030 | K42: 2031 | L42: 2032 | M42: 2033 | N42: 2034 | O42: 2035 | P42: 2036 | Q42: 2037 | R42: 2038 | S42: 2039 | T42: 2040 | U42: 2041 | V42: 2042 | W42: 2043 | X42: 2044 | Y42: 2045 | Z42: 2046 | AA42: 2047 | AB42: 2048 | AC42: 2049 | AD42: 2050 | AE42: 2051 | AF42: 2052 | AG42: 2053 | AH42: 2054 | AI42: 2055 | AJ42: 2056 | AK42: 2057 | AL42: 2058 | AM42: 2059 | AN42: 2060
A43: Urban Train | B43: 5.5847886 | C43: 5.6038855 | D43: 5.6229824 | E43: 5.6420792 | F43: 5.6931631 | G43: 5.7442469 | H43: 5.7953307 | I43: 5.8464146 | J43: 5.8974984 | K43: 5.9404049 | L43: 5.9833114 | M43: 6.0262179 | N43: 6.0691244 | O43: 6.1120308 | P43: 6.1466654 | Q43: 6.1813 | R43: 6.2159346 | S43: 6.2505692 | T43: 6.2852038 | U43: 6.311748 | V43: 6.3382923 | W43: 6.3648365 | X43: 6.3913808 | Y43: 6.4179251 | Z43: 6.4367069 | AA43: 6.4554888 | AB43: 6.4742707 | AC43: 6.4930526 | AD43: 6.5118345 | AE43: 6.5118345 | AF43: 6.5118345 | AG43: 6.5118345 | AH43: 6.5118345 | AI43: 6.5118345 | AJ43: 6.5118345 | AK43: 6.5118345 | AL43: 6.5118345 | AM43: 6.5118345 | AN43: 6.5118345
A44: Diesel Train | B44: 0.74201688 | C44: 0.74455417 | D44: 0.74709145 | E44: 0.74962874 | F44: 0.75641594 | G44: 0.76320313 | H44: 0.76999033 | I44: 0.77677753 | J44: 0.78356473 | K44: 0.78926546 | L44: 0.79496618 | M44: 0.8006669 | N44: 0.80636762 | O44: 0.81206835 | P44: 0.81667003 | Q44: 0.82127172 | R44: 0.82587341 | S44: 0.83047509 | T44: 0.83507678 | U44: 0.83860355 | V44: 0.84213033 | W44: 0.8456571 | X44: 0.84918388 | Y44: 0.85271065 | Z44: 0.85520609 | AA44: 0.85770152 | AB44: 0.86019696 | AC44: 0.86269239 | AD44: 0.86518783 | AE44: 0.86518783 | AF44: 0.86518783 | AG44: 0.86518783 | AH44: 0.86518783 | AI44: 0.86518783 | AJ44: 0.86518783 | AK44: 0.86518783 | AL44: 0.86518783 | AM44: 0.86518783 | AN44: 0.86518783
A45: BioGasoil Train | B45: 12.720905 | C45: 12.764403 | D45: 12.807901 | E45: 12.8514 | F45: 12.967757 | G45: 13.084115 | H45: 13.200473 | I45: 13.31683 | J45: 13.433188 | K45: 13.530919 | L45: 13.628651 | M45: 13.726382 | N45: 13.824114 | O45: 13.921845 | P45: 14.000735 | Q45: 14.079625 | R45: 14.158515 | S45: 14.237404 | T45: 14.316294 | U45: 14.376756 | V45: 14.437218 | W45: 14.49768 | X45: 14.558142 | Y45: 14.618604 | Z45: 14.661385 | AA45: 14.704166 | AB45: 14.746947 | AC45: 14.789728 | AD45: 14.832509 | AE45: 14.832509 | AF45: 14.832509 | AG45: 14.832509 | AH45: 14.832509 | AI45: 14.832509 | AJ45: 14.832509 | AK45: 14.832509 | AL45: 14.832509 | AM45: 14.832509 | AN45: 14.832509
A48: Variable: Marine: Total Activity (Million Passenger-km)
A49: Scenario: Business as Usual
A50: Branch: Demand\Transportation\Passenger\Marine\Gasoline Passenger Ship
A51: Region: Indonesia
A52: Million Passenger-km to Passenger*miles | B52: 621371
A53: Branch | B53: 2022 | C53: 2023 | D53: 2024 | E53: 2025 | F53: 2026 | G53: 2027 | H53: 2028 | I53: 2029 | J53: 2030 | K53: 2031 | L53: 2032 | M53: 2033 | N53: 2034 | O53: 2035 | P53: 2036 | Q53: 2037 | R53: 2038 | S53: 2039 | T53: 2040 | U53: 2041 | V53: 2042 | W53: 2043 | X53: 2044 | Y53: 2045 | Z53: 2046 | AA53: 2047 | AB53: 2048 | AC53: 2049 | AD53: 2050 | AE53: 2051 | AF53: 2052 | AG53: 2053 | AH53: 2054 | AI53: 2055 | AJ53: 2056 | AK53: 2057 | AL53: 2058 | AM53: 2059 | AN53: 2060
A54: Gasoline Passenger Ship | B54: 75.973562 | C54: 79.77224 | D54: 83.760852 | E54: 87.948895 | F54: 92.346339 | G54: 96.963656 | H54: 101.81184 | I54: 106.90243 | J54: 112.24755 | K54: 117.85993 | L54: 123.75293 | M54: 129.94057 | N54: 136.4376 | O54: 143.25948 | P54: 150.42246 | Q54: 157.94358 | R54: 165.84076 | S54: 174.1328 | T54: 182.83944 | U54: 191.98141 | V54: 201.58048 | W54: 211.6595 | X54: 222.24248 | Y54: 233.3546 | Z54: 245.02233 | AA54: 257.27345 | AB54: 270.13712 | AC54: 283.64397 | AD54: 297.82617 | AE54: 312.71748 | AF54: 328.35336 | AG54: 344.77102 | AH54: 362.00958 | AI54: 380.11005 | AJ54: 399.11556 | AK54: 419.07133 | AL54: 440.0249 | AM54: 462.02615 | AN54: 485.12745
A55: MFO Passenger Ship | B55: 0.032683339 | C55: 0.034317506 | D55: 0.036033381 | E55: 0.03783505 | F55: 0.039726803 | G55: 0.041713143 | H55: 0.0437988 | I55: 0.04598874 | J55: 0.048288177 | K55: 0.050702586 | L55: 0.053237715 | M55: 0.055899601 | N55: 0.058694581 | O55: 0.06162931 | P55: 0.064710776 | Q55: 0.067946315 | R55: 0.07134363 | S55: 0.074910812 | T55: 0.078656353 | U55: 0.08258917 | V55: 0.086718629 | W55: 0.09105456 | X55: 0.095607288 | Y55: 0.10038765 | Z55: 0.10540704 | AA55: 0.11067739 | AB55: 0.11621126 | AC55: 0.12202182 | AD55: 0.12812291 | AE55: 0.13452906 | AF55: 0.14125551 | AG55: 0.14831828 | AH55: 0.1557342 | AI55: 0.16352091 | AJ55: 0.17169695 | AK55: 0.1802818 | AL55: 0.18929589 | AM55: 0.19876069 | AN55: 0.20869872
A56: MDF Passenger Ship | B56: 0.0015201553 | C56: 0.0015961631 | D56: 0.0016759712 | E56: 0.0017597698 | F56: 0.0018477583 | G56: 0.0019401462 | H56: 0.0020371535 | I56: 0.0021390112 | J56: 0.0022459617 | K56: 0.0023582598 | L56: 0.0024761728 | M56: 0.0025999815 | N56: 0.0027299805 | O56: 0.0028664796 | P56: 0.0030098035 | Q56: 0.0031602937 | R56: 0.0033183084 | S56: 0.0034842238 | T56: 0.003658435 | U56: 0.0038413568 | V56: 0.0040334246 | W56: 0.0042350958 | X56: 0.0044468506 | Y56: 0.0046691931 | Z56: 0.0049026528 | AA56: 0.0051477854 | AB56: 0.0054051747 | AC56: 0.0056754334 | AD56: 0.0059592051 | AE56: 0.0062571654 | AF56: 0.0065700236 | AG56: 0.0068985248 | AH56: 0.0072434511 | AI56: 0.0076056236 | AJ56: 0.0079859048 | AK56: 0.0083852 | AL56: 0.00880446 | AM56: 0.009244683 | AN56: 0.0097069172
A59: Variable: Aviation: Total Activity (Billion Passenger-km)
A60: Scenario: Business as Usual
A61: Branch: Demand\Transportation\Passenger\Aviation\Avgas Plane
A62: Region: Indonesia
A63: Billion Passenger-km to Passenger*miles | B63: 621371000
A64: Branch | B64: 2022 | C64: 2023 | D64: 2024 | E64: 2025 | F64: 2026 | G64: 2027 | H64: 2028 | I64: 2029 | J64: 2030 | K64: 2031 | L64: 2032 | M64: 2033 | N64: 2034 | O64: 2035 | P64: 2036 | Q64: 2037 | R64: 2038 | S64: 2039 | T64: 2040 | U64: 2041 | V64: 2042 | W64: 2043 | X64: 2044 | Y64: 2045 | Z64: 2046 | AA64: 2047 | AB64: 2048 | AC64: 2049 | AD64: 2050 | AE64: 2051 | AF64: 2052 | AG64: 2053 | AH64: 2054 | AI64: 2055 | AJ64: 2056 | AK64: 2057 | AL64: 2058 | AM64: 2059 | AN64: 2060
A65: Avgas Plane | B65: 0.051645993 | C65: 0.054228292 | D65: 0.056939707 | E65: 0.059786692 | F65: 0.062776027 | G65: 0.065914828 | H65: 0.06921057 | I65: 0.072671098 | J65: 0.076304653 | K65: 0.080119886 | L65: 0.08412588 | M65: 0.088332174 | N65: 0.092748783 | O65: 0.097386222 | P65: 0.10225553 | Q65: 0.10736831 | R65: 0.11273673 | S65: 0.11837356 | T65: 0.12429224 | U65: 0.13050685 | V65: 0.13703219 | W65: 0.1438838 | X65: 0.15107799 | Y65: 0.15863189 | Z65: 0.16656349 | AA65: 0.17489166 | AB65: 0.18363625 | AC65: 0.19281806 | AD65: 0.20245896 | AE65: 0.21258191 | AF65: 0.223211 | AG65: 0.23437155 | AH65: 0.24609013 | AI65: 0.25839464 | AJ65: 0.27131437 | AK65: 0.28488009 | AL65: 0.29912409 | AM65: 0.3140803 | AN65: 0.32978431
A66: Avtur Plane | B66: 129.06334 | C66: 135.5165 | D66: 142.29233 | E66: 149.40694 | F66: 156.87729 | G66: 164.72116 | H66: 172.95721 | I66: 181.60507 | J66: 190.68533 | K66: 200.21959 | L66: 210.23057 | M66: 220.7421 | N66: 231.77921 | O66: 243.36817 | P66: 255.53658 | Q66: 268.31341 | R66: 281.72908 | S66: 295.81553 | T66: 310.60631 | U66: 326.13662 | V66: 342.44345 | W66: 359.56563 | X66: 377.54391 | Y66: 396.4211 | Z66: 416.24216 | AA66: 437.05426 | AB66: 458.90698 | AC66: 481.85233 | AD66: 505.94494 | AE66: 531.24219 | AF66: 557.8043 | AG66: 585.69451 | AH66: 614.97924 | AI66: 645.7282 | AJ66: 678.01461 | AK66: 711.91534 | AL66: 747.51111 | AM66: 784.88667 | AN66: 824.131

Sheet Energy Consumption (EC) - psgr
A1: Variable: Car: Total Final Energy Consumption (Million Gigajoule)
A2: Scenario: Business as Usual
A3: Branch: Demand\Transportation\Passenger\Road Transport\Car\Gasoline Car
A4: Region: Indonesia
A5: Million Gigajoule to BTU | B5: 947817120000
A6: Branch | B6: 2022 | C6: 2023 | D6: 2024 | E6: 2025 | F6: 2026 | G6: 2027 | H6: 2028 | I6: 2029 | J6: 2030 | K6: 2031 | L6: 2032 | M6: 2033 | N6: 2034 | O6: 2035 | P6: 2036 | Q6: 2037 | R6: 2038 | S6: 2039 | T6: 2040 | U6: 2041 | V6: 2042 | W6: 2043 | X6: 2044 | Y6: 2045 | Z6: 2046 | AA6: 2047 | AB6: 2048 | AC6: 2049 | AD6: 2050 | AE6: 2051 | AF6: 2052 | AG6: 2053 | AH6: 2054 | AI6: 2055 | AJ6: 2056 | AK6: 2057 | AL6: 2058 | AM6: 2059 | AN6: 2060
A7: Gasoline Car | B7: 397.62002 | C7: 408.7933 | D7: 420.28055 | E7: 432.09059 | F7: 444.23251 | G7: 456.71561 | H7: 469.54949 | I7: 482.74402 | J7: 496.30931 | K7: 510.25579 | L7: 524.59418 | M7: 539.33547 | N7: 554.49101 | O7: 570.07242 | P7: 586.09167 | Q7: 602.56108 | R7: 619.49327 | S7: 636.90127 | T7: 654.79845 | U7: 673.19853 | V7: 692.11567 | W7: 711.56439 | X7: 731.55962 | Y7: 752.11673 | Z7: 773.2515 | AA7: 794.98016 | AB7: 817.31941 | AC7: 840.2864 | AD7: 863.89877 | AE7: 888.17466 | AF7: 913.13271 | AG7: 938.79209 | AH7: 965.17251 | AI7: 992.29423 | AJ7: 1020.1781 | AK7: 1048.8455 | AL7: 1078.3184 | AM7: 1108.6196 | AN7: 1139.7722
A8: Electric Car | B8: 0.055875385 | C8: 0.057445505 | D8: 0.059059746 | E8: 0.060719347 | F8: 0.062425584 | G8: 0.064179767 | H8: 0.065983244 | I8: 0.067837398 | J8: 0.069743655 | K8: 0.071703479 | L8: 0.073718374 | M8: 0.075789889 | N8: 0.077919614 | O8: 0.080109185 | P8: 0.082360284 | Q8: 0.08467464 | R8: 0.08705403 | S8: 0.089500281 | T8: 0.092015274 | U8: 0.094600938 | V8: 0.097259261 | W8: 0.099992284 | X8: 0.10280211 | Y8: 0.10569088 | Z8: 0.10866084 | AA8: 0.11171425 | AB8: 0.11485346 | AC8: 0.11808089 | AD8: 0.12139901 | AE8: 0.12481037 | AF8: 0.12831759 | AG8: 0.13192336 | AH8: 0.13563046 | AI8: 0.13944173 | AJ8: 0.14336009 | AK8: 0.14738857 | AL8: 0.15153024 | AM8: 0.1557883 | AN8: 0.16016601
A9: CNG Car | B9: 0.17696589 | C9: 0.1819387 | D9: 0.18705125 | E9: 0.19230746 | F9: 0.19771137 | G9: 0.20326714 | H9: 0.20897902 | I9: 0.21485141 | J9: 0.22088882 | K9: 0.22709588 | L9: 0.23347736 | M9: 0.24003817 | N9: 0.24678333 | O9: 0.25371804 | P9: 0.26084761 | Q9: 0.26817753 | R9: 0.27571343 | S9: 0.28346108 | T9: 0.29142644 | U9: 0.29961564 | V9: 0.30803495 | W9: 0.31669086 | X9: 0.32558999 | Y9: 0.33473919 | Z9: 0.34414549 | AA9: 0.35381612 | AB9: 0.36375848 | AC9: 0.37398024 | AD9: 0.38448923 | AE9: 0.39529352 | AF9: 0.40640142 | AG9: 0.41782146 | AH9: 0.4295624 | AI9: 0.44163327 | AJ9: 0.45404334 | AK9: 0.46680213 | AL9: 0.47991945 | AM9: 0.49340537 | AN9: 0.50727025
A10: Diesel Car | B10: 5.7240473 | C10: 5.8848952 | D10: 6.0502631 | E10: 6.2202778 | F10: 6.39507 | G10: 6.5747739 | H10: 6.7595276 | I10: 6.9494729 | J10: 7.1447558 | K10: 7.3455262 | L10: 7.5519383 | M10: 7.7641507 | N10: 7.9823263 | O10: 8.2066328 | P10: 8.4372423 | Q10: 8.6743321 | R10: 8.9180841 | S10: 9.1686857 | T10: 9.4263293 | U10: 9.6912128 | V10: 9.9635396 | W10: 10.243519 | X10: 10.531366 | Y10: 10.827301 | Z10: 11.131553 | AA10: 11.444353 | AB10: 11.765944 | AC10: 12.096572 | AD10: 12.43649 | AE10: 12.78596 | AF10: 13.145251 | AG10: 13.514637 | AH10: 13.894404 | AI10: 14.284842 | AJ10: 14.686251 | AK10: 15.098941 | AL10: 15.523227 | AM10: 15.959435 | AN10: 16.407902
A11: BioGasoil Car | B11: 93.536311 | C11: 96.164718 | D11: 98.866983 | E11: 101.64518 | F11: 104.50145 | G11: 107.43798 | H11: 110.45703 | I11: 113.56092 | J11: 116.75202 | K11: 120.0328 | L11: 123.40577 | M11: 126.87352 | N11: 130.43871 | O11: 134.10409 | P11: 137.87247 | Q11: 141.74674 | R11: 145.72987 | S11: 149.82494 | T11: 154.03508 | U11: 158.36352 | V11: 162.8136 | W11: 167.38872 | X11: 172.09241 | Y11: 176.92827 | Z11: 181.90003 | AA11: 187.01149 | AB11: 192.26658 | AC11: 197.66935 | AD11: 203.22393 | AE11: 208.9346 | AF11: 214.80575 | AG11: 220.84187 | AH11: 227.04761 | AI11: 233.42774 | AJ11: 239.98715 | AK11: 246.73088 | AL11: 253.66411 | AM11: 260.79217 | AN11: 268.12053
A14: Variable: Motorcycle: Total Final Energy Consumption (Million Gigajoule)
A15: Scenario: Business as Usual
A16: Branch: Demand\Transportation\Passenger\Road Transport\Motorcycle\Gasoline Motorcycle
A17: Region: Indonesia
A18: Million Gigajoule to BTU | B18: 947817120000
A19: Branch | B19: 2022 | C19: 2023 | D19: 2024 | E19: 2025 | F19: 2026 | G19: 2027 | H19: 2028 | I19: 2029 | J19: 2030 | K19: 2031 | L19: 2032 | M19: 2033 | N19: 2034 | O19: 2035 | P19: 2036 | Q19: 2037 | R19: 2038 | S19: 2039 | T19: 2040 | U19: 2041 | V19: 2042 | W19: 2043 | X19: 2044 | Y19: 2045 | Z19: 2046 | AA19: 2047 | AB19: 2048 | AC19: 2049 | AD19: 2050 | AE19: 2051 | AF19: 2052 | AG19: 2053 | AH19: 2054 | AI19: 2055 | AJ19: 2056 | AK19: 2057 | AL19: 2058 | AM19: 2059 | AN19: 2060
A20: Gasoline Motorcycle | B20: 783.08616 | C20: 805.09118 | D20: 827.71456 | E20: 850.97365 | F20: 874.88634 | G20: 899.47098 | H20: 924.74647 | I20: 950.7322 | J20: 977.44814 | K20: 1004.9148 | L20: 1033.1533 | M20: 1062.1853 | N20: 1092.0331 | O20: 1122.7197 | P20: 1154.2685 | Q20: 1186.7039 | R20: 1220.0508 | S20: 1254.3347 | T20: 1289.5819 | U20: 1325.8197 | V20: 1363.0757 | W20: 1401.3787 | X20: 1440.758 | Y20: 1481.2438 | Z20: 1522.8673 | AA20: 1565.6605 | AB20: 1609.6562 | AC20: 1654.8881 | AD20: 1701.3911 | AE20: 1749.2009 | AF20: 1798.3541 | AG20: 1848.8885 | AH20: 1900.843 | AI20: 1954.2574 | AJ20: 2009.1728 | AK20: 2065.6313 | AL20: 2123.6764 | AM20: 2183.3525 | AN20: 2244.7055
A21: Electric Motorcycle | B21: 0.031438387 | C21: 0.032321818 | D21: 0.033230073 | E21: 0.034163851 | F21: 0.035123868 | G21: 0.036110863 | H21: 0.037125592 | I21: 0.038168835 | J21: 0.039241394 | K21: 0.040344093 | L21: 0.041477777 | M21: 0.042643319 | N21: 0.043841612 | O21: 0.045073579 | P21: 0.046340163 | Q21: 0.04764234 | R21: 0.048981108 | S21: 0.050357496 | T21: 0.051772561 | U21: 0.05322739 | V21: 0.0547231 | W21: 0.05626084 | X21: 0.057841792 | Y21: 0.059467168 | Z21: 0.061138219 | AA21: 0.062856226 | AB21: 0.06462251 | AC21: 0.066438428 | AD21: 0.068305373 | AE21: 0.07022478 | AF21: 0.072198124 | AG21: 0.074226919 | AH21: 0.076312724 | AI21: 0.078457141 | AJ21: 0.080661817 | AK21: 0.082928445 | AL21: 0.085258766 | AM21: 0.08765457 | AN21: 0.090117697
A22: CNG Motorcycle | B22: 0.014699053 | C22: 0.015112102 | D22: 0.015536758 | E22: 0.015973347 | F22: 0.016422204 | G22: 0.016883674 | H22: 0.017358112 | I22: 0.017845882 | J22: 0.018347358 | K22: 0.018862926 | L22: 0.019392981 | M22: 0.019937931 | N22: 0.020498195 | O22: 0.021074202 | P22: 0.021666395 | Q22: 0.022275229 | R22: 0.022901172 | S22: 0.023544704 | T22: 0.024206319 | U22: 0.024886526 | V22: 0.025585847 | W22: 0.026304819 | X22: 0.027043994 | Y22: 0.027803941 | Z22: 0.028585242 | AA22: 0.029388499 | AB22: 0.030214327 | AC22: 0.031063361 | AD22: 0.031936254 | AE22: 0.032833675 | AF22: 0.033756314 | AG22: 0.034704879 | AH22: 0.035680099 | AI22: 0.036682724 | AJ22: 0.037713523 | AK22: 0.038773287 | AL22: 0.039862831 | AM22: 0.040982992 | AN22: 0.04213463
A25: Variable: Bus: Total Final Energy Consumption (Million Gigajoule)
A26: Scenario: Business as Usual
A27: Branch: Demand\Transportation\Passenger\Road Transport\Bus\Electric Bus
A28: Region: Indonesia
A29: Million Gigajoule to BTU | B29: 947817120000
A30: Branch | B30: 2022 | C30: 2023 | D30: 2024 | E30: 2025 | F30: 2026 | G30: 2027 | H30: 2028 | I30: 2029 | J30: 2030 | K30: 2031 | L30: 2032 | M30: 2033 | N30: 2034 | O30: 2035 | P30: 2036 | Q30: 2037 | R30: 2038 | S30: 2039 | T30: 2040 | U30: 2041 | V30: 2042 | W30: 2043 | X30: 2044 | Y30: 2045 | Z30: 2046 | AA30: 2047 | AB30: 2048 | AC30: 2049 | AD30: 2050 | AE30: 2051 | AF30: 2052 | AG30: 2053 | AH30: 2054 | AI30: 2055 | AJ30: 2056 | AK30: 2057 | AL30: 2058 | AM30: 2059 | AN30: 2060
A31: Electric Bus | B31: 0.022941174 | C31: 0.02358583 | D31: 0.024248601 | E31: 0.024929996 | F31: 0.025630539 | G31: 0.026350767 | H31: 0.027091233 | I31: 0.027852507 | J31: 0.028635173 | K31: 0.029439833 | L31: 0.030267104 | M31: 0.031117621 | N31: 0.031992038 | O31: 0.032891027 | P31: 0.033815277 | Q31: 0.034765499 | R31: 0.035742423 | S31: 0.036746799 | T31: 0.037779398 | U31: 0.038841014 | V31: 0.039932461 | W31: 0.041054579 | X31: 0.042208228 | Y31: 0.043394296 | Z31: 0.044613692 | AA31: 0.045867354 | AB31: 0.047156245 | AC31: 0.048481353 | AD31: 0.049843698 | AE31: 0.051244325 | AF31: 0.05268431 | AG31: 0.05416476 | AH31: 0.05568681 | AI31: 0.057251631 | AJ31: 0.058860424 | AK31: 0.060514425 | AL31: 0.062214903 | AM31: 0.063963166 | AN31: 0.065760556
A32: CNG Bus | B32: 0.19792659 | C32: 0.2034884 | D32: 0.2092065 | E32: 0.21508529 | F32: 0.22112927 | G32: 0.22734308 | H32: 0.23373151 | I32: 0.24029946 | J32: 0.24705197 | K32: 0.25399422 | L32: 0.26113156 | M32: 0.26846945 | N32: 0.27601355 | O32: 0.28376964 | P32: 0.29174367 | Q32: 0.29994178 | R32: 0.30837026 | S32: 0.31703558 | T32: 0.32594441 | U32: 0.33510357 | V32: 0.34452011 | W32: 0.35420126 | X32: 0.36415445 | Y32: 0.37438733 | Z32: 0.38490776 | AA32: 0.39572381 | AB32: 0.40684381 | AC32: 0.41827627 | AD32: 0.43003 | AE32: 0.44211401 | AF32: 0.45453758 | AG32: 0.46731026 | AH32: 0.48044186 | AI32: 0.49394246 | AJ32: 0.50782243 | AK32: 0.52209244 | AL32: 0.53676344 | AM32: 0.5518467 | AN32: 0.5673538
A33: Diesel Bus | B33: 20.57094 | C33: 21.148991 | D33: 21.743286 | E33: 22.35428 | F33: 22.982444 | G33: 23.62826 | H33: 24.292223 | I33: 24.974844 | J33: 25.676647 | K33: 26.39817 | L33: 27.139969 | M33: 27.902613 | N33: 28.686687 | O33: 29.492794 | P33: 30.321553 | Q33: 31.1736 | R33: 32.04959 | S33: 32.950196 | T33: 33.876109 | U33: 34.828041 | V33: 35.806722 | W33: 36.812905 | X33: 37.847362 | Y33: 38.910887 | Z33: 40.004298 | AA33: 41.128434 | AB33: 42.284159 | AC33: 43.47236 | AD33: 44.69395 | AE33: 45.949867 | AF33: 47.241076 | AG33: 48.568569 | AH33: 49.933364 | AI33: 51.336511 | AJ33: 52.779087 | AK33: 54.262199 | AL33: 55.786988 | AM33: 57.354624 | AN33: 58.966311
A34: BioGasoil Bus | B34: 336.14848 | C34: 345.59438 | D34: 355.30572 | E34: 365.28994 | F34: 375.55473 | G34: 386.10797 | H34: 396.95775 | I34: 408.11241 | J34: 419.58053 | K34: 431.3709 | L34: 443.49259 | M34: 455.95491 | N34: 468.76741 | O34: 481.93996 | P34: 495.48266 | Q34: 509.40591 | R34: 523.72041 | S34: 538.43716 | T34: 553.56745 | U34: 569.12291 | V34: 585.11548 | W34: 601.55745 | X34: 618.46145 | Y34: 635.84045 | Z34: 653.70781 | AA34: 672.07726 | AB34: 690.96289 | AC34: 710.37921 | AD34: 730.34114 | AE34: 750.86401 | AF34: 771.96357 | AG34: 793.65605 | AH34: 815.95809 | AI34: 838.88683 | AJ34: 862.45987 | AK34: 886.69532 | AL34: 911.6118 | AM34: 937.22845 | AN34: 963.56493
A37: Variable: Railway: Total Final Energy Consumption (Thousand Gigajoule)
A38: Scenario: Business as Usual
A39: Branch: Demand\Transportation\Passenger\Railway\Urban Train
A40: Region: Indonesia
A41: Thousand Gigajoule to BTU | B41: 947817120
A42: Branch | B42: 2022 | C42: 2023 | D42: 2024 | E42: 2025 | F42: 2026 | G42: 2027 | H42: 2028 | I42: 2029 | J42: 2030 | K42: 2031 | L42: 2032 | M42: 2033 | N42: 2034 | O42: 2035 | P42: 2036 | Q42: 2037 | R42: 2038 | S42: 2039 | T42: 2040 | U42: 2041 | V42: 2042 | W42: 2043 | X42: 2044 | Y42: 2045 | Z42: 2046 | AA42: 2047 | AB42: 2048 | AC42: 2049 | AD42: 2050 | AE42: 2051 | AF42: 2052 | AG42: 2053 | AH42: 2054 | AI42: 2055 | AJ42: 2056 | AK42: 2057 | AL42: 2058 | AM42: 2059 | AN42: 2060
A43: Urban Train | B43: 1128.8736 | C43: 1132.7337 | D43: 1136.5938 | E43: 1140.454 | F43: 1150.7797 | G43: 1161.1055 | H43: 1171.4313 | I43: 1181.757 | J43: 1192.0828 | K43: 1200.7556 | L43: 1209.4285 | M43: 1218.1013 | N43: 1226.7742 | O43: 1235.447 | P43: 1242.4478 | Q43: 1249.4486 | R43: 1256.4494 | S43: 1263.4503 | T43: 1270.4511 | U43: 1275.8166 | V43: 1281.182 | W43: 1286.5475 | X43: 1291.913 | Y43: 1297.2785 | Z43: 1301.075 | AA43: 1304.8714 | AB43: 1308.6679 | AC43: 1312.4643 | AD43: 1316.2608 | AE43: 1316.2608 | AF43: 1316.2608 | AG43: 1316.2608 | AH43: 1316.2608 | AI43: 1316.2608 | AJ43: 1316.2608 | AK43: 1316.2608 | AL43: 1316.2608 | AM43: 1316.2608 | AN43: 1316.2608
A44: Diesel Train | B44: 504.54337 | C44: 506.26863 | D44: 507.99389 | E44: 509.71915 | F44: 514.33418 | G44: 518.94922 | H44: 523.56426 | I44: 528.1793 | J44: 532.79434 | K44: 536.67061 | L44: 540.54689 | M44: 544.42316 | N44: 548.29944 | O44: 552.17572 | P44: 555.30469 | Q44: 558.43366 | R44: 561.56263 | S44: 564.69161 | T44: 567.82058 | U44: 570.21865 | V44: 572.61672 | W44: 575.0148 | X44: 577.41287 | Y44: 579.81094 | Z44: 581.50775 | AA44: 583.20455 | AB44: 584.90135 | AC44: 586.59815 | AD44: 588.29495 | AE44: 588.29495 | AF44: 588.29495 | AG44: 588.29495 | AH44: 588.29495 | AI44: 588.29495 | AJ44: 588.29495 | AK44: 588.29495 | AL44: 588.29495 | AM44: 588.29495 | AN44: 588.29495
A45: BioGasoil Train | B45: 826.03277 | C45: 828.85734 | D45: 831.68191 | E45: 834.50649 | F45: 842.06218 | G45: 849.61786 | H45: 857.17355 | I45: 864.72924 | J45: 872.28493 | K45: 878.63113 | L45: 884.97732 | M45: 891.32352 | N45: 897.66971 | O45: 904.01591 | P45: 909.13863 | Q45: 914.26135 | R45: 919.38407 | S45: 924.50678 | T45: 929.6295 | U45: 933.5556 | V45: 937.4817 | W45: 941.4078 | X45: 945.3339 | Y45: 949.25999 | Z45: 952.03798 | AA45: 954.81596 | AB45: 957.59395 | AC45: 960.37193 | AD45: 963.14992 | AE45: 963.14992 | AF45: 963.14992 | AG45: 963.14992 | AH45: 963.14992 | AI45: 963.14992 | AJ45: 963.14992 | AK45: 963.14992 | AL45: 963.14992 | AM45: 963.14992 | AN45: 963.14992
A48: Variable: Marine: Total Final Energy Consumption (Million Gigajoule)
A49: Scenario: Business as Usual
A50: Branch: Demand\Transportation\Passenger\Marine\Gasoline Passenger Ship
A51: Region: Indonesia
A52: Million Gigajoule to BTU | B52: 947817120000
A53: Branch | B53: 2022 | C53: 2023 | D53: 2024 | E53: 2025 | F53: 2026 | G53: 2027 | H53: 2028 | I53: 2029 | J53: 2030 | K53: 2031 | L53: 2032 | M53: 2033 | N53: 2034 | O53: 2035 | P53: 2036 | Q53: 2037 | R53: 2038 | S53: 2039 | T53: 2040 | U53: 2041 | V53: 2042 | W53: 2043 | X53: 2044 | Y53: 2045 | Z53: 2046 | AA53: 2047 | AB53: 2048 | AC53: 2049 | AD53: 2050 | AE53: 2051 | AF53: 2052 | AG53: 2053 | AH53: 2054 | AI53: 2055 | AJ53: 2056 | AK53: 2057 | AL53: 2058 | AM53: 2059 | AN53: 2060
A54: Gasoline Passenger Ship | B54: 5.9968465 | C54: 6.2966888 | D54: 6.6115232 | E54: 6.9420994 | F54: 7.2892044 | G54: 7.6536646 | H54: 8.0363478 | I54: 8.4381652 | J54: 8.8600735 | K54: 9.3030772 | L54: 9.768231 | M54: 10.256643 | N54: 10.769475 | O54: 11.307948 | P54: 11.873346 | Q54: 12.467013 | R54: 13.090364 | S54: 13.744882 | T54: 14.432126 | U54: 15.153732 | V54: 15.911419 | W54: 16.70699 | X54: 17.542339 | Y54: 18.419456 | Z54: 19.340429 | AA54: 20.307451 | AB54: 21.322823 | AC54: 22.388964 | AD54: 23.508413 | AE54: 24.683833 | AF54: 25.918025 | AG54: 27.213926 | AH54: 28.574622 | AI54: 30.003354 | AJ54: 31.503521 | AK54: 33.078697 | AL54: 34.732632 | AM54: 36.469264 | AN54: 38.292727
A55: MFO Passenger Ship | B55: 0.0029711101 | C55: 0.0031196656 | D55: 0.0032756489 | E55: 0.0034394313 | F55: 0.0036114029 | G55: 0.003791973 | H55: 0.0039815716 | I55: 0.0041806502 | J55: 0.0043896827 | K55: 0.0046091669 | L55: 0.0048396252 | M55: 0.0050816065 | N55: 0.0053356868 | O55: 0.0056024712 | P55: 0.0058825947 | Q55: 0.0061767244 | R55: 0.0064855607 | S55: 0.0068098387 | T55: 0.0071503306 | U55: 0.0075078472 | V55: 0.0078832395 | W55: 0.0082774015 | X55: 0.0086912716 | Y55: 0.0091258352 | Z55: 0.0095821269 | AA55: 0.010061233 | AB55: 0.010564295 | AC55: 0.01109251 | AD55: 0.011647135 | AE55: 0.012229492 | AF55: 0.012840967 | AG55: 0.013483015 | AH55: 0.014157166 | AI55: 0.014865024 | AJ55: 0.015608275 | AK55: 0.016388689 | AL55: 0.017208123 | AM55: 0.018068529 | AN55: 0.018971956
A56: MDF Passenger Ship | B56: 0.00013644154 | C56: 0.00014326362 | D56: 0.0001504268 | E56: 0.00015794814 | F56: 0.00016584554 | G56: 0.00017413782 | H56: 0.00018284471 | I56: 0.00019198695 | J56: 0.0002015863 | K56: 0.00021166561 | L56: 0.00022224889 | M56: 0.00023336134 | N56: 0.0002450294 | O56: 0.00025728087 | P56: 0.00027014492 | Q56: 0.00028365216 | R56: 0.00029783477 | S56: 0.00031272651 | T56: 0.00032836283 | U56: 0.00034478098 | V56: 0.00036202002 | W56: 0.00038012103 | X56: 0.00039912708 | Y56: 0.00041908343 | Z56: 0.0004400376 | AA56: 0.00046203948 | AB56: 0.00048514146 | AC56: 0.00050939853 | AD56: 0.00053486846 | AE56: 0.00056161188 | AF56: 0.00058969247 | AG56: 0.0006191771 | AH56: 0.00065013595 | AI56: 0.00068264275 | AJ56: 0.00071677488 | AK56: 0.00075261363 | AL56: 0.00079024431 | AM56: 0.00082975653 | AN56: 0.00087124435
A59: Variable: Aviation: Total Final Energy Consumption (Million Gigajoule)
A60: Scenario: Business as Usual
A61: Branch: Demand\Transportation\Passenger\Aviation\Avgas Plane
A62: Region: Indonesia
A63: Million Gigajoule to BTU | B63: 947817120000
A64: Branch | B64: 2022 | C64: 2023 | D64: 2024 | E64: 2025 | F64: 2026 | G64: 2027 | H64: 2028 | I64: 2029 | J64: 2030 | K64: 2031 | L64: 2032 | M64: 2033 | N64: 2034 | O64: 2035 | P64: 2036 | Q64: 2037 | R64: 2038 | S64: 2039 | T64: 2040 | U64: 2041 | V64: 2042 | W64: 2043 | X64: 2044 | Y64: 2045 | Z64: 2046 | AA64: 2047 | AB64: 2048 | AC64: 2049 | AD64: 2050 | AE64: 2051 | AF64: 2052 | AG64: 2053 | AH64: 2054 | AI64: 2055 | AJ64: 2056 | AK64: 2057 | AL64: 2058 | AM64: 2059 | AN64: 2060
A65: Avgas Plane | B65: 0.017041979 | C65: 0.017894078 | D65: 0.018788782 | E65: 0.019728221 | F65: 0.020714632 | G65: 0.021750364 | H65: 0.022837882 | I65: 0.023979776 | J65: 0.025178765 | K65: 0.026437703 | L65: 0.027759588 | M65: 0.029147568 | N65: 0.030604946 | O65: 0.032135193 | P65: 0.033741953 | Q65: 0.035429051 | R65: 0.037200503 | S65: 0.039060528 | T65: 0.041013555 | U65: 0.043064232 | V65: 0.045217444 | W65: 0.047478316 | X65: 0.049852232 | Y65: 0.052344844 | Z65: 0.054962086 | AA65: 0.05771019 | AB65: 0.060595699 | AC65: 0.063625484 | AD65: 0.066806759 | AE65: 0.070147097 | AF65: 0.073654451 | AG65: 0.077337174 | AH65: 0.081204033 | AI65: 0.085264234 | AJ65: 0.089527446 | AK65: 0.094003818 | AL65: 0.098704009 | AM65: 0.10363921 | AN65: 0.10882117
A66: Avtur Plane | B66: 47.033565 | C66: 49.385244 | D66: 51.854506 | E66: 54.447231 | F66: 57.169593 | G66: 60.028072 | H66: 63.029476 | I66: 66.18095 | J66: 69.489997 | K66: 72.964497 | L66: 76.612722 | M66: 80.443358 | N66: 84.465526 | O66: 88.688802 | P66: 93.123242 | Q66: 97.779404 | R66: 102.66837 | S66: 107.80179 | T66: 113.19188 | U66: 118.85148 | V66: 124.79405 | W66: 131.03375 | X66: 137.58544 | Y66: 144.46471 | Z66: 151.68795 | AA66: 159.27235 | AB66: 167.23596 | AC66: 175.59776 | AD66: 184.37765 | AE66: 193.59653 | AF66: 203.27636 | AG66: 213.44018 | AH66: 224.11219 | AI66: 235.31779 | AJ66: 247.08368 | AK66: 259.43787 | AL66: 272.40976 | AM66: 286.03025 | AN66: 300.33176

Sheet Conversion - LA - psgr
A1: Variable: Car: Total Activity (Passenger*miles)
A2: Scenario: Business as Usual
A3: Branch: Demand\Transportation\Passenger\Road Transport\Car\Gasoline Car
A4: Region: Indonesia
A6: Branch | B6: 2022 | C6: 2023 | D6: 2024 | E6: 2025 | F6: 2026 | G6: 2027 | H6: 2028 | I6: 2029 | J6: 2030 | K6: 2031 | L6: 2032 | M6: 2033 | N6: 2034 | O6: 2035 | P6: 2036 | Q6: 2037 | R6: 2038 | S6: 2039 | T6: 2040 | U6: 2041 | V6: 2042 | W6: 2043 | X6: 2044 | Y6: 2045 | Z6: 2046 | AA6: 2047 | AB6: 2048 | AC6: 2049 | AD6: 2050 | AE6: 2051 | AF6: 2052 | AG6: 2053 | AH6: 2054 | AI6: 2055 | AJ6: 2056 | AK6: 2057 | AL6: 2058 | AM6: 2059 | AN6: 2060
A7: Gasoline Car | B7: ='Level of Activity (LA) - psgr'!B7*'Level of Activity (LA) - psgr'!$B$5 -> 2.0122098e+11 | C7: ='Level of Activity (LA) - psgr'!C7*'Level of Activity (LA) - psgr'!$B$5 -> 2.0687537e+11 | D7: ='Level of Activity (LA) - psgr'!D7*'Level of Activity (LA) - psgr'!$B$5 -> 2.1268864e+11 | E7: ='Level of Activity (LA) - psgr'!E7*'Level of Activity (LA) - psgr'!$B$5 -> 2.1866528e+11 | F7: ='Level of Activity (LA) - psgr'!F7*'Level of Activity (LA) - psgr'!$B$5 -> 2.2480985e+11 | G7: ='Level of Activity (LA) - psgr'!G7*'Level of Activity (LA) - psgr'!$B$5 -> 2.311271e+11 | H7: ='Level of Activity (LA) - psgr'!H7*'Level of Activity (LA) - psgr'!$B$5 -> 2.3762186e+11 | I7: ='Level of Activity (LA) - psgr'!I7*'Level of Activity (LA) - psgr'!$B$5 -> 2.4429912e+11 | ... AN7: ='Level of Activity (LA) - psgr'!AN7*'Level of Activity (LA) - psgr'!$B$5 -> 5.7679713e+11
A8: Electric Car | B8: ='Level of Activity (LA) - psgr'!B8*'Level of Activity (LA) - psgr'!$B$5 -> 2.0414974e+08 | C8: ='Level of Activity (LA) - psgr'!C8*'Level of Activity (LA) - psgr'!$B$5 -> 2.0988643e+08 | D8: ='Level of Activity (LA) - psgr'!D8*'Level of Activity (LA) - psgr'!$B$5 -> 2.1578432e+08 | E8: ='Level of Activity (LA) - psgr'!E8*'Level of Activity (LA) - psgr'!$B$5 -> 2.2184794e+08 | F8: ='Level of Activity (LA) - psgr'!F8*'Level of Activity (LA) - psgr'!$B$5 -> 2.2808195e+08 | G8: ='Level of Activity (LA) - psgr'!G8*'Level of Activity (LA) - psgr'!$B$5 -> 2.3449114e+08 | H8: ='Level of Activity (LA) - psgr'!H8*'Level of Activity (LA) - psgr'!$B$5 -> 2.4108044e+08 | I8: ='Level of Activity (LA) - psgr'!I8*'Level of Activity (LA) - psgr'!$B$5 -> 2.4785489e+08 | ... AN8: ='Level of Activity (LA) - psgr'!AN8*'Level of Activity (LA) - psgr'!$B$5 -> 5.8519239e+08
A9: CNG Car | B9: ='Level of Activity (LA) - psgr'!B9*'Level of Activity (LA) - psgr'!$B$5 -> 2.0153244e+08 | C9: ='Level of Activity (LA) - psgr'!C9*'Level of Activity (LA) - psgr'!$B$5 -> 2.0719558e+08 | D9: ='Level of Activity (LA) - psgr'!D9*'Level of Activity (LA) - psgr'!$B$5 -> 2.1301785e+08 | E9: ='Level of Activity (LA) - psgr'!E9*'Level of Activity (LA) - psgr'!$B$5 -> 2.1900374e+08 | F9: ='Level of Activity (LA) - psgr'!F9*'Level of Activity (LA) - psgr'!$B$5 -> 2.2515783e+08 | G9: ='Level of Activity (LA) - psgr'!G9*'Level of Activity (LA) - psgr'!$B$5 -> 2.3148485e+08 | H9: ='Level of Activity (LA) - psgr'!H9*'Level of Activity (LA) - psgr'!$B$5 -> 2.3798966e+08 | I9: ='Level of Activity (LA) - psgr'!I9*'Level of Activity (LA) - psgr'!$B$5 -> 2.4467726e+08 | ... AN9: ='Level of Activity (LA) - psgr'!AN9*'Level of Activity (LA) - psgr'!$B$5 -> 5.7768992e+08
A10: Diesel Car | B10: ='Level of Activity (LA) - psgr'!B10*'Level of Activity (LA) - psgr'!$B$5 -> 3.3117182e+09 | C10: ='Level of Activity (LA) - psgr'!C10*'Level of Activity (LA) - psgr'!$B$5 -> 3.4047787e+09 | D10: ='Level of Activity (LA) - psgr'!D10*'Level of Activity (LA) - psgr'!$B$5 -> 3.5004543e+09 | E10: ='Level of Activity (LA) - psgr'!E10*'Level of Activity (LA) - psgr'!$B$5 -> 3.5988184e+09 | F10: ='Level of Activity (LA) - psgr'!F10*'Level of Activity (LA) - psgr'!$B$5 -> 3.6999466e+09 | G10: ='Level of Activity (LA) - psgr'!G10*'Level of Activity (LA) - psgr'!$B$5 -> 3.8039165e+09 | H10: ='Level of Activity (LA) - psgr'!H10*'Level of Activity (LA) - psgr'!$B$5 -> 3.9108081e+09 | I10: ='Level of Activity (LA) - psgr'!I10*'Level of Activity (LA) - psgr'!$B$5 -> 4.0207033e+09 | ... AN10: ='Level of Activity (LA) - psgr'!AN10*'Level of Activity (LA) - psgr'!$B$5 -> 9.4929939e+09
A11: BioGasoil Car | B11: ='Level of Activity (LA) - psgr'!B11*'Level of Activity (LA) - psgr'!$B$5 -> 5.679206e+10 | C11: ='Level of Activity (LA) - psgr'!C11*'Level of Activity (LA) - psgr'!$B$5 -> 5.8387939e+10 | D11: ='Level of Activity (LA) - psgr'!D11*'Level of Activity (LA) - psgr'!$B$5 -> 6.0028662e+10 | E11: ='Level of Activity (LA) - psgr'!E11*'Level of Activity (LA) - psgr'!$B$5 -> 6.1715491e+10 | F11: ='Level of Activity (LA) - psgr'!F11*'Level of Activity (LA) - psgr'!$B$5 -> 6.344972e+10 | G11: ='Level of Activity (LA) - psgr'!G11*'Level of Activity (LA) - psgr'!$B$5 -> 6.5232681e+10 | H11: ='Level of Activity (LA) - psgr'!H11*'Level of Activity (LA) - psgr'!$B$5 -> 6.7065745e+10 | I11: ='Level of Activity (LA) - psgr'!I11*'Level of Activity (LA) - psgr'!$B$5 -> 6.8950318e+10 | ... AN11: ='Level of Activity (LA) - psgr'!AN11*'Level of Activity (LA) - psgr'!$B$5 -> 1.6279365e+11
A14: Variable: Motorcycle: Total Activity (Passenger*miles)
A15: Scenario: Business as Usual
A16: Branch: Demand\Transportation\Passenger\Road Transport\Motorcycle\Gasoline Motorcycle
A17: Region: Indonesia
A19: Branch | B19: 2022 | C19: 2023 | D19: 2024 | E19: 2025 | F19: 2026 | G19: 2027 | H19: 2028 | I19: 2029 | J19: 2030 | K19: 2031 | L19: 2032 | M19: 2033 | N19: 2034 | O19: 2035 | P19: 2036 | Q19: 2037 | R19: 2038 | S19: 2039 | T19: 2040 | U19: 2041 | V19: 2042 | W19: 2043 | X19: 2044 | Y19: 2045 | Z19: 2046 | AA19: 2047 | AB19: 2048 | AC19: 2049 | AD19: 2050 | AE19: 2051 | AF19: 2052 | AG19: 2053 | AH19: 2054 | AI19: 2055 | AJ19: 2056 | AK19: 2057 | AL19: 2058 | AM19: 2059 | AN19: 2060
A20: Gasoline Motorcycle | B20: ='Level of Activity (LA) - psgr'!B20*'Level of Activity (LA) - psgr'!$B$18 -> 8.395505e+11 | C20: ='Level of Activity (LA) - psgr'!C20*'Level of Activity (LA) - psgr'!$B$18 -> 8.6314219e+11 | D20: ='Level of Activity (LA) - psgr'!D20*'Level of Activity (LA) - psgr'!$B$18 -> 8.8739682e+11 | E20: ='Level of Activity (LA) - psgr'!E20*'Level of Activity (LA) - psgr'!$B$18 -> 9.1233301e+11 | F20: ='Level of Activity (LA) - psgr'!F20*'Level of Activity (LA) - psgr'!$B$18 -> 9.3796992e+11 | G20: ='Level of Activity (LA) - psgr'!G20*'Level of Activity (LA) - psgr'!$B$18 -> 9.6432724e+11 | H20: ='Level of Activity (LA) - psgr'!H20*'Level of Activity (LA) - psgr'!$B$18 -> 9.914252e+11 | I20: ='Level of Activity (LA) - psgr'!I20*'Level of Activity (LA) - psgr'!$B$18 -> 1.0192846e+12 | ... AN20: ='Level of Activity (LA) - psgr'!AN20*'Level of Activity (LA) - psgr'!$B$18 -> 2.4065598e+12
A21: Electric Motorcycle | B21: ='Level of Activity (LA) - psgr'!B21*'Level of Activity (LA) - psgr'!$B$18 -> 2.9395144e+08 | C21: ='Level of Activity (LA) - psgr'!C21*'Level of Activity (LA) - psgr'!$B$18 -> 3.0221159e+08 | D21: ='Level of Activity (LA) - psgr'!D21*'Level of Activity (LA) - psgr'!$B$18 -> 3.1070385e+08 | E21: ='Level of Activity (LA) - psgr'!E21*'Level of Activity (LA) - psgr'!$B$18 -> 3.1943475e+08 | F21: ='Level of Activity (LA) - psgr'!F21*'Level of Activity (LA) - psgr'!$B$18 -> 3.2841098e+08 | G21: ='Level of Activity (LA) - psgr'!G21*'Level of Activity (LA) - psgr'!$B$18 -> 3.3763946e+08 | H21: ='Level of Activity (LA) - psgr'!H21*'Level of Activity (LA) - psgr'!$B$18 -> 3.4712726e+08 | I21: ='Level of Activity (LA) - psgr'!I21*'Level of Activity (LA) - psgr'!$B$18 -> 3.5688167e+08 | ... AN21: ='Level of Activity (LA) - psgr'!AN21*'Level of Activity (LA) - psgr'!$B$18 -> 8.4260769e+08
A22: CNG Motorcycle | B22: ='Level of Activity (LA) - psgr'!B22*'Level of Activity (LA) - psgr'!$B$18 -> 16797225 | C22: ='Level of Activity (LA) - psgr'!C22*'Level of Activity (LA) - psgr'!$B$18 -> 17269233 | D22: ='Level of Activity (LA) - psgr'!D22*'Level of Activity (LA) - psgr'!$B$18 -> 17754506 | E22: ='Level of Activity (LA) - psgr'!E22*'Level of Activity (LA) - psgr'!$B$18 -> 18253414 | F22: ='Level of Activity (LA) - psgr'!F22*'Level of Activity (LA) - psgr'!$B$18 -> 18766342 | G22: ='Level of Activity (LA) - psgr'!G22*'Level of Activity (LA) - psgr'!$B$18 -> 19293683 | H22: ='Level of Activity (LA) - psgr'!H22*'Level of Activity (LA) - psgr'!$B$18 -> 19835843 | I22: ='Level of Activity (LA) - psgr'!I22*'Level of Activity (LA) - psgr'!$B$18 -> 20393238 | ... AN22: ='Level of Activity (LA) - psgr'!AN22*'Level of Activity (LA) - psgr'!$B$18 -> 48149011
A25: Variable: Bus: Total Activity (Passenger*miles)
A26: Scenario: Business as Usual
A27: Branch: Demand\Transportation\Passenger\Road Transport\Bus\Electric Bus
A28: Region: Indonesia
A30: Branch | B30: 2022 | C30: 2023 | D30: 2024 | E30: 2025 | F30: 2026 | G30: 2027 | H30: 2028 | I30: 2029 | J30: 2030 | K30: 2031 | L30: 2032 | M30: 2033 | N30: 2034 | O30: 2035 | P30: 2036 | Q30: 2037 | R30: 2038 | S30: 2039 | T30: 2040 | U30: 2041 | V30: 2042 | W30: 2043 | X30: 2044 | Y30: 2045 | Z30: 2046 | AA30: 2047 | AB30: 2048 | AC30: 2049 | AD30: 2050 | AE30: 2051 | AF30: 2052 | AG30: 2053 | AH30: 2054 | AI30: 2055 | AJ30: 2056 | AK30: 2057 | AL30: 2058 | AM30: 2059 | AN30: 2060
A31: Electric Bus | B31: ='Level of Activity (LA) - psgr'!B31*'Level of Activity (LA) - psgr'!$B$29 -> 1.2805724e+08 | C31: ='Level of Activity (LA) - psgr'!C31*'Level of Activity (LA) - psgr'!$B$29 -> 1.316557e+08 | D31: ='Level of Activity (LA) - psgr'!D31*'Level of Activity (LA) - psgr'!$B$29 -> 1.3535527e+08 | E31: ='Level of Activity (LA) - psgr'!E31*'Level of Activity (LA) - psgr'!$B$29 -> 1.3915881e+08 | F31: ='Level of Activity (LA) - psgr'!F31*'Level of Activity (LA) - psgr'!$B$29 -> 1.4306923e+08 | G31: ='Level of Activity (LA) - psgr'!G31*'Level of Activity (LA) - psgr'!$B$29 -> 1.4708953e+08 | H31: ='Level of Activity (LA) - psgr'!H31*'Level of Activity (LA) - psgr'!$B$29 -> 1.512228e+08 | I31: ='Level of Activity (LA) - psgr'!I31*'Level of Activity (LA) - psgr'!$B$29 -> 1.5547222e+08 | ... AN31: ='Level of Activity (LA) - psgr'!AN31*'Level of Activity (LA) - psgr'!$B$29 -> 3.6707429e+08
A32: CNG Bus | B32: ='Level of Activity (LA) - psgr'!B32*'Level of Activity (LA) - psgr'!$B$29 -> 2.3283135e+08 | C32: ='Level of Activity (LA) - psgr'!C32*'Level of Activity (LA) - psgr'!$B$29 -> 2.39374e+08 | D32: ='Level of Activity (LA) - psgr'!D32*'Level of Activity (LA) - psgr'!$B$29 -> 2.461005e+08 | E32: ='Level of Activity (LA) - psgr'!E32*'Level of Activity (LA) - psgr'!$B$29 -> 2.5301602e+08 | F32: ='Level of Activity (LA) - psgr'!F32*'Level of Activity (LA) - psgr'!$B$29 -> 2.6012586e+08 | G32: ='Level of Activity (LA) - psgr'!G32*'Level of Activity (LA) - psgr'!$B$29 -> 2.674355e+08 | H32: ='Level of Activity (LA) - psgr'!H32*'Level of Activity (LA) - psgr'!$B$29 -> 2.7495054e+08 | I32: ='Level of Activity (LA) - psgr'!I32*'Level of Activity (LA) - psgr'!$B$29 -> 2.8267676e+08 | ... AN32: ='Level of Activity (LA) - psgr'!AN32*'Level of Activity (LA) - psgr'!$B$29 -> 6.674078e+08
A33: Diesel Bus | B33: ='Level of Activity (LA) - psgr'!B33*'Level of Activity (LA) - psgr'!$B$29 -> 2.1361794e+10 | C33: ='Level of Activity (LA) - psgr'!C33*'Level of Activity (LA) - psgr'!$B$29 -> 2.1962068e+10 | D33: ='Level of Activity (LA) - psgr'!D33*'Level of Activity (LA) - psgr'!$B$29 -> 2.2579211e+10 | E33: ='Level of Activity (LA) - psgr'!E33*'Level of Activity (LA) - psgr'!$B$29 -> 2.3213695e+10 | F33: ='Level of Activity (LA) - psgr'!F33*'Level of Activity (LA) - psgr'!$B$29 -> 2.3866009e+10 | G33: ='Level of Activity (LA) - psgr'!G33*'Level of Activity (LA) - psgr'!$B$29 -> 2.4536653e+10 | H33: ='Level of Activity (LA) - psgr'!H33*'Level of Activity (LA) - psgr'!$B$29 -> 2.5226143e+10 | I33: ='Level of Activity (LA) - psgr'!I33*'Level of Activity (LA) - psgr'!$B$29 -> 2.5935007e+10 | ... AN33: ='Level of Activity (LA) - psgr'!AN33*'Level of Activity (LA) - psgr'!$B$29 -> 6.1233283e+10
A34: BioGasoil Bus | B34: ='Level of Activity (LA) - psgr'!B34*'Level of Activity (LA) - psgr'!$B$29 -> 3.6632956e+11 | C34: ='Level of Activity (LA) - psgr'!C34*'Level of Activity (LA) - psgr'!$B$29 -> 3.7662356e+11 | D34: ='Level of Activity (LA) - psgr'!D34*'Level of Activity (LA) - psgr'!$B$29 -> 3.8720683e+11 | E34: ='Level of Activity (LA) - psgr'!E34*'Level of Activity (LA) - psgr'!$B$29 -> 3.9808749e+11 | F34: ='Level of Activity (LA) - psgr'!F34*'Level of Activity (LA) - psgr'!$B$29 -> 4.092739e+11 | G34: ='Level of Activity (LA) - psgr'!G34*'Level of Activity (LA) - psgr'!$B$29 -> 4.2077466e+11 | H34: ='Level of Activity (LA) - psgr'!H34*'Level of Activity (LA) - psgr'!$B$29 -> 4.3259859e+11 | I34: ='Level of Activity (LA) - psgr'!I34*'Level of Activity (LA) - psgr'!$B$29 -> 4.4475477e+11 | ... AN34: ='Level of Activity (LA) - psgr'!AN34*'Level of Activity (LA) - psgr'!$B$29 -> 1.0500786e+12
A37: Variable: Railway: Total Activity (Passenger*miles)
A38: Scenario: Business as Usual
A39: Branch: Demand\Transportation\Passenger\Railway\Urban Train
A40: Region: Indonesia
A42: Branch | B42: 2022 | C42: 2023 | D42: 2024 | E42: 2025 | F42: 2026 | G42: 2027 | H42: 2028 | I42: 2029 | J42: 2030 | K42: 2031 | L42: 2032 | M42: 2033 | N42: 2034 | O42: 2035 | P42: 2036 | Q42: 2037 | R42: 2038 | S42: 2039 | T42: 2040 | U42: 2041 | V42: 2042 | W42: 2043 | X42: 2044 | Y42: 2045 | Z42: 2046 | AA42: 2047 | AB42: 2048 | AC42: 2049 | AD42: 2050 | AE42: 2051 | AF42: 2052 | AG42: 2053 | AH42: 2054 | AI42: 2055 | AJ42: 2056 | AK42: 2057 | AL42: 2058 | AM42: 2059 | AN42: 2060
A43: Urban Train | B43: ='Level of Activity (LA) - psgr'!B43*'Level of Activity (LA) - psgr'!$B$41 -> 3.4702257e+09 | C43: ='Level of Activity (LA) - psgr'!C43*'Level of Activity (LA) - psgr'!$B$41 -> 3.4820919e+09 | D43: ='Level of Activity (LA) - psgr'!D43*'Level of Activity (LA) - psgr'!$B$41 -> 3.4939582e+09 | E43: ='Level of Activity (LA) - psgr'!E43*'Level of Activity (LA) - psgr'!$B$41 -> 3.5058244e+09 | F43: ='Level of Activity (LA) - psgr'!F43*'Level of Activity (LA) - psgr'!$B$41 -> 3.5375664e+09 | G43: ='Level of Activity (LA) - psgr'!G43*'Level of Activity (LA) - psgr'!$B$41 -> 3.5693084e+09 | H43: ='Level of Activity (LA) - psgr'!H43*'Level of Activity (LA) - psgr'!$B$41 -> 3.6010505e+09 | I43: ='Level of Activity (LA) - psgr'!I43*'Level of Activity (LA) - psgr'!$B$41 -> 3.6327925e+09 | ... AN43: ='Level of Activity (LA) - psgr'!AN43*'Level of Activity (LA) - psgr'!$B$41 -> 4.0462651e+09
A44: Diesel Train | B44: ='Level of Activity (LA) - psgr'!B44*'Level of Activity (LA) - psgr'!$B$41 -> 4.6106777e+08 | C44: ='Level of Activity (LA) - psgr'!C44*'Level of Activity (LA) - psgr'!$B$41 -> 4.6264437e+08 | D44: ='Level of Activity (LA) - psgr'!D44*'Level of Activity (LA) - psgr'!$B$41 -> 4.6422096e+08 | E44: ='Level of Activity (LA) - psgr'!E44*'Level of Activity (LA) - psgr'!$B$41 -> 4.6579756e+08 | F44: ='Level of Activity (LA) - psgr'!F44*'Level of Activity (LA) - psgr'!$B$41 -> 4.7001493e+08 | G44: ='Level of Activity (LA) - psgr'!G44*'Level of Activity (LA) - psgr'!$B$41 -> 4.7423229e+08 | H44: ='Level of Activity (LA) - psgr'!H44*'Level of Activity (LA) - psgr'!$B$41 -> 4.7844966e+08 | I44: ='Level of Activity (LA) - psgr'!I44*'Level of Activity (LA) - psgr'!$B$41 -> 4.8266703e+08 | ... AN44: ='Level of Activity (LA) - psgr'!AN44*'Level of Activity (LA) - psgr'!$B$41 -> 5.3760263e+08
A45: BioGasoil Train | B45: ='Level of Activity (LA) - psgr'!B45*'Level of Activity (LA) - psgr'!$B$41 -> 7.9044013e+09 | C45: ='Level of Activity (LA) - psgr'!C45*'Level of Activity (LA) - psgr'!$B$41 -> 7.9314299e+09 | D45: ='Level of Activity (LA) - psgr'!D45*'Level of Activity (LA) - psgr'!$B$41 -> 7.9584585e+09 | E45: ='Level of Activity (LA) - psgr'!E45*'Level of Activity (LA) - psgr'!$B$41 -> 7.9854872e+09 | F45: ='Level of Activity (LA) - psgr'!F45*'Level of Activity (LA) - psgr'!$B$41 -> 8.0577884e+09 | G45: ='Level of Activity (LA) - psgr'!G45*'Level of Activity (LA) - psgr'!$B$41 -> 8.1300897e+09 | H45: ='Level of Activity (LA) - psgr'!H45*'Level of Activity (LA) - psgr'!$B$41 -> 8.2023909e+09 | I45: ='Level of Activity (LA) - psgr'!I45*'Level of Activity (LA) - psgr'!$B$41 -> 8.2746922e+09 | ... AN45: ='Level of Activity (LA) - psgr'!AN45*'Level of Activity (LA) - psgr'!$B$41 -> 9.2164908e+09
A48: Variable: Marine: Total Activity (Passenger*miles)
A49: Scenario: Business as Usual
A50: Branch: Demand\Transportation\Passenger\Marine\Gasoline Passenger Ship
A51: Region: Indonesia
A53: Branch | B53: 2022 | C53: 2023 | D53: 2024 | E53: 2025 | F53: 2026 | G53: 2027 | H53: 2028 | I53: 2029 | J53: 2030 | K53: 2031 | L53: 2032 | M53: 2033 | N53: 2034 | O53: 2035 | P53: 2036 | Q53: 2037 | R53: 2038 | S53: 2039 | T53: 2040 | U53: 2041 | V53: 2042 | W53: 2043 | X53: 2044 | Y53: 2045 | Z53: 2046 | AA53: 2047 | AB53: 2048 | AC53: 2049 | AD53: 2050 | AE53: 2051 | AF53: 2052 | AG53: 2053 | AH53: 2054 | AI53: 2055 | AJ53: 2056 | AK53: 2057 | AL53: 2058 | AM53: 2059 | AN53: 2060
A54: Gasoline Passenger Ship | B54: ='Level of Activity (LA) - psgr'!B54*'Level of Activity (LA) - psgr'!B54*'Level of Activity (LA) - psgr'!$B$52 -> 3.5865423e+09 | C54: ='Level of Activity (LA) - psgr'!C54*'Level of Activity (LA) - psgr'!C54*'Level of Activity (LA) - psgr'!$B$52 -> 3.9541629e+09 | D54: ='Level of Activity (LA) - psgr'!D54*'Level of Activity (LA) - psgr'!D54*'Level of Activity (LA) - psgr'!$B$52 -> 4.3594646e+09 | E54: ='Level of Activity (LA) - psgr'!E54*'Level of Activity (LA) - psgr'!E54*'Level of Activity (LA) - psgr'!$B$52 -> 4.8063097e+09 | F54: ='Level of Activity (LA) - psgr'!F54*'Level of Activity (LA) - psgr'!F54*'Level of Activity (LA) - psgr'!$B$52 -> 5.2989564e+09 | G54: ='Level of Activity (LA) - psgr'!G54*'Level of Activity (LA) - psgr'!G54*'Level of Activity (LA) - psgr'!$B$52 -> 5.8420995e+09 | H54: ='Level of Activity (LA) - psgr'!H54*'Level of Activity (LA) - psgr'!H54*'Level of Activity (LA) - psgr'!$B$52 -> 6.4409147e+09 | I54: ='Level of Activity (LA) - psgr'!I54*'Level of Activity (LA) - psgr'!I54*'Level of Activity (LA) - psgr'!$B$52 -> 7.1011084e+09 | ... AN54: ='Level of Activity (LA) - psgr'!AN54*'Level of Activity (LA) - psgr'!AN54*'Level of Activity (LA) - psgr'!$B$52 -> 1.4623882e+11
A55: MFO Passenger Ship | B55: ='Level of Activity (LA) - psgr'!B55*'Level of Activity (LA) - psgr'!B55*'Level of Activity (LA) - psgr'!$B$52 -> 663.74891 | C55: ='Level of Activity (LA) - psgr'!C55*'Level of Activity (LA) - psgr'!C55*'Level of Activity (LA) - psgr'!$B$52 -> 731.78317 | D55: ='Level of Activity (LA) - psgr'!D55*'Level of Activity (LA) - psgr'!D55*'Level of Activity (LA) - psgr'!$B$52 -> 806.79095 | E55: ='Level of Activity (LA) - psgr'!E55*'Level of Activity (LA) - psgr'!E55*'Level of Activity (LA) - psgr'!$B$52 -> 889.48702 | F55: ='Level of Activity (LA) - psgr'!F55*'Level of Activity (LA) - psgr'!F55*'Level of Activity (LA) - psgr'!$B$52 -> 980.65944 | G55: ='Level of Activity (LA) - psgr'!G55*'Level of Activity (LA) - psgr'!G55*'Level of Activity (LA) - psgr'!$B$52 -> 1081.177 | H55: ='Level of Activity (LA) - psgr'!H55*'Level of Activity (LA) - psgr'!H55*'Level of Activity (LA) - psgr'!$B$52 -> 1191.9977 | I55: ='Level of Activity (LA) - psgr'!I55*'Level of Activity (LA) - psgr'!I55*'Level of Activity (LA) - psgr'!$B$52 -> 1314.1774 | ... AN55: ='Level of Activity (LA) - psgr'!AN55*'Level of Activity (LA) - psgr'!AN55*'Level of Activity (LA) - psgr'!$B$52 -> 27063.911
A56: MDF Passenger Ship | B56: ='Level of Activity (LA) - psgr'!B56*'Level of Activity (LA) - psgr'!B56*'Level of Activity (LA) - psgr'!$B$52 -> 1.4359089 | C56: ='Level of Activity (LA) - psgr'!C56*'Level of Activity (LA) - psgr'!C56*'Level of Activity (LA) - psgr'!$B$52 -> 1.5830896 | D56: ='Level of Activity (LA) - psgr'!D56*'Level of Activity (LA) - psgr'!D56*'Level of Activity (LA) - psgr'!$B$52 -> 1.7453563 | E56: ='Level of Activity (LA) - psgr'!E56*'Level of Activity (LA) - psgr'!E56*'Level of Activity (LA) - psgr'!$B$52 -> 1.9242553 | F56: ='Level of Activity (LA) - psgr'!F56*'Level of Activity (LA) - psgr'!F56*'Level of Activity (LA) - psgr'!$B$52 -> 2.1214915 | G56: ='Level of Activity (LA) - psgr'!G56*'Level of Activity (LA) - psgr'!G56*'Level of Activity (LA) - psgr'!$B$52 -> 2.3389444 | H56: ='Level of Activity (LA) - psgr'!H56*'Level of Activity (LA) - psgr'!H56*'Level of Activity (LA) - psgr'!$B$52 -> 2.5786862 | I56: ='Level of Activity (LA) - psgr'!I56*'Level of Activity (LA) - psgr'!I56*'Level of Activity (LA) - psgr'!$B$52 -> 2.8430015 | ... AN56: ='Level of Activity (LA) - psgr'!AN56*'Level of Activity (LA) - psgr'!AN56*'Level of Activity (LA) - psgr'!$B$52 -> 58.548211
A59: Variable: Aviation: Total Activity (Passenger*miles)
A60: Scenario: Business as Usual
A61: Branch: Demand\Transportation\Passenger\Aviation\Avgas Plane
A62: Region: Indonesia
A64: Branch | B64: 2022 | C64: 2023 | D64: 2024 | E64: 2025 | F64: 2026 | G64: 2027 | H64: 2028 | I64: 2029 | J64: 2030 | K64: 2031 | L64: 2032 | M64: 2033 | N64: 2034 | O64: 2035 | P64: 2036 | Q64: 2037 | R64: 2038 | S64: 2039 | T64: 2040 | U64: 2041 | V64: 2042 | W64: 2043 | X64: 2044 | Y64: 2045 | Z64: 2046 | AA64: 2047 | AB64: 2048 | AC64: 2049 | AD64: 2050 | AE64: 2051 | AF64: 2052 | AG64: 2053 | AH64: 2054 | AI64: 2055 | AJ64: 2056 | AK64: 2057 | AL64: 2058 | AM64: 2059 | AN64: 2060
A65: Avgas Plane | B65: ='Level of Activity (LA) - psgr'!B65*'Level of Activity (LA) - psgr'!$B$63 -> 32091322 | C65: ='Level of Activity (LA) - psgr'!C65*'Level of Activity (LA) - psgr'!$B$63 -> 33695888 | D65: ='Level of Activity (LA) - psgr'!D65*'Level of Activity (LA) - psgr'!$B$63 -> 35380683 | E65: ='Level of Activity (LA) - psgr'!E65*'Level of Activity (LA) - psgr'!$B$63 -> 37149717 | F65: ='Level of Activity (LA) - psgr'!F65*'Level of Activity (LA) - psgr'!$B$63 -> 39007203 | G65: ='Level of Activity (LA) - psgr'!G65*'Level of Activity (LA) - psgr'!$B$63 -> 40957563 | H65: ='Level of Activity (LA) - psgr'!H65*'Level of Activity (LA) - psgr'!$B$63 -> 43005441 | I65: ='Level of Activity (LA) - psgr'!I65*'Level of Activity (LA) - psgr'!$B$63 -> 45155713 | ... AN65: ='Level of Activity (LA) - psgr'!AN65*'Level of Activity (LA) - psgr'!$B$63 -> 2.0491841e+08
A66: Avtur Plane | B66: ='Level of Activity (LA) - psgr'!B66*'Level of Activity (LA) - psgr'!$B$63 -> 8.0196214e+10 | C66: ='Level of Activity (LA) - psgr'!C66*'Level of Activity (LA) - psgr'!$B$63 -> 8.4206025e+10 | D66: ='Level of Activity (LA) - psgr'!D66*'Level of Activity (LA) - psgr'!$B$63 -> 8.8416326e+10 | E66: ='Level of Activity (LA) - psgr'!E66*'Level of Activity (LA) - psgr'!$B$63 -> 9.2837142e+10 | F66: ='Level of Activity (LA) - psgr'!F66*'Level of Activity (LA) - psgr'!$B$63 -> 9.7478999e+10 | G66: ='Level of Activity (LA) - psgr'!G66*'Level of Activity (LA) - psgr'!$B$63 -> 1.0235295e+11 | H66: ='Level of Activity (LA) - psgr'!H66*'Level of Activity (LA) - psgr'!$B$63 -> 1.074706e+11 | I66: ='Level of Activity (LA) - psgr'!I66*'Level of Activity (LA) - psgr'!$B$63 -> 1.1284413e+11 | ... AN66: ='Level of Activity (LA) - psgr'!AN66*'Level of Activity (LA) - psgr'!$B$63 -> 5.120911e+11

Sheet Conversion - EC - psgr
A1: Variable: Car: Total Final Energy Consumption (BTU)
A2: Scenario: Business as Usual
A3: Branch: Demand\Transportation\Passenger\Road Transport\Car\Gasoline Car
A4: Region: Indonesia
A6: Branch | B6: 2022 | C6: 2023 | D6: 2024 | E6: 2025 | F6: 2026 | G6: 2027 | H6: 2028 | I6: 2029 | J6: 2030 | K6: 2031 | L6: 2032 | M6: 2033 | N6: 2034 | O6: 2035 | P6: 2036 | Q6: 2037 | R6: 2038 | S6: 2039 | T6: 2040 | U6: 2041 | V6: 2042 | W6: 2043 | X6: 2044 | Y6: 2045 | Z6: 2046 | AA6: 2047 | AB6: 2048 | AC6: 2049 | AD6: 2050 | AE6: 2051 | AF6: 2052 | AG6: 2053 | AH6: 2054 | AI6: 2055 | AJ6: 2056 | AK6: 2057 | AL6: 2058 | AM6: 2059 | AN6: 2060
A7: Gasoline Car | B7: ='Energy Consumption (EC) - psgr'!B7*'Energy Consumption (EC) - psgr'!$B$5 -> 3.7687106e+14 | C7: ='Energy Consumption (EC) - psgr'!C7*'Energy Consumption (EC) - psgr'!$B$5 -> 3.8746129e+14 | D7: ='Energy Consumption (EC) - psgr'!D7*'Energy Consumption (EC) - psgr'!$B$5 -> 3.983491e+14 | E7: ='Energy Consumption (EC) - psgr'!E7*'Energy Consumption (EC) - psgr'!$B$5 -> 4.0954286e+14 | F7: ='Energy Consumption (EC) - psgr'!F7*'Energy Consumption (EC) - psgr'!$B$5 -> 4.2105117e+14 | G7: ='Energy Consumption (EC) - psgr'!G7*'Energy Consumption (EC) - psgr'!$B$5 -> 4.3288287e+14 | H7: ='Energy Consumption (EC) - psgr'!H7*'Energy Consumption (EC) - psgr'!$B$5 -> 4.4504705e+14 | I7: ='Energy Consumption (EC) - psgr'!I7*'Energy Consumption (EC) - psgr'!$B$5 -> 4.5755304e+14 | ... AN7: ='Energy Consumption (EC) - psgr'!AN7*'Energy Consumption (EC) - psgr'!$B$5 -> 1.0802956e+15
A8: Electric Car | B8: ='Energy Consumption (EC) - psgr'!B8*'Energy Consumption (EC) - psgr'!$B$5 -> 5.2959647e+10 | C8: ='Energy Consumption (EC) - psgr'!C8*'Energy Consumption (EC) - psgr'!$B$5 -> 5.4447833e+10 | D8: ='Energy Consumption (EC) - psgr'!D8*'Energy Consumption (EC) - psgr'!$B$5 -> 5.5977838e+10 | E8: ='Energy Consumption (EC) - psgr'!E8*'Energy Consumption (EC) - psgr'!$B$5 -> 5.7550837e+10 | F8: ='Energy Consumption (EC) - psgr'!F8*'Energy Consumption (EC) - psgr'!$B$5 -> 5.9168038e+10 | G8: ='Energy Consumption (EC) - psgr'!G8*'Energy Consumption (EC) - psgr'!$B$5 -> 6.0830682e+10 | H8: ='Energy Consumption (EC) - psgr'!H8*'Energy Consumption (EC) - psgr'!$B$5 -> 6.2540048e+10 | I8: ='Energy Consumption (EC) - psgr'!I8*'Energy Consumption (EC) - psgr'!$B$5 -> 6.4297447e+10 | ... AN8: ='Energy Consumption (EC) - psgr'!AN8*'Energy Consumption (EC) - psgr'!$B$5 -> 1.5180809e+11
A9: CNG Car | B9: ='Energy Consumption (EC) - psgr'!B9*'Energy Consumption (EC) - psgr'!$B$5 -> 1.677313e+11 | C9: ='Energy Consumption (EC) - psgr'!C9*'Energy Consumption (EC) - psgr'!$B$5 -> 1.7244461e+11 | D9: ='Energy Consumption (EC) - psgr'!D9*'Energy Consumption (EC) - psgr'!$B$5 -> 1.7729037e+11 | E9: ='Energy Consumption (EC) - psgr'!E9*'Energy Consumption (EC) - psgr'!$B$5 -> 1.822723e+11 | F9: ='Energy Consumption (EC) - psgr'!F9*'Energy Consumption (EC) - psgr'!$B$5 -> 1.8739422e+11 | G9: ='Energy Consumption (EC) - psgr'!G9*'Energy Consumption (EC) - psgr'!$B$5 -> 1.9266007e+11 | H9: ='Energy Consumption (EC) - psgr'!H9*'Energy Consumption (EC) - psgr'!$B$5 -> 1.980739e+11 | I9: ='Energy Consumption (EC) - psgr'!I9*'Energy Consumption (EC) - psgr'!$B$5 -> 2.0363985e+11 | ... AN9: ='Energy Consumption (EC) - psgr'!AN9*'Energy Consumption (EC) - psgr'!$B$5 -> 4.8079943e+11
A10: Diesel Car | B10: ='Energy Consumption (EC) - psgr'!B10*'Energy Consumption (EC) - psgr'!$B$5 -> 5.42535e+12 | C10: ='Energy Consumption (EC) - psgr'!C10*'Energy Consumption (EC) - psgr'!$B$5 -> 5.5778045e+12 | D10: ='Energy Consumption (EC) - psgr'!D10*'Energy Consumption (EC) - psgr'!$B$5 -> 5.7345429e+12 | E10: ='Energy Consumption (EC) - psgr'!E10*'Energy Consumption (EC) - psgr'!$B$5 -> 5.8956858e+12 | F10: ='Energy Consumption (EC) - psgr'!F10*'Energy Consumption (EC) - psgr'!$B$5 -> 6.0613568e+12 | G10: ='Energy Consumption (EC) - psgr'!G10*'Energy Consumption (EC) - psgr'!$B$5 -> 6.2316833e+12 | H10: ='Energy Consumption (EC) - psgr'!H10*'Energy Consumption (EC) - psgr'!$B$5 -> 6.406796e+12 | I10: ='Energy Consumption (EC) - psgr'!I10*'Energy Consumption (EC) - psgr'!$B$5 -> 6.5868294e+12 | ... AN10: ='Energy Consumption (EC) - psgr'!AN10*'Energy Consumption (EC) - psgr'!$B$5 -> 1.555169e+13
A11: BioGasoil Car | B11: ='Energy Consumption (EC) - psgr'!B11*'Energy Consumption (EC) - psgr'!$B$5 -> 8.8655317e+13 | C11: ='Energy Consumption (EC) - psgr'!C11*'Energy Consumption (EC) - psgr'!$B$5 -> 9.1146566e+13 | D11: ='Energy Consumption (EC) - psgr'!D11*'Energy Consumption (EC) - psgr'!$B$5 -> 9.3707819e+13 | E11: ='Energy Consumption (EC) - psgr'!E11*'Energy Consumption (EC) - psgr'!$B$5 -> 9.6341045e+13 | F11: ='Energy Consumption (EC) - psgr'!F11*'Energy Consumption (EC) - psgr'!$B$5 -> 9.9048266e+13 | G11: ='Energy Consumption (EC) - psgr'!G11*'Energy Consumption (EC) - psgr'!$B$5 -> 1.0183156e+14 | H11: ='Energy Consumption (EC) - psgr'!H11*'Energy Consumption (EC) - psgr'!$B$5 -> 1.0469307e+14 | I11: ='Energy Consumption (EC) - psgr'!I11*'Energy Consumption (EC) - psgr'!$B$5 -> 1.0763498e+14 | ... AN11: ='Energy Consumption (EC) - psgr'!AN11*'Energy Consumption (EC) - psgr'!$B$5 -> 2.5412923e+14
A14: Variable: Motorcycle: Total Final Energy Consumption (BTU)
A15: Scenario: Business as Usual
A16: Branch: Demand\Transportation\Passenger\Road Transport\Motorcycle\Gasoline Motorcycle
A17: Region: Indonesia
A19: Branch | B19: 2022 | C19: 2023 | D19: 2024 | E19: 2025 | F19: 2026 | G19: 2027 | H19: 2028 | I19: 2029 | J19: 2030 | K19: 2031 | L19: 2032 | M19: 2033 | N19: 2034 | O19: 2035 | P19: 2036 | Q19: 2037 | R19: 2038 | S19: 2039 | T19: 2040 | U19: 2041 | V19: 2042 | W19: 2043 | X19: 2044 | Y19: 2045 | Z19: 2046 | AA19: 2047 | AB19: 2048 | AC19: 2049 | AD19: 2050 | AE19: 2051 | AF19: 2052 | AG19: 2053 | AH19: 2054 | AI19: 2055 | AJ19: 2056 | AK19: 2057 | AL19: 2058 | AM19: 2059 | AN19: 2060
A20: Gasoline Motorcycle | B20: ='Energy Consumption (EC) - psgr'!B20*'Energy Consumption (EC) - psgr'!$B$18 -> 7.4222247e+14 | C20: ='Energy Consumption (EC) - psgr'!C20*'Energy Consumption (EC) - psgr'!$B$18 -> 7.6307921e+14 | D20: ='Energy Consumption (EC) - psgr'!D20*'Energy Consumption (EC) - psgr'!$B$18 -> 7.8452203e+14 | E20: ='Energy Consumption (EC) - psgr'!E20*'Energy Consumption (EC) - psgr'!$B$18 -> 8.065674e+14 | F20: ='Energy Consumption (EC) - psgr'!F20*'Energy Consumption (EC) - psgr'!$B$18 -> 8.2923225e+14 | G20: ='Energy Consumption (EC) - psgr'!G20*'Energy Consumption (EC) - psgr'!$B$18 -> 8.52534e+14 | H20: ='Energy Consumption (EC) - psgr'!H20*'Energy Consumption (EC) - psgr'!$B$18 -> 8.7649053e+14 | I20: ='Energy Consumption (EC) - psgr'!I20*'Energy Consumption (EC) - psgr'!$B$18 -> 9.0112025e+14 | ... AN20: ='Energy Consumption (EC) - psgr'!AN20*'Energy Consumption (EC) - psgr'!$B$18 -> 2.1275703e+15
A21: Electric Motorcycle | B21: ='Energy Consumption (EC) - psgr'!B21*'Energy Consumption (EC) - psgr'!$B$18 -> 2.9797841e+10 | C21: ='Energy Consumption (EC) - psgr'!C21*'Energy Consumption (EC) - psgr'!$B$18 -> 3.0635172e+10 | D21: ='Energy Consumption (EC) - psgr'!D21*'Energy Consumption (EC) - psgr'!$B$18 -> 3.1496032e+10 | E21: ='Energy Consumption (EC) - psgr'!E21*'Energy Consumption (EC) - psgr'!$B$18 -> 3.2381083e+10 | F21: ='Energy Consumption (EC) - psgr'!F21*'Energy Consumption (EC) - psgr'!$B$18 -> 3.3291004e+10 | G21: ='Energy Consumption (EC) - psgr'!G21*'Energy Consumption (EC) - psgr'!$B$18 -> 3.4226494e+10 | H21: ='Energy Consumption (EC) - psgr'!H21*'Energy Consumption (EC) - psgr'!$B$18 -> 3.5188272e+10 | I21: ='Energy Consumption (EC) - psgr'!I21*'Energy Consumption (EC) - psgr'!$B$18 -> 3.6177076e+10 | ... AN21: ='Energy Consumption (EC) - psgr'!AN21*'Energy Consumption (EC) - psgr'!$B$18 -> 8.5415096e+10
A22: CNG Motorcycle | B22: ='Energy Consumption (EC) - psgr'!B22*'Energy Consumption (EC) - psgr'!$B$18 -> 1.3932014e+10 | C22: ='Energy Consumption (EC) - psgr'!C22*'Energy Consumption (EC) - psgr'!$B$18 -> 1.4323509e+10 | D22: ='Energy Consumption (EC) - psgr'!D22*'Energy Consumption (EC) - psgr'!$B$18 -> 1.4726005e+10 | E22: ='Energy Consumption (EC) - psgr'!E22*'Energy Consumption (EC) - psgr'!$B$18 -> 1.5139812e+10 | F22: ='Energy Consumption (EC) - psgr'!F22*'Energy Consumption (EC) - psgr'!$B$18 -> 1.5565246e+10 | G22: ='Energy Consumption (EC) - psgr'!G22*'Energy Consumption (EC) - psgr'!$B$18 -> 1.6002636e+10 | H22: ='Energy Consumption (EC) - psgr'!H22*'Energy Consumption (EC) - psgr'!$B$18 -> 1.6452316e+10 | I22: ='Energy Consumption (EC) - psgr'!I22*'Energy Consumption (EC) - psgr'!$B$18 -> 1.6914632e+10 | ... AN22: ='Energy Consumption (EC) - psgr'!AN22*'Energy Consumption (EC) - psgr'!$B$18 -> 3.9935924e+10
A25: Variable: Bus: Total Final Energy Consumption (BTU)
A26: Scenario: Business as Usual
A27: Branch: Demand\Transportation\Passenger\Road Transport\Bus\Electric Bus
A28: Region: Indonesia
A30: Branch | B30: 2022 | C30: 2023 | D30: 2024 | E30: 2025 | F30: 2026 | G30: 2027 | H30: 2028 | I30: 2029 | J30: 2030 | K30: 2031 | L30: 2032 | M30: 2033 | N30: 2034 | O30: 2035 | P30: 2036 | Q30: 2037 | R30: 2038 | S30: 2039 | T30: 2040 | U30: 2041 | V30: 2042 | W30: 2043 | X30: 2044 | Y30: 2045 | Z30: 2046 | AA30: 2047 | AB30: 2048 | AC30: 2049 | AD30: 2050 | AE30: 2051 | AF30: 2052 | AG30: 2053 | AH30: 2054 | AI30: 2055 | AJ30: 2056 | AK30: 2057 | AL30: 2058 | AM30: 2059 | AN30: 2060
A31: Electric Bus | B31: ='Energy Consumption (EC) - psgr'!B31*'Energy Consumption (EC) - psgr'!$B$29 -> 2.1744038e+10 | C31: ='Energy Consumption (EC) - psgr'!C31*'Energy Consumption (EC) - psgr'!$B$29 -> 2.2355054e+10 | D31: ='Energy Consumption (EC) - psgr'!D31*'Energy Consumption (EC) - psgr'!$B$29 -> 2.2983239e+10 | E31: ='Energy Consumption (EC) - psgr'!E31*'Energy Consumption (EC) - psgr'!$B$29 -> 2.3629077e+10 | F31: ='Energy Consumption (EC) - psgr'!F31*'Energy Consumption (EC) - psgr'!$B$29 -> 2.4293063e+10 | G31: ='Energy Consumption (EC) - psgr'!G31*'Energy Consumption (EC) - psgr'!$B$29 -> 2.4975708e+10 | H31: ='Energy Consumption (EC) - psgr'!H31*'Energy Consumption (EC) - psgr'!$B$29 -> 2.5677535e+10 | I31: ='Energy Consumption (EC) - psgr'!I31*'Energy Consumption (EC) - psgr'!$B$29 -> 2.6399083e+10 | ... AN31: ='Energy Consumption (EC) - psgr'!AN31*'Energy Consumption (EC) - psgr'!$B$29 -> 6.2328981e+10
A32: CNG Bus | B32: ='Energy Consumption (EC) - psgr'!B32*'Energy Consumption (EC) - psgr'!$B$29 -> 1.8759821e+11 | C32: ='Energy Consumption (EC) - psgr'!C32*'Energy Consumption (EC) - psgr'!$B$29 -> 1.9286979e+11 | D32: ='Energy Consumption (EC) - psgr'!D32*'Energy Consumption (EC) - psgr'!$B$29 -> 1.9828951e+11 | E32: ='Energy Consumption (EC) - psgr'!E32*'Energy Consumption (EC) - psgr'!$B$29 -> 2.0386152e+11 | F32: ='Energy Consumption (EC) - psgr'!F32*'Energy Consumption (EC) - psgr'!$B$29 -> 2.0959011e+11 | G32: ='Energy Consumption (EC) - psgr'!G32*'Energy Consumption (EC) - psgr'!$B$29 -> 2.1547967e+11 | H32: ='Energy Consumption (EC) - psgr'!H32*'Energy Consumption (EC) - psgr'!$B$29 -> 2.2153473e+11 | I32: ='Energy Consumption (EC) - psgr'!I32*'Energy Consumption (EC) - psgr'!$B$29 -> 2.2775994e+11 | ... AN32: ='Energy Consumption (EC) - psgr'!AN32*'Energy Consumption (EC) - psgr'!$B$29 -> 5.3774765e+11
A33: Diesel Bus | B33: ='Energy Consumption (EC) - psgr'!B33*'Energy Consumption (EC) - psgr'!$B$29 -> 1.9497489e+13 | C33: ='Energy Consumption (EC) - psgr'!C33*'Energy Consumption (EC) - psgr'!$B$29 -> 2.0045376e+13 | D33: ='Energy Consumption (EC) - psgr'!D33*'Energy Consumption (EC) - psgr'!$B$29 -> 2.0608658e+13 | E33: ='Energy Consumption (EC) - psgr'!E33*'Energy Consumption (EC) - psgr'!$B$29 -> 2.118777e+13 | F33: ='Energy Consumption (EC) - psgr'!F33*'Energy Consumption (EC) - psgr'!$B$29 -> 2.1783154e+13 | G33: ='Energy Consumption (EC) - psgr'!G33*'Energy Consumption (EC) - psgr'!$B$29 -> 2.2395269e+13 | H33: ='Energy Consumption (EC) - psgr'!H33*'Energy Consumption (EC) - psgr'!$B$29 -> 2.3024585e+13 | I33: ='Energy Consumption (EC) - psgr'!I33*'Energy Consumption (EC) - psgr'!$B$29 -> 2.3671585e+13 | ... AN33: ='Energy Consumption (EC) - psgr'!AN33*'Energy Consumption (EC) - psgr'!$B$29 -> 5.5889279e+13
A34: BioGasoil Bus | B34: ='Energy Consumption (EC) - psgr'!B34*'Energy Consumption (EC) - psgr'!$B$29 -> 3.1860728e+14 | C34: ='Energy Consumption (EC) - psgr'!C34*'Energy Consumption (EC) - psgr'!$B$29 -> 3.2756027e+14 | D34: ='Energy Consumption (EC) - psgr'!D34*'Energy Consumption (EC) - psgr'!$B$29 -> 3.3676484e+14 | E34: ='Energy Consumption (EC) - psgr'!E34*'Energy Consumption (EC) - psgr'!$B$29 -> 3.4622806e+14 | F34: ='Energy Consumption (EC) - psgr'!F34*'Energy Consumption (EC) - psgr'!$B$29 -> 3.5595721e+14 | G34: ='Energy Consumption (EC) - psgr'!G34*'Energy Consumption (EC) - psgr'!$B$29 -> 3.6595974e+14 | H34: ='Energy Consumption (EC) - psgr'!H34*'Energy Consumption (EC) - psgr'!$B$29 -> 3.7624335e+14 | I34: ='Energy Consumption (EC) - psgr'!I34*'Energy Consumption (EC) - psgr'!$B$29 -> 3.8681593e+14 | ... AN34: ='Energy Consumption (EC) - psgr'!AN34*'Energy Consumption (EC) - psgr'!$B$29 -> 9.1328333e+14
A37: Variable: Railway: Total Final Energy Consumption (BTU)
A38: Scenario: Business as Usual
A39: Branch: Demand\Transportation\Passenger\Railway\Urban Train
A40: Region: Indonesia
A42: Branch | B42: 2022 | C42: 2023 | D42: 2024 | E42: 2025 | F42: 2026 | G42: 2027 | H42: 2028 | I42: 2029 | J42: 2030 | K42: 2031 | L42: 2032 | M42: 2033 | N42: 2034 | O42: 2035 | P42: 2036 | Q42: 2037 | R42: 2038 | S42: 2039 | T42: 2040 | U42: 2041 | V42: 2042 | W42: 2043 | X42: 2044 | Y42: 2045 | Z42: 2046 | AA42: 2047 | AB42: 2048 | AC42: 2049 | AD42: 2050 | AE42: 2051 | AF42: 2052 | AG42: 2053 | AH42: 2054 | AI42: 2055 | AJ42: 2056 | AK42: 2057 | AL42: 2058 | AM42: 2059 | AN42: 2060
A43: Urban Train | B43: ='Energy Consumption (EC) - psgr'!B43*'Energy Consumption (EC) - psgr'!$B$41 -> 1.0699657e+12 | C43: ='Energy Consumption (EC) - psgr'!C43*'Energy Consumption (EC) - psgr'!$B$41 -> 1.0736244e+12 | D43: ='Energy Consumption (EC) - psgr'!D43*'Energy Consumption (EC) - psgr'!$B$41 -> 1.0772831e+12 | E43: ='Energy Consumption (EC) - psgr'!E43*'Energy Consumption (EC) - psgr'!$B$41 -> 1.0809418e+12 | F43: ='Energy Consumption (EC) - psgr'!F43*'Energy Consumption (EC) - psgr'!$B$41 -> 1.0907287e+12 | G43: ='Energy Consumption (EC) - psgr'!G43*'Energy Consumption (EC) - psgr'!$B$41 -> 1.1005157e+12 | H43: ='Energy Consumption (EC) - psgr'!H43*'Energy Consumption (EC) - psgr'!$B$41 -> 1.1103026e+12 | I43: ='Energy Consumption (EC) - psgr'!I43*'Energy Consumption (EC) - psgr'!$B$41 -> 1.1200895e+12 | ... AN43: ='Energy Consumption (EC) - psgr'!AN43*'Energy Consumption (EC) - psgr'!$B$41 -> 1.2475745e+12
A44: Diesel Train | B44: ='Energy Consumption (EC) - psgr'!B44*'Energy Consumption (EC) - psgr'!$B$41 -> 4.7821485e+11 | C44: ='Energy Consumption (EC) - psgr'!C44*'Energy Consumption (EC) - psgr'!$B$41 -> 4.7985008e+11 | D44: ='Energy Consumption (EC) - psgr'!D44*'Energy Consumption (EC) - psgr'!$B$41 -> 4.814853e+11 | E44: ='Energy Consumption (EC) - psgr'!E44*'Energy Consumption (EC) - psgr'!$B$41 -> 4.8312053e+11 | F44: ='Energy Consumption (EC) - psgr'!F44*'Energy Consumption (EC) - psgr'!$B$41 -> 4.8749474e+11 | G44: ='Energy Consumption (EC) - psgr'!G44*'Energy Consumption (EC) - psgr'!$B$41 -> 4.9186896e+11 | H44: ='Energy Consumption (EC) - psgr'!H44*'Energy Consumption (EC) - psgr'!$B$41 -> 4.9624317e+11 | I44: ='Energy Consumption (EC) - psgr'!I44*'Energy Consumption (EC) - psgr'!$B$41 -> 5.0061738e+11 | ... AN44: ='Energy Consumption (EC) - psgr'!AN44*'Energy Consumption (EC) - psgr'!$B$41 -> 5.5759603e+11
A45: BioGasoil Train | B45: ='Energy Consumption (EC) - psgr'!B45*'Energy Consumption (EC) - psgr'!$B$41 -> 7.82928e+11 | C45: ='Energy Consumption (EC) - psgr'!C45*'Energy Consumption (EC) - psgr'!$B$41 -> 7.8560518e+11 | D45: ='Energy Consumption (EC) - psgr'!D45*'Energy Consumption (EC) - psgr'!$B$41 -> 7.8828236e+11 | E45: ='Energy Consumption (EC) - psgr'!E45*'Energy Consumption (EC) - psgr'!$B$41 -> 7.9095953e+11 | F45: ='Energy Consumption (EC) - psgr'!F45*'Energy Consumption (EC) - psgr'!$B$41 -> 7.9812095e+11 | G45: ='Energy Consumption (EC) - psgr'!G45*'Energy Consumption (EC) - psgr'!$B$41 -> 8.0528236e+11 | H45: ='Energy Consumption (EC) - psgr'!H45*'Energy Consumption (EC) - psgr'!$B$41 -> 8.1244377e+11 | I45: ='Energy Consumption (EC) - psgr'!I45*'Energy Consumption (EC) - psgr'!$B$41 -> 8.1960518e+11 | ... AN45: ='Energy Consumption (EC) - psgr'!AN45*'Energy Consumption (EC) - psgr'!$B$41 -> 9.1288998e+11
A48: Variable: Marine: Total Final Energy Consumption (BTU)
A49: Scenario: Business as Usual
A50: Branch: Demand\Transportation\Passenger\Marine\Gasoline Passenger Ship
A51: Region: Indonesia
A53: Branch | B53: 2022 | C53: 2023 | D53: 2024 | E53: 2025 | F53: 2026 | G53: 2027 | H53: 2028 | I53: 2029 | J53: 2030 | K53: 2031 | L53: 2032 | M53: 2033 | N53: 2034 | O53: 2035 | P53: 2036 | Q53: 2037 | R53: 2038 | S53: 2039 | T53: 2040 | U53: 2041 | V53: 2042 | W53: 2043 | X53: 2044 | Y53: 2045 | Z53: 2046 | AA53: 2047 | AB53: 2048 | AC53: 2049 | AD53: 2050 | AE53: 2051 | AF53: 2052 | AG53: 2053 | AH53: 2054 | AI53: 2055 | AJ53: 2056 | AK53: 2057 | AL53: 2058 | AM53: 2059 | AN53: 2060
A54: Gasoline Passenger Ship | B54: ='Energy Consumption (EC) - psgr'!B54*'Energy Consumption (EC) - psgr'!$B$52 -> 5.6839138e+12 | C54: ='Energy Consumption (EC) - psgr'!C54*'Energy Consumption (EC) - psgr'!$B$52 -> 5.9681095e+12 | D54: ='Energy Consumption (EC) - psgr'!D54*'Energy Consumption (EC) - psgr'!$B$52 -> 6.2665149e+12 | E54: ='Energy Consumption (EC) - psgr'!E54*'Energy Consumption (EC) - psgr'!$B$52 -> 6.5798407e+12 | F54: ='Energy Consumption (EC) - psgr'!F54*'Energy Consumption (EC) - psgr'!$B$52 -> 6.9088327e+12 | G54: ='Energy Consumption (EC) - psgr'!G54*'Energy Consumption (EC) - psgr'!$B$52 -> 7.2542743e+12 | H54: ='Energy Consumption (EC) - psgr'!H54*'Energy Consumption (EC) - psgr'!$B$52 -> 7.6169881e+12 | I54: ='Energy Consumption (EC) - psgr'!I54*'Energy Consumption (EC) - psgr'!$B$52 -> 7.9978375e+12 | ... AN54: ='Energy Consumption (EC) - psgr'!AN54*'Energy Consumption (EC) - psgr'!$B$52 -> 3.6294502e+13
A55: MFO Passenger Ship | B55: ='Energy Consumption (EC) - psgr'!B55*'Energy Consumption (EC) - psgr'!$B$52 -> 2.816069e+09 | C55: ='Energy Consumption (EC) - psgr'!C55*'Energy Consumption (EC) - psgr'!$B$52 -> 2.9568724e+09 | D55: ='Energy Consumption (EC) - psgr'!D55*'Energy Consumption (EC) - psgr'!$B$52 -> 3.1047161e+09 | E55: ='Energy Consumption (EC) - psgr'!E55*'Energy Consumption (EC) - psgr'!$B$52 -> 3.2599519e+09 | F55: ='Energy Consumption (EC) - psgr'!F55*'Energy Consumption (EC) - psgr'!$B$52 -> 3.4229495e+09 | G55: ='Energy Consumption (EC) - psgr'!G55*'Energy Consumption (EC) - psgr'!$B$52 -> 3.5940969e+09 | H55: ='Energy Consumption (EC) - psgr'!H55*'Energy Consumption (EC) - psgr'!$B$52 -> 3.7738018e+09 | I55: ='Energy Consumption (EC) - psgr'!I55*'Energy Consumption (EC) - psgr'!$B$52 -> 3.9624919e+09 | ... AN55: ='Energy Consumption (EC) - psgr'!AN55*'Energy Consumption (EC) - psgr'!$B$52 -> 1.7981945e+10
A56: MDF Passenger Ship | B56: ='Energy Consumption (EC) - psgr'!B56*'Energy Consumption (EC) - psgr'!$B$52 -> 1.2932163e+08 | C56: ='Energy Consumption (EC) - psgr'!C56*'Energy Consumption (EC) - psgr'!$B$52 -> 1.3578771e+08 | D56: ='Energy Consumption (EC) - psgr'!D56*'Energy Consumption (EC) - psgr'!$B$52 -> 1.4257709e+08 | E56: ='Energy Consumption (EC) - psgr'!E56*'Energy Consumption (EC) - psgr'!$B$52 -> 1.4970595e+08 | F56: ='Energy Consumption (EC) - psgr'!F56*'Energy Consumption (EC) - psgr'!$B$52 -> 1.5719125e+08 | G56: ='Energy Consumption (EC) - psgr'!G56*'Energy Consumption (EC) - psgr'!$B$52 -> 1.6505081e+08 | H56: ='Energy Consumption (EC) - psgr'!H56*'Energy Consumption (EC) - psgr'!$B$52 -> 1.7330335e+08 | I56: ='Energy Consumption (EC) - psgr'!I56*'Energy Consumption (EC) - psgr'!$B$52 -> 1.8196852e+08 | ... AN56: ='Energy Consumption (EC) - psgr'!AN56*'Energy Consumption (EC) - psgr'!$B$52 -> 8.2578031e+08
A59: Variable: Aviation: Total Final Energy Consumption (BTU)
A60: Scenario: Business as Usual
A61: Branch: Demand\Transportation\Passenger\Aviation\Avgas Plane
A62: Region: Indonesia
A64: Branch | B64: 2022 | C64: 2023 | D64: 2024 | E64: 2025 | F64: 2026 | G64: 2027 | H64: 2028 | I64: 2029 | J64: 2030 | K64: 2031 | L64: 2032 | M64: 2033 | N64: 2034 | O64: 2035 | P64: 2036 | Q64: 2037 | R64: 2038 | S64: 2039 | T64: 2040 | U64: 2041 | V64: 2042 | W64: 2043 | X64: 2044 | Y64: 2045 | Z64: 2046 | AA64: 2047 | AB64: 2048 | AC64: 2049 | AD64: 2050 | AE64: 2051 | AF64: 2052 | AG64: 2053 | AH64: 2054 | AI64: 2055 | AJ64: 2056 | AK64: 2057 | AL64: 2058 | AM64: 2059 | AN64: 2060
A65: Avgas Plane | B65: ='Energy Consumption (EC) - psgr'!B65*'Energy Consumption (EC) - psgr'!$B$63 -> 1.615268e+10 | C65: ='Energy Consumption (EC) - psgr'!C65*'Energy Consumption (EC) - psgr'!$B$63 -> 1.6960313e+10 | D65: ='Energy Consumption (EC) - psgr'!D65*'Energy Consumption (EC) - psgr'!$B$63 -> 1.7808329e+10 | E65: ='Energy Consumption (EC) - psgr'!E65*'Energy Consumption (EC) - psgr'!$B$63 -> 1.8698746e+10 | F65: ='Energy Consumption (EC) - psgr'!F65*'Energy Consumption (EC) - psgr'!$B$63 -> 1.9633683e+10 | G65: ='Energy Consumption (EC) - psgr'!G65*'Energy Consumption (EC) - psgr'!$B$63 -> 2.0615367e+10 | H65: ='Energy Consumption (EC) - psgr'!H65*'Energy Consumption (EC) - psgr'!$B$63 -> 2.1646135e+10 | I65: ='Energy Consumption (EC) - psgr'!I65*'Energy Consumption (EC) - psgr'!$B$63 -> 2.2728442e+10 | ... AN65: ='Energy Consumption (EC) - psgr'!AN65*'Energy Consumption (EC) - psgr'!$B$63 -> 1.0314257e+11
A66: Avtur Plane | B66: ='Energy Consumption (EC) - psgr'!B66*'Energy Consumption (EC) - psgr'!$B$63 -> 4.4579218e+13 | C66: ='Energy Consumption (EC) - psgr'!C66*'Energy Consumption (EC) - psgr'!$B$63 -> 4.6808179e+13 | D66: ='Energy Consumption (EC) - psgr'!D66*'Energy Consumption (EC) - psgr'!$B$63 -> 4.9148588e+13 | E66: ='Energy Consumption (EC) - psgr'!E66*'Energy Consumption (EC) - psgr'!$B$63 -> 5.1606018e+13 | F66: ='Energy Consumption (EC) - psgr'!F66*'Energy Consumption (EC) - psgr'!$B$63 -> 5.4186319e+13 | G66: ='Energy Consumption (EC) - psgr'!G66*'Energy Consumption (EC) - psgr'!$B$63 -> 5.6895634e+13 | H66: ='Energy Consumption (EC) - psgr'!H66*'Energy Consumption (EC) - psgr'!$B$63 -> 5.9740416e+13 | I66: ='Energy Consumption (EC) - psgr'!I66*'Energy Consumption (EC) - psgr'!$B$63 -> 6.2727437e+13 | ... AN66: ='Energy Consumption (EC) - psgr'!AN66*'Energy Consumption (EC) - psgr'!$B$63 -> 2.8465959e+14

Sheet Level of Activity (LA) - frgt
A1: Variable: Road: Total Activity (Billion Tonne-km)
A2: Scenario: Business as Usual
A3: Branch: Demand\Transportation\Freight\Road\Light Truck
A4: Region: Indonesia
A5: Billion Ton*km to Ton*miles | B5: 621371192
A6: Branch | B6: 2022 | C6: 2023 | D6: 2024 | E6: 2025 | F6: 2026 | G6: 2027 | H6: 2028 | I6: 2029 | J6: 2030 | K6: 2031 | L6: 2032 | M6: 2033 | N6: 2034 | O6: 2035 | P6: 2036 | Q6: 2037 | R6: 2038 | S6: 2039 | T6: 2040 | U6: 2041 | V6: 2042 | W6: 2043 | X6: 2044 | Y6: 2045 | Z6: 2046 | AA6: 2047 | AB6: 2048 | AC6: 2049 | AD6: 2050 | AE6: 2051 | AF6: 2052 | AG6: 2053 | AH6: 2054 | AI6: 2055 | AJ6: 2056 | AK6: 2057 | AL6: 2058 | AM6: 2059 | AN6: 2060
A7: Light Truck | B7: 16.26534 | C7: 17.087146 | D7: 17.950474 | E7: 18.857422 | F7: 19.810193 | G7: 20.811103 | H7: 21.862584 | I7: 22.967191 | J7: 24.127608 | K7: 25.346656 | L7: 26.627295 | M7: 27.97264 | N7: 29.385957 | O7: 30.870683 | P7: 32.430424 | Q7: 34.068971 | R7: 35.790306 | S7: 37.598611 | T7: 39.498281 | U7: 41.493932 | V7: 43.590412 | W7: 45.792818 | X7: 48.1065 | Y7: 50.537081 | Z7: 53.090467 | AA7: 55.772863 | AB7: 58.590787 | AC7: 61.551086 | AD7: 64.660955 | AE7: 67.92795 | AF7: 71.360009 | AG7: 74.965474 | AH7: 78.753104 | AI7: 82.732105 | AJ7: 86.912145 | AK7: 91.303381 | AL7: 95.916484 | AM7: 100.76266 | AN7: 105.8537
A8: Medium Truck | B8: 17.743321 | C8: 18.639803 | D8: 19.581579 | E8: 20.570938 | F8: 21.610285 | G8: 22.702144 | H8: 23.84917 | I8: 25.054149 | J8: 26.32001 | K8: 27.649829 | L8: 29.046836 | M8: 30.514428 | N8: 32.056169 | O8: 33.675807 | P8: 35.377277 | Q8: 37.164714 | R8: 39.042462 | S8: 41.015082 | T8: 43.087369 | U8: 45.264358 | V8: 47.55134 | W8: 49.953872 | X8: 52.477791 | Y8: 55.129231 | Z8: 57.914636 | AA8: 60.840773 | AB8: 63.914753 | AC8: 67.144046 | AD8: 70.536498 | AE8: 74.100355 | AF8: 77.844275 | AG8: 81.777357 | AH8: 85.909158 | AI8: 90.249719 | AJ8: 94.809586 | AK8: 99.59984 | AL8: 104.63212 | AM8: 109.91866 | AN8: 115.4723
A9: Heavy Truck | B9: 3.6949543 | C9: 3.8816419 | D9: 4.0777618 | E9: 4.2837907 | F9: 4.5002293 | G9: 4.7276034 | H9: 4.9664655 | I9: 5.2173962 | J9: 5.4810051 | K9: 5.7579329 | L9: 6.0488525 | M9: 6.3544707 | N9: 6.6755304 | O9: 7.0128116 | P9: 7.3671339 | Q9: 7.7393583 | R9: 8.1303894 | S9: 8.5411773 | T9: 8.9727203 | U9: 9.426067 | V9: 9.902319 | W9: 10.402634 | X9: 10.928227 | Y9: 11.480375 | Z9: 12.060421 | AA9: 12.669774 | AB9: 13.309914 | AC9: 13.982398 | AD9: 14.688859 | AE9: 15.431013 | AF9: 16.210665 | AG9: 17.029709 | AH9: 17.890135 | AI9: 18.794034 | AJ9: 19.743603 | AK9: 20.741148 | AL9: 21.789095 | AM9: 22.889989 | AN9: 24.046505
A10: Biodiesel Light Truck | B10: 278.93139 | C10: 293.0244 | D10: 307.82945 | E10: 323.38254 | F10: 339.72144 | G10: 356.88587 | H10: 374.91752 | I10: 393.86023 | J10: 413.76002 | K10: 434.66524 | L10: 456.62671 | M10: 479.69777 | N10: 503.9345 | O10: 529.39579 | P10: 556.14351 | Q10: 584.24266 | R10: 613.76153 | S10: 644.77183 | T10: 677.34892 | U10: 711.57198 | V10: 747.52415 | W10: 785.29281 | X10: 824.96973 | Y10: 866.65132 | Z10: 910.43888 | AA10: 956.43881 | AB10: 1004.7629 | AC10: 1055.5285 | AD10: 1108.8591 | AE10: 1164.8842 | AF10: 1223.74 | AG10: 1285.5694 | AH10: 1350.5228 | AI10: 1418.758 | AJ10: 1490.4408 | AK10: 1565.7453 | AL10: 1644.8546 | AM10: 1727.9608 | AN10: 1815.266
A11: Biodiesel Medium Truck | B11: 304.27703 | C11: 319.65063 | D11: 335.80098 | E11: 352.76732 | F11: 370.59089 | G11: 389.31499 | H11: 408.98513 | I11: 429.64911 | J11: 451.35713 | K11: 474.16195 | L11: 498.11898 | M11: 523.28644 | N11: 549.72549 | O11: 577.50037 | P11: 606.67858 | Q11: 637.33101 | R11: 669.53216 | S11: 703.36027 | T11: 738.89755 | U11: 776.23035 | V11: 815.44939 | W11: 856.64997 | X11: 899.93221 | Y11: 945.40128 | Z11: 993.16768 | AA11: 1043.3475 | AB11: 1096.0626 | AC11: 1151.4412 | AD11: 1209.6177 | AE11: 1270.7337 | AF11: 1334.9375 | AG11: 1402.3852 | AH11: 1473.2407 | AI11: 1547.6762 | AJ11: 1625.8726 | AK11: 1708.0198 | AL11: 1794.3175 | AM11: 1884.9753 | AN11: 1980.2137
A12: Biodiesel Heavy Truck | B12: 63.364108 | C12: 66.565579 | D12: 69.928805 | E12: 73.461958 | F12: 77.173623 | G12: 81.072821 | H12: 85.169025 | I12: 89.47219 | J12: 93.992772 | K12: 98.741757 | L12: 103.73068 | M12: 108.97168 | N12: 114.47747 | O12: 120.26145 | P12: 126.33765 | Q12: 132.72086 | R12: 139.42659 | S12: 146.47111 | T12: 153.87157 | U12: 161.64593 | V12: 169.81309 | W12: 178.3929 | X12: 187.4062 | Y12: 196.87489 | Z12: 206.822 | AA12: 217.27168 | AB12: 228.24933 | AC12: 239.78163 | AD12: 251.8966 | AE12: 264.62367 | AF12: 277.99378 | AG12: 292.03942 | AH12: 306.79471 | AI12: 322.29551 | AJ12: 338.57949 | AK12: 355.68622 | AL12: 373.65727 | AM12: 392.5363 | AN12: 412.3692
A15: Variable: Railway: Total Activity (Million Tonne-km)
A16: Scenario: Business as Usual
A17: Branch: Demand\Transportation\Freight\Railway\Diesel Train
A18: Region: Indonesia
A19: Million Ton*km to Ton*miles | B19: 621371.19
A20: Branch | B20: 2022 | C20: 2023 | D20: 2024 | E20: 2025 | F20: 2026 | G20: 2027 | H20: 2028 | I20: 2029 | J20: 2030 | K20: 2031 | L20: 2032 | M20: 2033 | N20: 2034 | O20: 2035 | P20: 2036 | Q20: 2037 | R20: 2038 | S20: 2039 | T20: 2040 | U20: 2041 | V20: 2042 | W20: 2043 | X20: 2044 | Y20: 2045 | Z20: 2046 | AA20: 2047 | AB20: 2048 | AC20: 2049 | AD20: 2050 | AE20: 2051 | AF20: 2052 | AG20: 2053 | AH20: 2054 | AI20: 2055 | AJ20: 2056 | AK20: 2057 | AL20: 2058 | AM20: 2059 | AN20: 2060
A21: Diesel Train | B21: 0.7645178 | C21: 0.80314506 | D21: 0.84372396 | E21: 0.88635312 | F21: 0.93113611 | G21: 0.97818176 | H21: 1.0276044 | I21: 1.0795241 | J21: 1.1340671 | K21: 1.1913658 | L21: 1.2515596 | M21: 1.3147946 | N21: 1.3812246 | O21: 1.451011 | P21: 1.5243233 | Q21: 1.6013397 | R21: 1.6822474 | S21: 1.767243 | T21: 1.8565329 | U21: 1.9503343 | V21: 2.0488749 | W21: 2.1523943 | X21: 2.261144 | Y21: 2.3753883 | Z21: 2.4954048 | AA21: 2.6214851 | AB21: 2.7539357 | AC21: 2.8930783 | AD21: 3.0392511 | AE21: 3.1928092 | AF21: 3.3541259 | AG21: 3.5235931 | AH21: 3.7016227 | AI21: 3.8886472 | AJ21: 4.085121 | AK21: 4.2915218 | AL21: 4.5083509 | AM21: 4.7361354 | AN21: 4.9754286
A22: BioGasoil Train | B22: 13.110578 | C22: 13.77299 | D22: 14.468871 | E22: 15.19991 | F22: 15.967886 | G22: 16.774663 | H22: 17.622203 | I22: 18.512565 | J22: 19.447912 | K22: 20.430518 | L22: 21.46277 | M22: 22.547176 | N22: 23.686373 | O22: 24.883126 | P22: 26.140346 | Q22: 27.461087 | R22: 28.848559 | S22: 30.306132 | T22: 31.83735 | U22: 33.445932 | V22: 35.135787 | W22: 36.911023 | X22: 38.775953 | Y22: 40.735108 | Z22: 42.793249 | AA22: 44.955378 | AB22: 47.226748 | AC22: 49.61288 | AD22: 52.11957 | AE22: 54.752912 | AF22: 57.519303 | AG22: 60.425465 | AH22: 63.478462 | AI22: 66.685711 | AJ22: 70.055007 | AK22: 73.594536 | AL22: 77.3129 | AM22: 81.219134 | AN22: 85.322731
A25: Variable: Marine: Total Activity (Billion Metric Tonne)
A26: Scenario: Business as Usual
A27: Branch: Demand\Transportation\Freight\Marine\MFO Freight Ship
A28: Region: Indonesia
A29: Billion Ton*km to Ton*miles | B29: 621371192
A30: Branch | B30: 2022 | C30: 2023 | D30: 2024 | E30: 2025 | F30: 2026 | G30: 2027 | H30: 2028 | I30: 2029 | J30: 2030 | K30: 2031 | L30: 2032 | M30: 2033 | N30: 2034 | O30: 2035 | P30: 2036 | Q30: 2037 | R30: 2038 | S30: 2039 | T30: 2040 | U30: 2041 | V30: 2042 | W30: 2043 | X30: 2044 | Y30: 2045 | Z30: 2046 | AA30: 2047 | AB30: 2048 | AC30: 2049 | AD30: 2050 | AE30: 2051 | AF30: 2052 | AG30: 2053 | AH30: 2054 | AI30: 2055 | AJ30: 2056 | AK30: 2057 | AL30: 2058 | AM30: 2059 | AN30: 2060
A31: MFO Freight Ship | B31: 0.049768686 | C31: 0.052283249 | D31: 0.05492486 | E31: 0.057699938 | F31: 0.060615228 | G31: 0.063677812 | H31: 0.066895134 | I31: 0.07027501 | J31: 0.073825655 | K31: 0.077555696 | L31: 0.081474198 | M31: 0.085590682 | N31: 0.089915151 | O31: 0.094458114 | P31: 0.09923061 | Q31: 0.10424424 | R31: 0.10951118 | S31: 0.11504423 | T31: 0.12085684 | U31: 0.12696313 | V31: 0.13337794 | W31: 0.14011686 | X31: 0.14719627 | Y31: 0.15463336 | Z31: 0.16244621 | AA31: 0.1706538 | AB31: 0.17927609 | AC31: 0.18833401 | AD31: 0.19784959 | AE31: 0.20784594 | AF31: 0.21834735 | AG31: 0.22937935 | AH31: 0.24096875 | AI31: 0.25314369 | AJ31: 0.26593378 | AK31: 0.27937008 | AL31: 0.29348525 | AM31: 0.3083136 | AN31: 0.32389114
A32: MDF Freight Ship | B32: 0.0021756803 | C32: 0.0022856065 | D32: 0.0024010868 | E32: 0.0025224017 | F32: 0.002649846 | G32: 0.0027837295 | H32: 0.0029243774 | I32: 0.0030721316 | J32: 0.003227351 | K32: 0.003390413 | L32: 0.0035617136 | M32: 0.0037416691 | N32: 0.003930717 | O32: 0.0041293165 | P32: 0.0043379502 | Q32: 0.0045571251 | R32: 0.0047873738 | S32: 0.0050292559 | T32: 0.0052833591 | U32: 0.0055503008 | V32: 0.0058307297 | W32: 0.0061253273 | X32: 0.0064348095 | Y32: 0.0067599283 | Z32: 0.0071014736 | AA32: 0.0074602756 | AB32: 0.007837206 | AC32: 0.0082331808 | AD32: 0.0086491623 | AE32: 0.0090861612 | AF32: 0.0095452395 | AG32: 0.010027513 | AH32: 0.010534153 | AI32: 0.011066391 | AJ32: 0.01162552 | AK32: 0.0122129 | AL32: 0.012829956 | AM32: 0.01347819 | AN32: 0.014159176
A33: Diesel Freight Ship | B33: 0.14698784 | C33: 0.1544144 | D33: 0.16221619 | E33: 0.17041216 | F33: 0.17902224 | G33: 0.18806734 | H33: 0.19756944 | I33: 0.20755164 | J33: 0.21803818 | K33: 0.22905456 | L33: 0.24062754 | M33: 0.25278525 | N33: 0.26555722 | O33: 0.2789745 | P33: 0.29306969 | Q33: 0.30787704 | R33: 0.32343252 | S33: 0.33977395 | T33: 0.35694103 | U33: 0.37497548 | V33: 0.39392111 | W33: 0.41382398 | X33: 0.43473243 | Y33: 0.45669729 | Z33: 0.47977192 | AA33: 0.5040124 | AB33: 0.52947762 | AC33: 0.55622948 | AD33: 0.58433297 | AE33: 0.6138564 | AF33: 0.64487149 | AG33: 0.67745362 | AH33: 0.71168197 | AI33: 0.7476397 | AJ33: 0.78541419 | AK33: 0.82509725 | AL33: 0.86678528 | AM33: 0.91057961 | AN33: 0.95658665
A34: BioGasoil Freight Ship | B34: 2.5206681 | C34: 2.6480249 | D34: 2.7818163 | E34: 2.9223676 | F34: 3.0700202 | G34: 3.225133 | H34: 3.3880828 | I34: 3.5592657 | J34: 3.7390976 | K34: 3.9280155 | L34: 4.1264785 | M34: 4.3349688 | N34: 4.5539931 | O34: 4.7840836 | P34: 5.0257995 | Q34: 5.279728 | R34: 5.5464862 | S34: 5.8267224 | T34: 6.1211176 | U34: 6.4303871 | V34: 6.7552824 | W34: 7.096593 | X34: 7.4551484 | Y34: 7.8318197 | Z34: 8.2275224 | AA34: 8.643218 | AB34: 9.0799166 | AC34: 9.5386794 | AD34: 10.020621 | AE34: 10.526913 | AF34: 11.058785 | AG34: 11.61753 | AH34: 12.204506 | AI34: 12.821139 | AJ34: 13.468927 | AK34: 14.149444 | AL34: 14.864345 | AM34: 15.615366 | AN34: 16.404333
A37: Variable: Aviation: Total Activity (Billion Tonne-km)
A38: Scenario: Business as Usual
A39: Branch: Demand\Transportation\Freight\Aviation\Avgas Plane
A40: Region: Indonesia
A41: Billion Ton*km to Ton*miles | B41: 621371192
A42: Branch | B42: 2022 | C42: 2023 | D42: 2024 | E42: 2025 | F42: 2026 | G42: 2027 | H42: 2028 | I42: 2029 | J42: 2030 | K42: 2031 | L42: 2032 | M42: 2033 | N42: 2034 | O42: 2035 | P42: 2036 | Q42: 2037 | R42: 2038 | S42: 2039 | T42: 2040 | U42: 2041 | V42: 2042 | W42: 2043 | X42: 2044 | Y42: 2045 | Z42: 2046 | AA42: 2047 | AB42: 2048 | AC42: 2049 | AD42: 2050 | AE42: 2051 | AF42: 2052 | AG42: 2053 | AH42: 2054 | AI42: 2055 | AJ42: 2056 | AK42: 2057 | AL42: 2058 | AM42: 2059 | AN42: 2060
A43: Avgas Plane | B43: 0.004855192 | C43: 0.0051005006 | D43: 0.0053582033 | E43: 0.0056289266 | F43: 0.0059133281 | G43: 0.006212099 | H43: 0.0065259653 | I43: 0.0068556897 | J43: 0.0072020734 | K43: 0.0075659582 | L43: 0.0079482282 | M43: 0.0083498124 | N43: 0.0087716867 | O43: 0.0092148762 | P43: 0.0096804578 | Q43: 0.010169563 | R43: 0.01068338 | S43: 0.011223158 | T43: 0.011790208 | U43: 0.012385908 | V43: 0.013011706 | W43: 0.013669123 | X43: 0.014359755 | Y43: 0.015085282 | Z43: 0.015847466 | AA43: 0.016648159 | AB43: 0.017489307 | AC43: 0.018372954 | AD43: 0.019301248 | AE43: 0.020276443 | AF43: 0.021300911 | AG43: 0.022377139 | AH43: 0.023507744 | AI43: 0.024695473 | AJ43: 0.025943212 | AK43: 0.027253992 | AL43: 0.028631 | AM43: 0.030077582 | AN43: 0.031597251
A44: Avtur Plane | B44: 12.133125 | C44: 12.746151 | D44: 13.39015 | E44: 14.066687 | F44: 14.777407 | G44: 15.524035 | H44: 16.308387 | I44: 17.132369 | J44: 17.997981 | K44: 18.907329 | L44: 19.862622 | M44: 20.866181 | N44: 21.920445 | O44: 23.027976 | P44: 24.191464 | Q44: 25.413738 | R44: 26.697767 | S44: 28.046671 | T44: 29.46373 | U44: 30.952385 | V44: 32.516254 | W44: 34.159137 | X44: 35.885028 | Y44: 37.698119 | Z44: 39.602816 | AA44: 41.603749 | AB44: 43.705778 | AC44: 45.914013 | AD44: 48.233818 | AE44: 50.670832 | AF44: 53.230975 | AG44: 55.92047 | AH44: 58.745852 | AI44: 61.713986 | AJ44: 64.832086 | AK44: 68.107727 | AL44: 71.54887 | AM44: 75.163876 | AN44: 78.961531

Sheet Energy Consumption (EC) - frgt
A1: Variable: Road: Total Final Energy Consumption (Million Gigajoule)
A2: Scenario: Business as Usual
A3: Branch: Demand\Transportation\Freight\Road\Light Truck
A4: Region: Indonesia
A5: Million Gigajoule to BTU | B5: 947817120000
A6: Branch | B6: 2022 | C6: 2023 | D6: 2024 | E6: 2025 | F6: 2026 | G6: 2027 | H6: 2028 | I6: 2029 | J6: 2030 | K6: 2031 | L6: 2032 | M6: 2033 | N6: 2034 | O6: 2035 | P6: 2036 | Q6: 2037 | R6: 2038 | S6: 2039 | T6: 2040 | U6: 2041 | V6: 2042 | W6: 2043 | X6: 2044 | Y6: 2045 | Z6: 2046 | AA6: 2047 | AB6: 2048 | AC6: 2049 | AD6: 2050 | AE6: 2051 | AF6: 2052 | AG6: 2053 | AH6: 2054 | AI6: 2055 | AJ6: 2056 | AK6: 2057 | AL6: 2058 | AM6: 2059 | AN6: 2060
A7: Light Truck | B7: 21.898433 | C7: 23.004852 | D7: 24.167172 | E7: 25.388218 | F7: 26.670958 | G7: 28.018508 | H7: 29.434143 | I7: 30.921303 | J7: 32.483602 | K7: 34.124836 | L7: 35.848994 | M7: 37.660264 | N7: 39.563049 | O7: 41.561972 | P7: 43.661891 | Q7: 45.867908 | R7: 48.185384 | S7: 50.61995 | T7: 53.177523 | U7: 55.864317 | V7: 58.686862 | W7: 61.652016 | X7: 64.766984 | Y7: 68.039336 | Z7: 71.477023 | AA7: 75.0884 | AB7: 78.882241 | AC7: 82.867766 | AD7: 87.05466 | AE7: 91.453097 | AF7: 96.073765 | AG7: 100.92789 | AH7: 106.02727 | AI7: 111.3843 | AJ7: 117.01199 | AK7: 122.92402 | AL7: 129.13476 | AM7: 135.65929 | AN7: 142.51348
A8: Medium Truck | B8: 9.2898856 | C8: 9.759257 | D8: 10.252344 | E8: 10.770343 | F8: 11.314515 | G8: 11.886181 | H8: 12.48673 | I8: 13.117622 | J8: 13.78039 | K8: 14.476644 | L8: 15.208076 | M8: 15.976464 | N8: 16.783675 | O8: 17.631671 | P8: 18.522511 | Q8: 19.458361 | R8: 20.441494 | S8: 21.474301 | T8: 22.55929 | U8: 23.699098 | V8: 24.896495 | W8: 26.15439 | X8: 27.475841 | Y8: 28.864058 | Z8: 30.322414 | AA8: 31.854454 | AB8: 33.4639 | AC8: 35.154664 | AD8: 36.930853 | AE8: 38.796785 | AF8: 40.756992 | AG8: 42.816239 | AH8: 44.97953 | AI8: 47.25212 | AJ8: 49.639534 | AK8: 52.147571 | AL8: 54.782327 | AM8: 57.550204 | AN8: 60.457928
A9: Heavy Truck | B9: 1.1607422 | C9: 1.2193887 | D9: 1.2809983 | E9: 1.3457207 | F9: 1.4137133 | G9: 1.4851411 | H9: 1.5601779 | I9: 1.6390059 | J9: 1.7218167 | K9: 1.8088114 | L9: 1.9002016 | M9: 1.9962093 | N9: 2.0970678 | O9: 2.2030222 | P9: 2.3143298 | Q9: 2.4312614 | R9: 2.5541008 | S9: 2.6831468 | T9: 2.8187128 | U9: 2.9611282 | V9: 3.1107392 | W9: 3.2679093 | X9: 3.4330205 | Y9: 3.6064738 | Z9: 3.7886909 | AA9: 3.9801145 | AB9: 4.1812098 | AC9: 4.3924654 | AD9: 4.6143948 | AE9: 4.8475371 | AF9: 5.0924589 | AG9: 5.3497553 | AH9: 5.6200517 | AI9: 5.9040048 | AJ9: 6.2023047 | AK9: 6.5156761 | AL9: 6.8448807 | AM9: 7.1907183 | AN9: 7.5540293
A10: Biodiesel Light Truck | B10: 357.84098 | C10: 375.92089 | D10: 394.9143 | E10: 414.86734 | F10: 435.82851 | G10: 457.84875 | H10: 480.98156 | I10: 505.28315 | J10: 530.81258 | K10: 557.63189 | L10: 585.80624 | M10: 615.4041 | N10: 646.49739 | O10: 679.16167 | P10: 713.47631 | Q10: 749.52471 | R10: 787.39444 | S10: 827.17755 | T10: 868.97069 | U10: 912.87544 | V10: 958.99847 | W10: 1007.4519 | X10: 1058.3534 | Y10: 1111.8267 | Z10: 1168.0017 | AA10: 1227.015 | AB10: 1289.0099 | AC10: 1354.1372 | AD10: 1422.5549 | AE10: 1494.4295 | AF10: 1569.9356 | AG10: 1649.2566 | AH10: 1732.5853 | AI10: 1820.1241 | AJ10: 1912.0859 | AK10: 2008.6941 | AL10: 2110.1833 | AM10: 2216.8003 | AN10: 2328.8042
A11: Biodiesel Medium Truck | B11: 151.80546 | C11: 159.47543 | D11: 167.53293 | E11: 175.99753 | F11: 184.8898 | G11: 194.23136 | H11: 204.0449 | I11: 214.35427 | J11: 225.18452 | K11: 236.56196 | L11: 248.51426 | M11: 261.07044 | N11: 274.26102 | O11: 288.11806 | P11: 302.67523 | Q11: 317.96789 | R11: 334.03322 | S11: 350.91025 | T11: 368.63999 | U11: 387.26553 | V11: 406.83212 | W11: 427.38731 | X11: 448.98105 | Y11: 471.66582 | Z11: 495.49674 | AA11: 520.53171 | AB11: 546.83157 | AC11: 574.46024 | AD11: 603.48484 | AE11: 633.97591 | AF11: 666.00755 | AG11: 699.65758 | AH11: 735.00778 | AI11: 772.14404 | AJ11: 811.15662 | AK11: 852.14031 | AL11: 895.1947 | AM11: 940.42441 | AN11: 987.93936
A12: Biodiesel Heavy Truck | B12: 18.967618 | C12: 19.925957 | D12: 20.932716 | E12: 21.990341 | F12: 23.101403 | G12: 24.268602 | H12: 25.494773 | I12: 26.782896 | J12: 28.136102 | K12: 29.557678 | L12: 31.05108 | M12: 32.619936 | N12: 34.268058 | O12: 35.999452 | P12: 37.818324 | Q12: 39.729095 | R12: 41.736408 | S12: 43.84514 | T12: 46.060415 | U12: 48.387618 | V12: 50.832402 | W12: 53.400709 | X12: 56.09878 | Y12: 58.933171 | Z12: 61.910769 | AA12: 65.038811 | AB12: 68.324897 | AC12: 71.777012 | AD12: 75.403546 | AE12: 79.21331 | AF12: 83.215563 | AG12: 87.420029 | AH12: 91.836926 | AI12: 96.476986 | AJ12: 101.35149 | AK12: 106.47227 | AL12: 111.85178 | AM12: 117.50309 | AN12: 123.43994
A15: Variable: Railway: Total Final Energy Consumption (Thousand Gigajoule)
A16: Scenario: Business as Usual
A17: Branch: Demand\Transportation\Freight\Railway\Diesel Train
A18: Region: Indonesia
A19: Thousand Gigajoule to BTU | B19: 947817120
A20: Branch | B20: 2022 | C20: 2023 | D20: 2024 | E20: 2025 | F20: 2026 | G20: 2027 | H20: 2028 | I20: 2029 | J20: 2030 | K20: 2031 | L20: 2032 | M20: 2033 | N20: 2034 | O20: 2035 | P20: 2036 | Q20: 2037 | R20: 2038 | S20: 2039 | T20: 2040 | U20: 2041 | V20: 2042 | W20: 2043 | X20: 2044 | Y20: 2045 | Z20: 2046 | AA20: 2047 | AB20: 2048 | AC20: 2049 | AD20: 2050 | AE20: 2051 | AF20: 2052 | AG20: 2053 | AH20: 2054 | AI20: 2055 | AJ20: 2056 | AK20: 2057 | AL20: 2058 | AM20: 2059 | AN20: 2060
A21: Diesel Train | B21: 8.6546859 | C21: 9.0919639 | D21: 9.5513353 | E21: 10.033917 | F21: 10.54088 | G21: 11.073458 | H21: 11.632945 | I21: 12.220699 | J21: 12.83815 | K21: 13.486798 | L21: 14.168218 | M21: 14.884067 | N21: 15.636085 | O21: 16.426098 | P21: 17.256026 | Q21: 18.127887 | R21: 19.043799 | S21: 20.005987 | T21: 21.016789 | U21: 22.078662 | V21: 23.194187 | W21: 24.366073 | X21: 25.597169 | Y21: 26.890466 | Z21: 28.249107 | AA21: 29.676393 | AB21: 31.175792 | AC21: 32.750949 | AD21: 34.405691 | AE21: 36.144039 | AF21: 37.970216 | AG21: 39.888661 | AH21: 41.904036 | AI21: 44.021237 | AJ21: 46.24541 | AK21: 48.58196 | AL21: 51.036563 | AM21: 53.615186 | AN21: 56.324093
A22: BioGasoil Train | B22: 141.4257 | C22: 148.57123 | D22: 156.07779 | E22: 163.96362 | F22: 172.24789 | G22: 180.95071 | H22: 190.09325 | I22: 199.69771 | J22: 209.78743 | K22: 220.38694 | L22: 231.52199 | M22: 243.21964 | N22: 255.50831 | O22: 268.41787 | P22: 281.97969 | Q22: 296.22671 | R22: 311.19356 | S22: 326.91662 | T22: 343.43408 | U22: 360.78609 | V22: 379.0148 | W22: 398.16453 | X22: 418.28179 | Y22: 439.41548 | Z22: 461.61694 | AA22: 484.94014 | AB22: 509.44174 | AC22: 535.18128 | AD22: 562.22132 | AE22: 590.62755 | AF22: 620.46901 | AG22: 651.8182 | AH22: 684.75132 | AI22: 719.34838 | AJ22: 755.69346 | AK22: 793.87487 | AL22: 833.9854 | AM22: 876.12251 | AN22: 920.3886
A25: Variable: Marine: Total Final Energy Consumption (Million Gigajoule)
A26: Scenario: Business as Usual
A27: Branch: Demand\Transportation\Freight\Marine\MFO Freight Ship
A28: Region: Indonesia
A29: Million Gigajoule to BTU | B29: 947817120000
A30: Branch | B30: 2022 | C30: 2023 | D30: 2024 | E30: 2025 | F30: 2026 | G30: 2027 | H30: 2028 | I30: 2029 | J30: 2030 | K30: 2031 | L30: 2032 | M30: 2033 | N30: 2034 | O30: 2035 | P30: 2036 | Q30: 2037 | R30: 2038 | S30: 2039 | T30: 2040 | U30: 2041 | V30: 2042 | W30: 2043 | X30: 2044 | Y30: 2045 | Z30: 2046 | AA30: 2047 | AB30: 2048 | AC30: 2049 | AD30: 2050 | AE30: 2051 | AF30: 2052 | AG30: 2053 | AH30: 2054 | AI30: 2055 | AJ30: 2056 | AK30: 2057 | AL30: 2058 | AM30: 2059 | AN30: 2060
A31: MFO Freight Ship | B31: 1.7926352 | C31: 1.8832081 | D31: 1.9783572 | E31: 2.0783137 | F31: 2.1833205 | G31: 2.2936327 | H31: 2.4095185 | I31: 2.5312595 | J31: 2.6591513 | K31: 2.793505 | L31: 2.9346468 | M31: 3.0829198 | N31: 3.2386844 | O31: 3.4023189 | P31: 3.574221 | Q31: 3.7548086 | R31: 3.9445203 | S31: 4.1438172 | T31: 4.3531835 | U31: 4.5731281 | V31: 4.8041854 | W31: 5.0469169 | X31: 5.3019123 | Y31: 5.5697915 | Z31: 5.8512052 | AA31: 6.1468373 | AB31: 6.4574063 | AC31: 6.7836667 | AD31: 7.1264115 | AE31: 7.4864734 | AF31: 7.8647275 | AG31: 8.2620929 | AH31: 8.6795351 | AI31: 9.1180686 | AJ31: 9.578759 | AK31: 10.062726 | AL31: 10.571145 | AM31: 11.105252 | AN31: 11.666345
A32: MDF Freight Ship | B32: 0.00077374374 | C32: 0.00081283714 | D32: 0.00085390573 | E32: 0.00089704932 | F32: 0.00094237274 | G32: 0.00098998612 | H32: 0.0010400052 | I32: 0.0010925514 | J32: 0.0011477526 | K32: 0.0012057428 | L32: 0.0012666629 | M32: 0.0013306611 | N32: 0.0013978927 | O32: 0.0014685213 | P32: 0.0015427183 | Q32: 0.0016206642 | R32: 0.0017025482 | S32: 0.0017885695 | T32: 0.0018789369 | U32: 0.0019738702 | V32: 0.0020736 | W32: 0.0021783687 | X32: 0.0022884307 | Y32: 0.0024040537 | Z32: 0.0025255185 | AA32: 0.0026531203 | AB32: 0.0027871692 | AC32: 0.002927991 | AD32: 0.0030759277 | AE32: 0.0032313389 | AF32: 0.0033946023 | AG32: 0.0035661146 | AH32: 0.0037462926 | AI32: 0.003935574 | AJ32: 0.0041344189 | AK32: 0.0043433104 | AL32: 0.0045627562 | AM32: 0.0047932894 | AN32: 0.0050354704
A33: Diesel Freight Ship | B33: 0.05227373 | C33: 0.05491486 | D33: 0.057689434 | E33: 0.060604192 | F33: 0.063666219 | G33: 0.066882955 | H33: 0.070262216 | I33: 0.073812215 | J33: 0.077541577 | K33: 0.081459365 | L33: 0.0855751 | M33: 0.089898781 | N33: 0.094440917 | O33: 0.099212545 | P33: 0.10422526 | Q33: 0.10949124 | R33: 0.11502328 | S33: 0.12083484 | T33: 0.12694002 | U33: 0.13335366 | V33: 0.14009135 | W33: 0.14716947 | X33: 0.15460521 | Y33: 0.16241664 | Z33: 0.17062274 | AA33: 0.17924345 | AB33: 0.18829972 | AC33: 0.19781357 | AD33: 0.2078081 | AE33: 0.2183076 | AF33: 0.2293376 | AG33: 0.24092488 | AH33: 0.25309761 | AI33: 0.26588536 | AJ33: 0.27931922 | AK33: 0.29343182 | AL33: 0.30825747 | AM33: 0.32383218 | AN33: 0.3401938
A34: BioGasoil Freight Ship | B34: 85.420187 | C34: 89.736042 | D34: 94.269955 | E34: 99.032945 | F34: 104.03658 | G34: 109.29303 | H34: 114.81506 | I34: 120.61609 | J34: 126.71022 | K34: 133.11226 | L34: 139.83775 | M34: 146.90306 | N34: 154.32533 | O34: 162.12262 | P34: 170.31387 | Q34: 178.91897 | R34: 187.95885 | S34: 197.45548 | T34: 207.43191 | U34: 217.91241 | V34: 228.92244 | W34: 240.48874 | X34: 252.63944 | Y34: 265.40404 | Z34: 278.81358 | AA34: 292.90064 | AB34: 307.69944 | AC34: 323.24596 | AD34: 339.57796 | AE34: 356.73514 | AF34: 374.75918 | AG34: 393.69389 | AH34: 413.58527 | AI34: 434.48166 | AJ34: 456.43385 | AK34: 479.49517 | AL34: 503.72166 | AM34: 529.1722 | AN34: 555.90863
A37: Variable: Aviation: Total Final Energy Consumption (Million Gigajoule)
A38: Scenario: Business as Usual
A39: Branch: Demand\Transportation\Freight\Aviation\Avgas Plane
A40: Region: Indonesia
A41: Million Gigajoule to BTU | B41: 947817120000
A42: Branch | B42: 2022 | C42: 2023 | D42: 2024 | E42: 2025 | F42: 2026 | G42: 2027 | H42: 2028 | I42: 2029 | J42: 2030 | K42: 2031 | L42: 2032 | M42: 2033 | N42: 2034 | O42: 2035 | P42: 2036 | Q42: 2037 | R42: 2038 | S42: 2039 | T42: 2040 | U42: 2041 | V42: 2042 | W42: 2043 | X42: 2044 | Y42: 2045 | Z42: 2046 | AA42: 2047 | AB42: 2048 | AC42: 2049 | AD42: 2050 | AE42: 2051 | AF42: 2052 | AG42: 2053 | AH42: 2054 | AI42: 2055 | AJ42: 2056 | AK42: 2057 | AL42: 2058 | AM42: 2059 | AN42: 2060
A43: Avgas Plane | B43: 0.02668642 | C43: 0.028034751 | D43: 0.029451207 | E43: 0.030939229 | F43: 0.032502434 | G43: 0.034144619 | H43: 0.035869776 | I43: 0.037682097 | J43: 0.039585985 | K43: 0.041586066 | L43: 0.043687203 | M43: 0.045894498 | N43: 0.048213318 | O43: 0.050649296 | P43: 0.053208352 | Q43: 0.055896703 | R43: 0.058720884 | S43: 0.061687757 | T43: 0.064804531 | U43: 0.06807878 | V43: 0.07151846 | W43: 0.075131931 | X43: 0.078927971 | Y43: 0.082915807 | Z43: 0.087105128 | AA43: 0.091506115 | AB43: 0.096129461 | AC43: 0.1009864 | AD43: 0.10608874 | AE43: 0.11144887 | AF43: 0.11707983 | AG43: 0.12299529 | AH43: 0.12920962 | AI43: 0.13573794 | AJ43: 0.1425961 | AK43: 0.14980077 | AL43: 0.15736945 | AM43: 0.16532054 | AN43: 0.17367336
A44: Avtur Plane | B44: 73.650922 | C44: 77.372135 | D44: 81.281362 | E44: 85.388103 | F44: 89.702337 | G44: 94.234547 | H44: 98.995748 | I44: 103.99751 | J44: 109.25198 | K44: 114.77194 | L44: 120.57079 | M44: 126.66263 | N44: 133.06226 | O44: 139.78523 | P44: 146.84788 | Q44: 154.26737 | R44: 162.06173 | S44: 170.2499 | T44: 178.85177 | U44: 187.88826 | V44: 197.38131 | W44: 207.354 | X44: 217.83056 | Y44: 228.83645 | Z44: 240.39841 | AA44: 252.54454 | AB44: 265.30436 | AC44: 278.70886 | AD44: 292.79062 | AE44: 307.58387 | AF44: 323.12455 | AG44: 339.45041 | AH44: 356.60115 | AI44: 374.61842 | AJ44: 393.54601 | AK44: 413.42993 | AL44: 434.31847 | AM44: 456.26241 | AN44: 479.31507

Sheet Conversion - LA - frgt
A1: Variable: Road: Total Activity (Ton*miles)
A2: Scenario: Business as Usual
A3: Branch: Demand\Transportation\Freight\Road\Light Truck
A4: Region: Indonesia
A6: Branch | B6: 2022 | C6: 2023 | D6: 2024 | E6: 2025 | F6: 2026 | G6: 2027 | H6: 2028 | I6: 2029 | J6: 2030 | K6: 2031 | L6: 2032 | M6: 2033 | N6: 2034 | O6: 2035 | P6: 2036 | Q6: 2037 | R6: 2038 | S6: 2039 | T6: 2040 | U6: 2041 | V6: 2042 | W6: 2043 | X6: 2044 | Y6: 2045 | Z6: 2046 | AA6: 2047 | AB6: 2048 | AC6: 2049 | AD6: 2050 | AE6: 2051 | AF6: 2052 | AG6: 2053 | AH6: 2054 | AI6: 2055 | AJ6: 2056 | AK6: 2057 | AL6: 2058 | AM6: 2059 | AN6: 2060
A7: Light Truck | B7: ='Level of Activity (LA) - frgt'!B7*'Level of Activity (LA) - frgt'!$B$5 -> 1.0106814e+10 | C7: ='Level of Activity (LA) - frgt'!C7*'Level of Activity (LA) - frgt'!$B$5 -> 1.061746e+10 | D7: ='Level of Activity (LA) - frgt'!D7*'Level of Activity (LA) - frgt'!$B$5 -> 1.1153907e+10 | E7: ='Level of Activity (LA) - frgt'!E7*'Level of Activity (LA) - frgt'!$B$5 -> 1.1717459e+10 | F7: ='Level of Activity (LA) - frgt'!F7*'Level of Activity (LA) - frgt'!$B$5 -> 1.2309483e+10 | G7: ='Level of Activity (LA) - frgt'!G7*'Level of Activity (LA) - frgt'!$B$5 -> 1.293142e+10 | H7: ='Level of Activity (LA) - frgt'!H7*'Level of Activity (LA) - frgt'!$B$5 -> 1.358478e+10 | I7: ='Level of Activity (LA) - frgt'!I7*'Level of Activity (LA) - frgt'!$B$5 -> 1.4271151e+10 | ... AN7: ='Level of Activity (LA) - frgt'!AN7*'Level of Activity (LA) - frgt'!$B$5 -> 6.5774439e+10
A8: Medium Truck | B8: ='Level of Activity (LA) - frgt'!B8*'Level of Activity (LA) - frgt'!$B$5 -> 1.1025189e+10 | C8: ='Level of Activity (LA) - frgt'!C8*'Level of Activity (LA) - frgt'!$B$5 -> 1.1582236e+10 | D8: ='Level of Activity (LA) - frgt'!D8*'Level of Activity (LA) - frgt'!$B$5 -> 1.2167429e+10 | E8: ='Level of Activity (LA) - frgt'!E8*'Level of Activity (LA) - frgt'!$B$5 -> 1.2782188e+10 | F8: ='Level of Activity (LA) - frgt'!F8*'Level of Activity (LA) - frgt'!$B$5 -> 1.3428008e+10 | G8: ='Level of Activity (LA) - frgt'!G8*'Level of Activity (LA) - frgt'!$B$5 -> 1.4106458e+10 | H8: ='Level of Activity (LA) - frgt'!H8*'Level of Activity (LA) - frgt'!$B$5 -> 1.4819187e+10 | I8: ='Level of Activity (LA) - frgt'!I8*'Level of Activity (LA) - frgt'!$B$5 -> 1.5567927e+10 | ... AN8: ='Level of Activity (LA) - frgt'!AN8*'Level of Activity (LA) - frgt'!$B$5 -> 7.1751161e+10
A9: Heavy Truck | B9: ='Level of Activity (LA) - frgt'!B9*'Level of Activity (LA) - frgt'!$B$5 -> 2.2959382e+09 | C9: ='Level of Activity (LA) - frgt'!C9*'Level of Activity (LA) - frgt'!$B$5 -> 2.4119404e+09 | D9: ='Level of Activity (LA) - frgt'!D9*'Level of Activity (LA) - frgt'!$B$5 -> 2.5338037e+09 | E9: ='Level of Activity (LA) - frgt'!E9*'Level of Activity (LA) - frgt'!$B$5 -> 2.6618242e+09 | F9: ='Level of Activity (LA) - frgt'!F9*'Level of Activity (LA) - frgt'!$B$5 -> 2.7963128e+09 | G9: ='Level of Activity (LA) - frgt'!G9*'Level of Activity (LA) - frgt'!$B$5 -> 2.9375965e+09 | H9: ='Level of Activity (LA) - frgt'!H9*'Level of Activity (LA) - frgt'!$B$5 -> 3.0860186e+09 | I9: ='Level of Activity (LA) - frgt'!I9*'Level of Activity (LA) - frgt'!$B$5 -> 3.2419397e+09 | ... AN9: ='Level of Activity (LA) - frgt'!AN9*'Level of Activity (LA) - frgt'!$B$5 -> 1.4941806e+10
A10: Biodiesel Light Truck | B10: ='Level of Activity (LA) - frgt'!B10*'Level of Activity (LA) - frgt'!$B$5 -> 1.7331993e+11 | C10: ='Level of Activity (LA) - frgt'!C10*'Level of Activity (LA) - frgt'!$B$5 -> 1.8207692e+11 | D10: ='Level of Activity (LA) - frgt'!D10*'Level of Activity (LA) - frgt'!$B$5 -> 1.9127635e+11 | E10: ='Level of Activity (LA) - frgt'!E10*'Level of Activity (LA) - frgt'!$B$5 -> 2.0094059e+11 | F10: ='Level of Activity (LA) - frgt'!F10*'Level of Activity (LA) - frgt'!$B$5 -> 2.1109312e+11 | G10: ='Level of Activity (LA) - frgt'!G10*'Level of Activity (LA) - frgt'!$B$5 -> 2.217586e+11 | H10: ='Level of Activity (LA) - frgt'!H10*'Level of Activity (LA) - frgt'!$B$5 -> 2.3296295e+11 | I10: ='Level of Activity (LA) - frgt'!I10*'Level of Activity (LA) - frgt'!$B$5 -> 2.447334e+11 | ... AN10: ='Level of Activity (LA) - frgt'!AN10*'Level of Activity (LA) - frgt'!$B$5 -> 1.127954e+12
A11: Biodiesel Medium Truck | B11: ='Level of Activity (LA) - frgt'!B11*'Level of Activity (LA) - frgt'!$B$5 -> 1.8906898e+11 | C11: ='Level of Activity (LA) - frgt'!C11*'Level of Activity (LA) - frgt'!$B$5 -> 1.9862169e+11 | D11: ='Level of Activity (LA) - frgt'!D11*'Level of Activity (LA) - frgt'!$B$5 -> 2.0865705e+11 | E11: ='Level of Activity (LA) - frgt'!E11*'Level of Activity (LA) - frgt'!$B$5 -> 2.1919945e+11 | F11: ='Level of Activity (LA) - frgt'!F11*'Level of Activity (LA) - frgt'!$B$5 -> 2.302745e+11 | G11: ='Level of Activity (LA) - frgt'!G11*'Level of Activity (LA) - frgt'!$B$5 -> 2.4190912e+11 | H11: ='Level of Activity (LA) - frgt'!H11*'Level of Activity (LA) - frgt'!$B$5 -> 2.5413158e+11 | I11: ='Level of Activity (LA) - frgt'!I11*'Level of Activity (LA) - frgt'!$B$5 -> 2.6697158e+11 | ... AN11: ='Level of Activity (LA) - frgt'!AN11*'Level of Activity (LA) - frgt'!$B$5 -> 1.2304478e+12
A12: Biodiesel Heavy Truck | B12: ='Level of Activity (LA) - frgt'!B12*'Level of Activity (LA) - frgt'!$B$5 -> 3.9372631e+10 | C12: ='Level of Activity (LA) - frgt'!C12*'Level of Activity (LA) - frgt'!$B$5 -> 4.1361933e+10 | D12: ='Level of Activity (LA) - frgt'!D12*'Level of Activity (LA) - frgt'!$B$5 -> 4.3451745e+10 | E12: ='Level of Activity (LA) - frgt'!E12*'Level of Activity (LA) - frgt'!$B$5 -> 4.5647144e+10 | F12: ='Level of Activity (LA) - frgt'!F12*'Level of Activity (LA) - frgt'!$B$5 -> 4.7953466e+10 | G12: ='Level of Activity (LA) - frgt'!G12*'Level of Activity (LA) - frgt'!$B$5 -> 5.0376315e+10 | H12: ='Level of Activity (LA) - frgt'!H12*'Level of Activity (LA) - frgt'!$B$5 -> 5.2921578e+10 | I12: ='Level of Activity (LA) - frgt'!I12*'Level of Activity (LA) - frgt'!$B$5 -> 5.5595441e+10 | ... AN12: ='Level of Activity (LA) - frgt'!AN12*'Level of Activity (LA) - frgt'!$B$5 -> 2.5623434e+11
A15: Variable: Railway: Total Activity (Ton*miles)
A16: Scenario: Business as Usual
A17: Branch: Demand\Transportation\Freight\Railway\Diesel Train
A18: Region: Indonesia
A20: Branch | B20: 2022 | C20: 2023 | D20: 2024 | E20: 2025 | F20: 2026 | G20: 2027 | H20: 2028 | I20: 2029 | J20: 2030 | K20: 2031 | L20: 2032 | M20: 2033 | N20: 2034 | O20: 2035 | P20: 2036 | Q20: 2037 | R20: 2038 | S20: 2039 | T20: 2040 | U20: 2041 | V20: 2042 | W20: 2043 | X20: 2044 | Y20: 2045 | Z20: 2046 | AA20: 2047 | AB20: 2048 | AC20: 2049 | AD20: 2050 | AE20: 2051 | AF20: 2052 | AG20: 2053 | AH20: 2054 | AI20: 2055 | AJ20: 2056 | AK20: 2057 | AL20: 2058 | AM20: 2059 | AN20: 2060
A21: Diesel Train | B21: ='Level of Activity (LA) - frgt'!B21*'Level of Activity (LA) - frgt'!$B$19 -> 475049.34 | C21: ='Level of Activity (LA) - frgt'!C21*'Level of Activity (LA) - frgt'!$B$19 -> 499051.2 | D21: ='Level of Activity (LA) - frgt'!D21*'Level of Activity (LA) - frgt'!$B$19 -> 524265.77 | E21: ='Level of Activity (LA) - frgt'!E21*'Level of Activity (LA) - frgt'!$B$19 -> 550754.29 | F21: ='Level of Activity (LA) - frgt'!F21*'Level of Activity (LA) - frgt'!$B$19 -> 578581.15 | G21: ='Level of Activity (LA) - frgt'!G21*'Level of Activity (LA) - frgt'!$B$19 -> 607813.97 | H21: ='Level of Activity (LA) - frgt'!H21*'Level of Activity (LA) - frgt'!$B$19 -> 638523.77 | I21: ='Level of Activity (LA) - frgt'!I21*'Level of Activity (LA) - frgt'!$B$19 -> 670785.18 | ... AN21: ='Level of Activity (LA) - frgt'!AN21*'Level of Activity (LA) - frgt'!$B$19 -> 3091588
A22: BioGasoil Train | B22: ='Level of Activity (LA) - frgt'!B22*'Level of Activity (LA) - frgt'!$B$19 -> 8146535.7 | C22: ='Level of Activity (LA) - frgt'!C22*'Level of Activity (LA) - frgt'!$B$19 -> 8558139.4 | D22: ='Level of Activity (LA) - frgt'!D22*'Level of Activity (LA) - frgt'!$B$19 -> 8990539.4 | E22: ='Level of Activity (LA) - frgt'!E22*'Level of Activity (LA) - frgt'!$B$19 -> 9444786.4 | F22: ='Level of Activity (LA) - frgt'!F22*'Level of Activity (LA) - frgt'!$B$19 -> 9921984.3 | G22: ='Level of Activity (LA) - frgt'!G22*'Level of Activity (LA) - frgt'!$B$19 -> 10423293 | H22: ='Level of Activity (LA) - frgt'!H22*'Level of Activity (LA) - frgt'!$B$19 -> 10949929 | I22: ='Level of Activity (LA) - frgt'!I22*'Level of Activity (LA) - frgt'!$B$19 -> 11503175 | ... AN22: ='Level of Activity (LA) - frgt'!AN22*'Level of Activity (LA) - frgt'!$B$19 -> 53017087
A25: Variable: Marine: Total Activity (Ton*miles)
A26: Scenario: Business as Usual
A27: Branch: Demand\Transportation\Freight\Marine\MFO Freight Ship
A28: Region: Indonesia
A30: Branch | B30: 2022 | C30: 2023 | D30: 2024 | E30: 2025 | F30: 2026 | G30: 2027 | H30: 2028 | I30: 2029 | J30: 2030 | K30: 2031 | L30: 2032 | M30: 2033 | N30: 2034 | O30: 2035 | P30: 2036 | Q30: 2037 | R30: 2038 | S30: 2039 | T30: 2040 | U30: 2041 | V30: 2042 | W30: 2043 | X30: 2044 | Y30: 2045 | Z30: 2046 | AA30: 2047 | AB30: 2048 | AC30: 2049 | AD30: 2050 | AE30: 2051 | AF30: 2052 | AG30: 2053 | AH30: 2054 | AI30: 2055 | AJ30: 2056 | AK30: 2057 | AL30: 2058 | AM30: 2059 | AN30: 2060
A31: MFO Freight Ship | B31: ='Level of Activity (LA) - frgt'!B31*'Level of Activity (LA) - frgt'!$B$29 -> 30924828 | C31: ='Level of Activity (LA) - frgt'!C31*'Level of Activity (LA) - frgt'!$B$29 -> 32487305 | D31: ='Level of Activity (LA) - frgt'!D31*'Level of Activity (LA) - frgt'!$B$29 -> 34128726 | E31: ='Level of Activity (LA) - frgt'!E31*'Level of Activity (LA) - frgt'!$B$29 -> 35853079 | F31: ='Level of Activity (LA) - frgt'!F31*'Level of Activity (LA) - frgt'!$B$29 -> 37664556 | G31: ='Level of Activity (LA) - frgt'!G31*'Level of Activity (LA) - frgt'!$B$29 -> 39567558 | H31: ='Level of Activity (LA) - frgt'!H31*'Level of Activity (LA) - frgt'!$B$29 -> 41566709 | I31: ='Level of Activity (LA) - frgt'!I31*'Level of Activity (LA) - frgt'!$B$29 -> 43666867 | ... AN31: ='Level of Activity (LA) - frgt'!AN31*'Level of Activity (LA) - frgt'!$B$29 -> 2.0125662e+08
A32: MDF Freight Ship | B32: ='Level of Activity (LA) - frgt'!B32*'Level of Activity (LA) - frgt'!$B$29 -> 1351905 | C32: ='Level of Activity (LA) - frgt'!C32*'Level of Activity (LA) - frgt'!$B$29 -> 1420210 | D32: ='Level of Activity (LA) - frgt'!D32*'Level of Activity (LA) - frgt'!$B$29 -> 1491966.1 | E32: ='Level of Activity (LA) - frgt'!E32*'Level of Activity (LA) - frgt'!$B$29 -> 1567347.7 | F32: ='Level of Activity (LA) - frgt'!F32*'Level of Activity (LA) - frgt'!$B$29 -> 1646538 | G32: ='Level of Activity (LA) - frgt'!G32*'Level of Activity (LA) - frgt'!$B$29 -> 1729729.3 | H32: ='Level of Activity (LA) - frgt'!H32*'Level of Activity (LA) - frgt'!$B$29 -> 1817123.9 | I32: ='Level of Activity (LA) - frgt'!I32*'Level of Activity (LA) - frgt'!$B$29 -> 1908934.1 | ... AN32: ='Level of Activity (LA) - frgt'!AN32*'Level of Activity (LA) - frgt'!$B$29 -> 8798103.8
A33: Diesel Freight Ship | B33: ='Level of Activity (LA) - frgt'!B33*'Level of Activity (LA) - frgt'!$B$29 -> 91334011 | C33: ='Level of Activity (LA) - frgt'!C33*'Level of Activity (LA) - frgt'!$B$29 -> 95948662 | D33: ='Level of Activity (LA) - frgt'!D33*'Level of Activity (LA) - frgt'!$B$29 -> 1.0079647e+08 | E33: ='Level of Activity (LA) - frgt'!E33*'Level of Activity (LA) - frgt'!$B$29 -> 1.0588921e+08 | F33: ='Level of Activity (LA) - frgt'!F33*'Level of Activity (LA) - frgt'!$B$29 -> 1.1123926e+08 | G33: ='Level of Activity (LA) - frgt'!G33*'Level of Activity (LA) - frgt'!$B$29 -> 1.1685963e+08 | H33: ='Level of Activity (LA) - frgt'!H33*'Level of Activity (LA) - frgt'!$B$29 -> 1.2276396e+08 | I33: ='Level of Activity (LA) - frgt'!I33*'Level of Activity (LA) - frgt'!$B$29 -> 1.2896661e+08 | ... AN33: ='Level of Activity (LA) - frgt'!AN33*'Level of Activity (LA) - frgt'!$B$29 -> 5.9439538e+08
A34: BioGasoil Freight Ship | B34: ='Level of Activity (LA) - frgt'!B34*'Level of Activity (LA) - frgt'!$B$29 -> 1.5662705e+09 | C34: ='Level of Activity (LA) - frgt'!C34*'Level of Activity (LA) - frgt'!$B$29 -> 1.6454064e+09 | D34: ='Level of Activity (LA) - frgt'!D34*'Level of Activity (LA) - frgt'!$B$29 -> 1.7285405e+09 | E34: ='Level of Activity (LA) - frgt'!E34*'Level of Activity (LA) - frgt'!$B$29 -> 1.815875e+09 | F34: ='Level of Activity (LA) - frgt'!F34*'Level of Activity (LA) - frgt'!$B$29 -> 1.9076221e+09 | G34: ='Level of Activity (LA) - frgt'!G34*'Level of Activity (LA) - frgt'!$B$29 -> 2.0040047e+09 | H34: ='Level of Activity (LA) - frgt'!H34*'Level of Activity (LA) - frgt'!$B$29 -> 2.1052571e+09 | I34: ='Level of Activity (LA) - frgt'!I34*'Level of Activity (LA) - frgt'!$B$29 -> 2.2116252e+09 | ... AN34: ='Level of Activity (LA) - frgt'!AN34*'Level of Activity (LA) - frgt'!$B$29 -> 1.019318e+10
A37: Variable: Aviation: Total Activity (Ton*miles)
A38: Scenario: Business as Usual
A39: Branch: Demand\Transportation\Freight\Aviation\Avgas Plane
A40: Region: Indonesia
A42: Branch | B42: 2022 | C42: 2023 | D42: 2024 | E42: 2025 | F42: 2026 | G42: 2027 | H42: 2028 | I42: 2029 | J42: 2030 | K42: 2031 | L42: 2032 | M42: 2033 | N42: 2034 | O42: 2035 | P42: 2036 | Q42: 2037 | R42: 2038 | S42: 2039 | T42: 2040 | U42: 2041 | V42: 2042 | W42: 2043 | X42: 2044 | Y42: 2045 | Z42: 2046 | AA42: 2047 | AB42: 2048 | AC42: 2049 | AD42: 2050 | AE42: 2051 | AF42: 2052 | AG42: 2053 | AH42: 2054 | AI42: 2055 | AJ42: 2056 | AK42: 2057 | AL42: 2058 | AM42: 2059 | AN42: 2060
A43: Avgas Plane | B43: ='Level of Activity (LA) - frgt'!B43*'Level of Activity (LA) - frgt'!$B$41 -> 3016876.4 | C43: ='Level of Activity (LA) - frgt'!C43*'Level of Activity (LA) - frgt'!$B$41 -> 3169304.1 | D43: ='Level of Activity (LA) - frgt'!D43*'Level of Activity (LA) - frgt'!$B$41 -> 3329433.2 | E43: ='Level of Activity (LA) - frgt'!E43*'Level of Activity (LA) - frgt'!$B$41 -> 3497652.8 | F43: ='Level of Activity (LA) - frgt'!F43*'Level of Activity (LA) - frgt'!$B$41 -> 3674371.7 | G43: ='Level of Activity (LA) - frgt'!G43*'Level of Activity (LA) - frgt'!$B$41 -> 3860019.3 | H43: ='Level of Activity (LA) - frgt'!H43*'Level of Activity (LA) - frgt'!$B$41 -> 4055046.8 | I43: ='Level of Activity (LA) - frgt'!I43*'Level of Activity (LA) - frgt'!$B$41 -> 4259928.1 | ... AN43: ='Level of Activity (LA) - frgt'!AN43*'Level of Activity (LA) - frgt'!$B$41 -> 19633622
A44: Avtur Plane | B44: ='Level of Activity (LA) - frgt'!B44*'Level of Activity (LA) - frgt'!$B$41 -> 7.5391742e+09 | C44: ='Level of Activity (LA) - frgt'!C44*'Level of Activity (LA) - frgt'!$B$41 -> 7.920091e+09 | D44: ='Level of Activity (LA) - frgt'!D44*'Level of Activity (LA) - frgt'!$B$41 -> 8.3202536e+09 | E44: ='Level of Activity (LA) - frgt'!E44*'Level of Activity (LA) - frgt'!$B$41 -> 8.7406344e+09 | F44: ='Level of Activity (LA) - frgt'!F44*'Level of Activity (LA) - frgt'!$B$41 -> 9.1822549e+09 | G44: ='Level of Activity (LA) - frgt'!G44*'Level of Activity (LA) - frgt'!$B$41 -> 9.6461884e+09 | H44: ='Level of Activity (LA) - frgt'!H44*'Level of Activity (LA) - frgt'!$B$41 -> 1.0133562e+10 | I44: ='Level of Activity (LA) - frgt'!I44*'Level of Activity (LA) - frgt'!$B$41 -> 1.064556e+10 | ... AN44: ='Level of Activity (LA) - frgt'!AN44*'Level of Activity (LA) - frgt'!$B$41 -> 4.9064421e+10

Sheet Conversion - EC - frgt
A1: Variable: Road: Total Final Energy Consumption (BTU)
A2: Scenario: Business as Usual
A3: Branch: Demand\Transportation\Freight\Road\Light Truck
A4: Region: Indonesia
A6: Branch | B6: 2022 | C6: 2023 | D6: 2024 | E6: 2025 | F6: 2026 | G6: 2027 | H6: 2028 | I6: 2029 | J6: 2030 | K6: 2031 | L6: 2032 | M6: 2033 | N6: 2034 | O6: 2035 | P6: 2036 | Q6: 2037 | R6: 2038 | S6: 2039 | T6: 2040 | U6: 2041 | V6: 2042 | W6: 2043 | X6: 2044 | Y6: 2045 | Z6: 2046 | AA6: 2047 | AB6: 2048 | AC6: 2049 | AD6: 2050 | AE6: 2051 | AF6: 2052 | AG6: 2053 | AH6: 2054 | AI6: 2055 | AJ6: 2056 | AK6: 2057 | AL6: 2058 | AM6: 2059 | AN6: 2060
A7: Light Truck | B7: ='Energy Consumption (EC) - frgt'!B7*'Energy Consumption (EC) - frgt'!$B$5 -> 2.075571e+13 | C7: ='Energy Consumption (EC) - frgt'!C7*'Energy Consumption (EC) - frgt'!$B$5 -> 2.1804392e+13 | D7: ='Energy Consumption (EC) - frgt'!D7*'Energy Consumption (EC) - frgt'!$B$5 -> 2.2906059e+13 | E7: ='Energy Consumption (EC) - frgt'!E7*'Energy Consumption (EC) - frgt'!$B$5 -> 2.4063388e+13 | F7: ='Energy Consumption (EC) - frgt'!F7*'Energy Consumption (EC) - frgt'!$B$5 -> 2.5279191e+13 | G7: ='Energy Consumption (EC) - frgt'!G7*'Energy Consumption (EC) - frgt'!$B$5 -> 2.6556422e+13 | H7: ='Energy Consumption (EC) - frgt'!H7*'Energy Consumption (EC) - frgt'!$B$5 -> 2.7898185e+13 | I7: ='Energy Consumption (EC) - frgt'!I7*'Energy Consumption (EC) - frgt'!$B$5 -> 2.9307741e+13 | ... AN7: ='Energy Consumption (EC) - frgt'!AN7*'Energy Consumption (EC) - frgt'!$B$5 -> 1.3507672e+14
A8: Medium Truck | B8: ='Energy Consumption (EC) - frgt'!B8*'Energy Consumption (EC) - frgt'!$B$5 -> 8.8051126e+12 | C8: ='Energy Consumption (EC) - frgt'!C8*'Energy Consumption (EC) - frgt'!$B$5 -> 9.2499909e+12 | D8: ='Energy Consumption (EC) - frgt'!D8*'Energy Consumption (EC) - frgt'!$B$5 -> 9.7173467e+12 | E8: ='Energy Consumption (EC) - frgt'!E8*'Energy Consumption (EC) - frgt'!$B$5 -> 1.0208316e+13 | F8: ='Energy Consumption (EC) - frgt'!F8*'Energy Consumption (EC) - frgt'!$B$5 -> 1.0724091e+13 | G8: ='Energy Consumption (EC) - frgt'!G8*'Energy Consumption (EC) - frgt'!$B$5 -> 1.1265925e+13 | H8: ='Energy Consumption (EC) - frgt'!H8*'Energy Consumption (EC) - frgt'!$B$5 -> 1.1835136e+13 | I8: ='Energy Consumption (EC) - frgt'!I8*'Energy Consumption (EC) - frgt'!$B$5 -> 1.2433107e+13 | ... AN8: ='Energy Consumption (EC) - frgt'!AN8*'Energy Consumption (EC) - frgt'!$B$5 -> 5.730306e+13
A9: Heavy Truck | B9: ='Energy Consumption (EC) - frgt'!B9*'Energy Consumption (EC) - frgt'!$B$5 -> 1.1001713e+12 | C9: ='Energy Consumption (EC) - frgt'!C9*'Energy Consumption (EC) - frgt'!$B$5 -> 1.1557575e+12 | D9: ='Energy Consumption (EC) - frgt'!D9*'Energy Consumption (EC) - frgt'!$B$5 -> 1.2141521e+12 | E9: ='Energy Consumption (EC) - frgt'!E9*'Energy Consumption (EC) - frgt'!$B$5 -> 1.2754972e+12 | F9: ='Energy Consumption (EC) - frgt'!F9*'Energy Consumption (EC) - frgt'!$B$5 -> 1.3399416e+12 | G9: ='Energy Consumption (EC) - frgt'!G9*'Energy Consumption (EC) - frgt'!$B$5 -> 1.4076422e+12 | H9: ='Energy Consumption (EC) - frgt'!H9*'Energy Consumption (EC) - frgt'!$B$5 -> 1.4787633e+12 | I9: ='Energy Consumption (EC) - frgt'!I9*'Energy Consumption (EC) - frgt'!$B$5 -> 1.5534778e+12 | ... AN9: ='Energy Consumption (EC) - frgt'!AN9*'Energy Consumption (EC) - frgt'!$B$5 -> 7.1598383e+12
A10: Biodiesel Light Truck | B10: ='Energy Consumption (EC) - frgt'!B10*'Energy Consumption (EC) - frgt'!$B$5 -> 3.391678e+14 | C10: ='Energy Consumption (EC) - frgt'!C10*'Energy Consumption (EC) - frgt'!$B$5 -> 3.5630426e+14 | D10: ='Energy Consumption (EC) - frgt'!D10*'Energy Consumption (EC) - frgt'!$B$5 -> 3.7430653e+14 | E10: ='Energy Consumption (EC) - frgt'!E10*'Energy Consumption (EC) - frgt'!$B$5 -> 3.9321837e+14 | F10: ='Energy Consumption (EC) - frgt'!F10*'Energy Consumption (EC) - frgt'!$B$5 -> 4.1308573e+14 | G10: ='Energy Consumption (EC) - frgt'!G10*'Energy Consumption (EC) - frgt'!$B$5 -> 4.3395688e+14 | H10: ='Energy Consumption (EC) - frgt'!H10*'Energy Consumption (EC) - frgt'!$B$5 -> 4.5588255e+14 | I10: ='Energy Consumption (EC) - frgt'!I10*'Energy Consumption (EC) - frgt'!$B$5 -> 4.7891602e+14 | ... AN10: ='Energy Consumption (EC) - frgt'!AN10*'Energy Consumption (EC) - frgt'!$B$5 -> 2.2072805e+15
A11: Biodiesel Medium Truck | B11: ='Energy Consumption (EC) - frgt'!B11*'Energy Consumption (EC) - frgt'!$B$5 -> 1.4388381e+14 | C11: ='Energy Consumption (EC) - frgt'!C11*'Energy Consumption (EC) - frgt'!$B$5 -> 1.5115354e+14 | D11: ='Energy Consumption (EC) - frgt'!D11*'Energy Consumption (EC) - frgt'!$B$5 -> 1.5879058e+14 | E11: ='Energy Consumption (EC) - frgt'!E11*'Energy Consumption (EC) - frgt'!$B$5 -> 1.6681347e+14 | F11: ='Energy Consumption (EC) - frgt'!F11*'Energy Consumption (EC) - frgt'!$B$5 -> 1.7524172e+14 | G11: ='Energy Consumption (EC) - frgt'!G11*'Energy Consumption (EC) - frgt'!$B$5 -> 1.8409581e+14 | H11: ='Energy Consumption (EC) - frgt'!H11*'Energy Consumption (EC) - frgt'!$B$5 -> 1.9339725e+14 | I11: ='Energy Consumption (EC) - frgt'!I11*'Energy Consumption (EC) - frgt'!$B$5 -> 2.0316864e+14 | ... AN11: ='Energy Consumption (EC) - frgt'!AN11*'Energy Consumption (EC) - frgt'!$B$5 -> 9.3638583e+14
A12: Biodiesel Heavy Truck | B12: ='Energy Consumption (EC) - frgt'!B12*'Energy Consumption (EC) - frgt'!$B$5 -> 1.7977833e+13 | C12: ='Energy Consumption (EC) - frgt'!C12*'Energy Consumption (EC) - frgt'!$B$5 -> 1.8886163e+13 | D12: ='Energy Consumption (EC) - frgt'!D12*'Energy Consumption (EC) - frgt'!$B$5 -> 1.9840386e+13 | E12: ='Energy Consumption (EC) - frgt'!E12*'Energy Consumption (EC) - frgt'!$B$5 -> 2.0842822e+13 | F12: ='Energy Consumption (EC) - frgt'!F12*'Energy Consumption (EC) - frgt'!$B$5 -> 2.1895905e+13 | G12: ='Energy Consumption (EC) - frgt'!G12*'Energy Consumption (EC) - frgt'!$B$5 -> 2.3002196e+13 | H12: ='Energy Consumption (EC) - frgt'!H12*'Energy Consumption (EC) - frgt'!$B$5 -> 2.4164382e+13 | I12: ='Energy Consumption (EC) - frgt'!I12*'Energy Consumption (EC) - frgt'!$B$5 -> 2.5385287e+13 | ... AN12: ='Energy Consumption (EC) - frgt'!AN12*'Energy Consumption (EC) - frgt'!$B$5 -> 1.1699849e+14
A15: Variable: Railway: Total Final Energy Consumption (BTU)
A16: Scenario: Business as Usual
A17: Branch: Demand\Transportation\Freight\Railway\Diesel Train
A18: Region: Indonesia
A20: Branch | B20: 2022 | C20: 2023 | D20: 2024 | E20: 2025 | F20: 2026 | G20: 2027 | H20: 2028 | I20: 2029 | J20: 2030 | K20: 2031 | L20: 2032 | M20: 2033 | N20: 2034 | O20: 2035 | P20: 2036 | Q20: 2037 | R20: 2038 | S20: 2039 | T20: 2040 | U20: 2041 | V20: 2042 | W20: 2043 | X20: 2044 | Y20: 2045 | Z20: 2046 | AA20: 2047 | AB20: 2048 | AC20: 2049 | AD20: 2050 | AE20: 2051 | AF20: 2052 | AG20: 2053 | AH20: 2054 | AI20: 2055 | AJ20: 2056 | AK20: 2057 | AL20: 2058 | AM20: 2059 | AN20: 2060
A21: Diesel Train | B21: ='Energy Consumption (EC) - frgt'!B21*'Energy Consumption (EC) - frgt'!$B$19 -> 8.2030594e+09 | C21: ='Energy Consumption (EC) - frgt'!C21*'Energy Consumption (EC) - frgt'!$B$19 -> 8.617519e+09 | D21: ='Energy Consumption (EC) - frgt'!D21*'Energy Consumption (EC) - frgt'!$B$19 -> 9.0529191e+09 | E21: ='Energy Consumption (EC) - frgt'!E21*'Energy Consumption (EC) - frgt'!$B$19 -> 9.5103179e+09 | F21: ='Energy Consumption (EC) - frgt'!F21*'Energy Consumption (EC) - frgt'!$B$19 -> 9.9908267e+09 | G21: ='Energy Consumption (EC) - frgt'!G21*'Energy Consumption (EC) - frgt'!$B$19 -> 1.0495613e+10 | H21: ='Energy Consumption (EC) - frgt'!H21*'Energy Consumption (EC) - frgt'!$B$19 -> 1.1025904e+10 | I21: ='Energy Consumption (EC) - frgt'!I21*'Energy Consumption (EC) - frgt'!$B$19 -> 1.1582988e+10 | ... AN21: ='Energy Consumption (EC) - frgt'!AN21*'Energy Consumption (EC) - frgt'!$B$19 -> 5.338494e+10
A22: BioGasoil Train | B22: ='Energy Consumption (EC) - frgt'!B22*'Energy Consumption (EC) - frgt'!$B$19 -> 1.340457e+11 | C22: ='Energy Consumption (EC) - frgt'!C22*'Energy Consumption (EC) - frgt'!$B$19 -> 1.4081836e+11 | D22: ='Energy Consumption (EC) - frgt'!D22*'Energy Consumption (EC) - frgt'!$B$19 -> 1.479332e+11 | E22: ='Energy Consumption (EC) - frgt'!E22*'Energy Consumption (EC) - frgt'!$B$19 -> 1.5540753e+11 | F22: ='Energy Consumption (EC) - frgt'!F22*'Energy Consumption (EC) - frgt'!$B$19 -> 1.632595e+11 | G22: ='Energy Consumption (EC) - frgt'!G22*'Energy Consumption (EC) - frgt'!$B$19 -> 1.7150818e+11 | H22: ='Energy Consumption (EC) - frgt'!H22*'Energy Consumption (EC) - frgt'!$B$19 -> 1.8017363e+11 | I22: ='Energy Consumption (EC) - frgt'!I22*'Energy Consumption (EC) - frgt'!$B$19 -> 1.892769e+11 | ... AN22: ='Energy Consumption (EC) - frgt'!AN22*'Energy Consumption (EC) - frgt'!$B$19 -> 8.7236007e+11
A25: Variable: Marine: Total Final Energy Consumption (BTU)
A26: Scenario: Business as Usual
A27: Branch: Demand\Transportation\Freight\Marine\MFO Freight Ship
A28: Region: Indonesia
A30: Branch | B30: 2022 | C30: 2023 | D30: 2024 | E30: 2025 | F30: 2026 | G30: 2027 | H30: 2028 | I30: 2029 | J30: 2030 | K30: 2031 | L30: 2032 | M30: 2033 | N30: 2034 | O30: 2035 | P30: 2036 | Q30: 2037 | R30: 2038 | S30: 2039 | T30: 2040 | U30: 2041 | V30: 2042 | W30: 2043 | X30: 2044 | Y30: 2045 | Z30: 2046 | AA30: 2047 | AB30: 2048 | AC30: 2049 | AD30: 2050 | AE30: 2051 | AF30: 2052 | AG30: 2053 | AH30: 2054 | AI30: 2055 | AJ30: 2056 | AK30: 2057 | AL30: 2058 | AM30: 2059 | AN30: 2060
A31: MFO Freight Ship | B31: ='Energy Consumption (EC) - frgt'!B31*'Energy Consumption (EC) - frgt'!$B$29 -> 1.6990903e+12 | C31: ='Energy Consumption (EC) - frgt'!C31*'Energy Consumption (EC) - frgt'!$B$29 -> 1.7849369e+12 | D31: ='Energy Consumption (EC) - frgt'!D31*'Energy Consumption (EC) - frgt'!$B$29 -> 1.8751208e+12 | E31: ='Energy Consumption (EC) - frgt'!E31*'Energy Consumption (EC) - frgt'!$B$29 -> 1.9698613e+12 | F31: ='Energy Consumption (EC) - frgt'!F31*'Energy Consumption (EC) - frgt'!$B$29 -> 2.0693885e+12 | G31: ='Energy Consumption (EC) - frgt'!G31*'Energy Consumption (EC) - frgt'!$B$29 -> 2.1739444e+12 | H31: ='Energy Consumption (EC) - frgt'!H31*'Energy Consumption (EC) - frgt'!$B$29 -> 2.2837829e+12 | I31: ='Energy Consumption (EC) - frgt'!I31*'Energy Consumption (EC) - frgt'!$B$29 -> 2.399171e+12 | ... AN31: ='Energy Consumption (EC) - frgt'!AN31*'Energy Consumption (EC) - frgt'!$B$29 -> 1.1057562e+13
A32: MDF Freight Ship | B32: ='Energy Consumption (EC) - frgt'!B32*'Energy Consumption (EC) - frgt'!$B$29 -> 7.3336756e+08 | C32: ='Energy Consumption (EC) - frgt'!C32*'Energy Consumption (EC) - frgt'!$B$29 -> 7.7042096e+08 | D32: ='Energy Consumption (EC) - frgt'!D32*'Energy Consumption (EC) - frgt'!$B$29 -> 8.0934647e+08 | E32: ='Energy Consumption (EC) - frgt'!E32*'Energy Consumption (EC) - frgt'!$B$29 -> 8.502387e+08 | F32: ='Energy Consumption (EC) - frgt'!F32*'Energy Consumption (EC) - frgt'!$B$29 -> 8.9319702e+08 | G32: ='Energy Consumption (EC) - frgt'!G32*'Energy Consumption (EC) - frgt'!$B$29 -> 9.3832579e+08 | H32: ='Energy Consumption (EC) - frgt'!H32*'Energy Consumption (EC) - frgt'!$B$29 -> 9.8573471e+08 | I32: ='Energy Consumption (EC) - frgt'!I32*'Energy Consumption (EC) - frgt'!$B$29 -> 1.035539e+09 | ... AN32: ='Energy Consumption (EC) - frgt'!AN32*'Energy Consumption (EC) - frgt'!$B$29 -> 4.772705e+09
A33: Diesel Freight Ship | B33: ='Energy Consumption (EC) - frgt'!B33*'Energy Consumption (EC) - frgt'!$B$29 -> 4.9545936e+10 | C33: ='Energy Consumption (EC) - frgt'!C33*'Energy Consumption (EC) - frgt'!$B$29 -> 5.2049245e+10 | D33: ='Energy Consumption (EC) - frgt'!D33*'Energy Consumption (EC) - frgt'!$B$29 -> 5.4679033e+10 | E33: ='Energy Consumption (EC) - frgt'!E33*'Energy Consumption (EC) - frgt'!$B$29 -> 5.7441691e+10 | F33: ='Energy Consumption (EC) - frgt'!F33*'Energy Consumption (EC) - frgt'!$B$29 -> 6.0343933e+10 | G33: ='Energy Consumption (EC) - frgt'!G33*'Energy Consumption (EC) - frgt'!$B$29 -> 6.339281e+10 | H33: ='Energy Consumption (EC) - frgt'!H33*'Energy Consumption (EC) - frgt'!$B$29 -> 6.6595732e+10 | I33: ='Energy Consumption (EC) - frgt'!I33*'Energy Consumption (EC) - frgt'!$B$29 -> 6.9960481e+10 | ... AN33: ='Energy Consumption (EC) - frgt'!AN33*'Energy Consumption (EC) - frgt'!$B$29 -> 3.224415e+11
A34: BioGasoil Freight Ship | B34: ='Energy Consumption (EC) - frgt'!B34*'Energy Consumption (EC) - frgt'!$B$29 -> 8.0962715e+13 | C34: ='Energy Consumption (EC) - frgt'!C34*'Energy Consumption (EC) - frgt'!$B$29 -> 8.5053357e+13 | D34: ='Energy Consumption (EC) - frgt'!D34*'Energy Consumption (EC) - frgt'!$B$29 -> 8.9350677e+13 | E34: ='Energy Consumption (EC) - frgt'!E34*'Energy Consumption (EC) - frgt'!$B$29 -> 9.386512e+13 | F34: ='Energy Consumption (EC) - frgt'!F34*'Energy Consumption (EC) - frgt'!$B$29 -> 9.8607656e+13 | G34: ='Energy Consumption (EC) - frgt'!G34*'Energy Consumption (EC) - frgt'!$B$29 -> 1.0358981e+14 | H34: ='Energy Consumption (EC) - frgt'!H34*'Energy Consumption (EC) - frgt'!$B$29 -> 1.0882368e+14 | I34: ='Energy Consumption (EC) - frgt'!I34*'Energy Consumption (EC) - frgt'!$B$29 -> 1.14322e+14 | ... AN34: ='Energy Consumption (EC) - frgt'!AN34*'Energy Consumption (EC) - frgt'!$B$29 -> 5.2689971e+14
A37: Variable: Aviation: Total Final Energy Consumption (BTU)
A38: Scenario: Business as Usual
A39: Branch: Demand\Transportation\Freight\Aviation\Avgas Plane
A40: Region: Indonesia
A42: Branch | B42: 2022 | C42: 2023 | D42: 2024 | E42: 2025 | F42: 2026 | G42: 2027 | H42: 2028 | I42: 2029 | J42: 2030 | K42: 2031 | L42: 2032 | M42: 2033 | N42: 2034 | O42: 2035 | P42: 2036 | Q42: 2037 | R42: 2038 | S42: 2039 | T42: 2040 | U42: 2041 | V42: 2042 | W42: 2043 | X42: 2044 | Y42: 2045 | Z42: 2046 | AA42: 2047 | AB42: 2048 | AC42: 2049 | AD42: 2050 | AE42: 2051 | AF42: 2052 | AG42: 2053 | AH42: 2054 | AI42: 2055 | AJ42: 2056 | AK42: 2057 | AL42: 2058 | AM42: 2059 | AN42: 2060
A43: Avgas Plane | B43: ='Energy Consumption (EC) - frgt'!B43*'Energy Consumption (EC) - frgt'!$B$41 -> 2.5293846e+10 | C43: ='Energy Consumption (EC) - frgt'!C43*'Energy Consumption (EC) - frgt'!$B$41 -> 2.6571817e+10 | D43: ='Energy Consumption (EC) - frgt'!D43*'Energy Consumption (EC) - frgt'!$B$41 -> 2.7914358e+10 | E43: ='Energy Consumption (EC) - frgt'!E43*'Energy Consumption (EC) - frgt'!$B$41 -> 2.9324731e+10 | F43: ='Energy Consumption (EC) - frgt'!F43*'Energy Consumption (EC) - frgt'!$B$41 -> 3.0806363e+10 | G43: ='Energy Consumption (EC) - frgt'!G43*'Energy Consumption (EC) - frgt'!$B$41 -> 3.2362855e+10 | H43: ='Energy Consumption (EC) - frgt'!H43*'Energy Consumption (EC) - frgt'!$B$41 -> 3.3997988e+10 | I43: ='Energy Consumption (EC) - frgt'!I43*'Energy Consumption (EC) - frgt'!$B$41 -> 3.5715736e+10 | ... AN43: ='Energy Consumption (EC) - frgt'!AN43*'Energy Consumption (EC) - frgt'!$B$41 -> 1.6461059e+11
A44: Avtur Plane | B44: ='Energy Consumption (EC) - frgt'!B44*'Energy Consumption (EC) - frgt'!$B$41 -> 6.9807605e+13 | C44: ='Energy Consumption (EC) - frgt'!C44*'Energy Consumption (EC) - frgt'!$B$41 -> 7.3334634e+13 | D44: ='Energy Consumption (EC) - frgt'!D44*'Energy Consumption (EC) - frgt'!$B$41 -> 7.7039866e+13 | E44: ='Energy Consumption (EC) - frgt'!E44*'Energy Consumption (EC) - frgt'!$B$41 -> 8.0932306e+13 | F44: ='Energy Consumption (EC) - frgt'!F44*'Energy Consumption (EC) - frgt'!$B$41 -> 8.502141e+13 | G44: ='Energy Consumption (EC) - frgt'!G44*'Energy Consumption (EC) - frgt'!$B$41 -> 8.9317117e+13 | H44: ='Energy Consumption (EC) - frgt'!H44*'Energy Consumption (EC) - frgt'!$B$41 -> 93829864609841 | I44: ='Energy Consumption (EC) - frgt'!I44*'Energy Consumption (EC) - frgt'!$B$41 -> 9.8570619e+13 | ... AN44: ='Energy Consumption (EC) - frgt'!AN44*'Energy Consumption (EC) - frgt'!$B$41 -> 4.5430303e+14

Sheet Calculation - FE - psgr
A1: Level of Activity (passenger*miles)
A2: {=TRANSPOSE('Conversion - LA - psgr'!A6:AN6)} -> Branch | B2: {=TRANSPOSE('Conversion - LA - psgr'!A7:AN11)} -> Gasoline Car | C2: Electric Car | D2: CNG Car | E2: Diesel Car | F2: BioGasoil Car | I2: {=TRANSPOSE('Conversion - LA - psgr'!A19:AN22)} -> Branch | J2: Gasoline Motorcycle | K2: Electric Motorcycle | L2: CNG Motorcycle | O2: {=TRANSPOSE('Conversion - LA - psgr'!A30:AN34)} -> Branch | P2: Electric Bus | Q2: CNG Bus | R2: Diesel Bus | S2: BioGasoil Bus | V2: {=TRANSPOSE('Conversion - LA - psgr'!A42:AN45)} -> Branch | W2: Urban Train | X2: Diesel Train | Y2: BioGasoil Train | AB2: {=TRANSPOSE('Conversion - LA - psgr'!A53:AN56)} -> Branch | AC2: Gasoline Passenger Ship | AD2: MFO Passenger Ship | AE2: MDF Passenger Ship | AH2: {=TRANSPOSE('Conversion - LA - psgr'!A64:AN66)} -> Branch | AI2: Avgas Plane | AJ2: Avtur Plane
A3: 2022 | B3: 2.0122098e+11 | C3: 2.0414974e+08 | D3: 2.0153244e+08 | E3: 3.3117182e+09 | F3: 5.679206e+10 | I3: 2022 | J3: 8.395505e+11 | K3: 2.9395144e+08 | L3: 16797225 | O3: 2022 | P3: 1.2805724e+08 | Q3: 2.3283135e+08 | R3: 2.1361794e+10 | S3: 3.6632956e+11 | V3: 2022 | W3: 3.4702257e+09 | X3: 4.6106777e+08 | Y3: 7.9044013e+09 | AB3: 2022 | AC3: 3.5865423e+09 | AD3: 663.74891 | AE3: 1.4359089 | AH3: 2022 | AI3: 32091322 | AJ3: 8.0196214e+10
A4: 2023 | B4: 2.0687537e+11 | C4: 2.0988643e+08 | D4: 2.0719558e+08 | E4: 3.4047787e+09 | F4: 5.8387939e+10 | I4: 2023 | J4: 8.6314219e+11 | K4: 3.0221159e+08 | L4: 17269233 | O4: 2023 | P4: 1.316557e+08 | Q4: 2.39374e+08 | R4: 2.1962068e+10 | S4: 3.7662356e+11 | V4: 2023 | W4: 3.4820919e+09 | X4: 4.6264437e+08 | Y4: 7.9314299e+09 | AB4: 2023 | AC4: 3.9541629e+09 | AD4: 731.78317 | AE4: 1.5830896 | AH4: 2023 | AI4: 33695888 | AJ4: 8.4206025e+10
A5: 2024 | B5: 2.1268864e+11 | C5: 2.1578432e+08 | D5: 2.1301785e+08 | E5: 3.5004543e+09 | F5: 6.0028662e+10 | I5: 2024 | J5: 8.8739682e+11 | K5: 3.1070385e+08 | L5: 17754506 | O5: 2024 | P5: 1.3535527e+08 | Q5: 2.461005e+08 | R5: 2.2579211e+10 | S5: 3.8720683e+11 | V5: 2024 | W5: 3.4939582e+09 | X5: 4.6422096e+08 | Y5: 7.9584585e+09 | AB5: 2024 | AC5: 4.3594646e+09 | AD5: 806.79095 | AE5: 1.7453563 | AH5: 2024 | AI5: 35380683 | AJ5: 8.8416326e+10
A6: 2025 | B6: 2.1866528e+11 | C6: 2.2184794e+08 | D6: 2.1900374e+08 | E6: 3.5988184e+09 | F6: 6.1715491e+10 | I6: 2025 | J6: 9.1233301e+11 | K6: 3.1943475e+08 | L6: 18253414 | O6: 2025 | P6: 1.3915881e+08 | Q6: 2.5301602e+08 | R6: 2.3213695e+10 | S6: 3.9808749e+11 | V6: 2025 | W6: 3.5058244e+09 | X6: 4.6579756e+08 | Y6: 7.9854872e+09 | AB6: 2025 | AC6: 4.8063097e+09 | AD6: 889.48702 | AE6: 1.9242553 | AH6: 2025 | AI6: 37149717 | AJ6: 9.2837142e+10
A7: 2026 | B7: 2.2480985e+11 | C7: 2.2808195e+08 | D7: 2.2515783e+08 | E7: 3.6999466e+09 | F7: 6.344972e+10 | I7: 2026 | J7: 9.3796992e+11 | K7: 3.2841098e+08 | L7: 18766342 | O7: 2026 | P7: 1.4306923e+08 | Q7: 2.6012586e+08 | R7: 2.3866009e+10 | S7: 4.092739e+11 | V7: 2026 | W7: 3.5375664e+09 | X7: 4.7001493e+08 | Y7: 8.0577884e+09 | AB7: 2026 | AC7: 5.2989564e+09 | AD7: 980.65944 | AE7: 2.1214915 | AH7: 2026 | AI7: 39007203 | AJ7: 9.7478999e+10
A8: 2027 | B8: 2.311271e+11 | C8: 2.3449114e+08 | D8: 2.3148485e+08 | E8: 3.8039165e+09 | F8: 6.5232681e+10 | I8: 2027 | J8: 9.6432724e+11 | K8: 3.3763946e+08 | L8: 19293683 | O8: 2027 | P8: 1.4708953e+08 | Q8: 2.674355e+08 | R8: 2.4536653e+10 | S8: 4.2077466e+11 | V8: 2027 | W8: 3.5693084e+09 | X8: 4.7423229e+08 | Y8: 8.1300897e+09 | AB8: 2027 | AC8: 5.8420995e+09 | AD8: 1081.177 | AE8: 2.3389444 | AH8: 2027 | AI8: 40957563 | AJ8: 1.0235295e+11
A9: 2028 | B9: 2.3762186e+11 | C9: 2.4108044e+08 | D9: 2.3798966e+08 | E9: 3.9108081e+09 | F9: 6.7065745e+10 | I9: 2028 | J9: 9.914252e+11 | K9: 3.4712726e+08 | L9: 19835843 | O9: 2028 | P9: 1.512228e+08 | Q9: 2.7495054e+08 | R9: 2.5226143e+10 | S9: 4.3259859e+11 | V9: 2028 | W9: 3.6010505e+09 | X9: 4.7844966e+08 | Y9: 8.2023909e+09 | AB9: 2028 | AC9: 6.4409147e+09 | AD9: 1191.9977 | AE9: 2.5786862 | AH9: 2028 | AI9: 43005441 | AJ9: 1.074706e+11
A10: 2029 | B10: 2.4429912e+11 | C10: 2.4785489e+08 | D10: 2.4467726e+08 | E10: 4.0207033e+09 | F10: 6.8950318e+10 | I10: 2029 | J10: 1.0192846e+12 | K10: 3.5688167e+08 | L10: 20393238 | O10: 2029 | P10: 1.5547222e+08 | Q10: 2.8267676e+08 | R10: 2.5935007e+10 | S10: 4.4475477e+11 | V10: 2029 | W10: 3.6327925e+09 | X10: 4.8266703e+08 | Y10: 8.2746922e+09 | AB10: 2029 | AC10: 7.1011084e+09 | AD10: 1314.1774 | AE10: 2.8430015 | AH10: 2029 | AI10: 45155713 | AJ10: 1.1284413e+11
A11: 2030 | B11: 2.5116402e+11 | C11: 2.5481971e+08 | D11: 2.5155279e+08 | E11: 4.1336866e+09 | F11: 7.0887848e+10 | I11: 2030 | J11: 1.0479269e+12 | K11: 3.6691018e+08 | L11: 20966296 | O11: 2030 | P11: 1.5984105e+08 | Q11: 2.9062008e+08 | R11: 2.6663791e+10 | S11: 4.5725256e+11 | V11: 2030 | W11: 3.6645345e+09 | X11: 4.868844e+08 | Y11: 8.3469934e+09 | AB11: 2030 | AC11: 7.828972e+09 | AD11: 1448.8806 | AE11: 3.1344091 | AH11: 2030 | AI11: 47413499 | AJ11: 1.1848633e+11
A12: 2031 | B12: 2.5822183e+11 | C12: 2.6198024e+08 | D12: 2.5862152e+08 | E12: 4.2498448e+09 | F12: 7.2879824e+10 | I12: 2031 | J12: 1.0773741e+12 | K12: 3.772205e+08 | L12: 21555457 | O12: 2031 | P12: 1.6433264e+08 | Q12: 2.9878662e+08 | R12: 2.7413053e+10 | S12: 4.7010153e+11 | V12: 2031 | W12: 3.6911953e+09 | X12: 4.9042667e+08 | Y12: 8.4077209e+09 | AB12: 2031 | AC12: 8.6314417e+09 | AD12: 1597.3909 | AE12: 3.4556861 | AH12: 2031 | AI12: 49784173 | AJ12: 1.2441065e+11
A13: 2032 | B13: 2.6547796e+11 | C13: 2.6934198e+08 | D13: 2.6588888e+08 | E13: 4.369267e+09 | F13: 7.4927775e+10 | I13: 2032 | J13: 1.1076487e+12 | K13: 3.8782054e+08 | L13: 22161174 | O13: 2032 | P13: 1.6895045e+08 | Q13: 3.0718264e+08 | R13: 2.8183371e+10 | S13: 4.8331156e+11 | V13: 2032 | W13: 3.7178562e+09 | X13: 4.9396893e+08 | Y13: 8.4684484e+09 | AB13: 2032 | AC13: 9.5161644e+09 | AD13: 1761.1235 | AE13: 3.8098939 | AH13: 2032 | AI13: 52273382 | AJ13: 1.3063118e+11
A14: 2033 | B14: 2.72938e+11 | C14: 2.769106e+08 | D14: 2.7336046e+08 | E14: 4.4920451e+09 | F14: 7.7033275e+10 | I14: 2033 | J14: 1.1387741e+12 | K14: 3.9871845e+08 | L14: 22783911 | O14: 2033 | P14: 1.7369802e+08 | Q14: 3.1581459e+08 | R14: 2.8975334e+10 | S14: 4.968928e+11 | V14: 2033 | W14: 3.744517e+09 | X14: 4.9751119e+08 | Y14: 8.5291758e+09 | AB14: 2033 | AC14: 1.0491571e+10 | AD14: 1941.6386 | AE14: 4.200408 | AH14: 2033 | AI14: 54887051 | AJ14: 1.3716274e+11
... A41: 2060 | B41: 5.7679713e+11 | C41: 5.8519239e+08 | D41: 5.7768992e+08 | E41: 9.4929939e+09 | F41: 1.6279365e+11 | I41: 2060 | J41: 2.4065598e+12 | K41: 8.4260769e+08 | L41: 48149011 | O41: 2060 | P41: 3.6707429e+08 | Q41: 6.674078e+08 | R41: 6.1233283e+10 | S41: 1.0500786e+12 | V41: 2060 | W41: 4.0462651e+09 | X41: 5.3760263e+08 | Y41: 9.2164908e+09 | AB41: 2060 | AC41: 1.4623882e+11 | AD41: 27063.911 | AE41: 58.548211 | AH41: 2060 | AI41: 2.0491841e+08 | AJ41: 5.120911e+11
A43: Backcasting
A44: =A2 -> Branch | B44: =B2 -> Gasoline Car | C44: =C2 -> Electric Car | D44: =D2 -> CNG Car | E44: =E2 -> Diesel Car | F44: =F2 -> BioGasoil Car | I44: =I2 -> Branch | J44: =J2 -> Gasoline Motorcycle | K44: =K2 -> Electric Motorcycle | L44: =L2 -> CNG Motorcycle | O44: =O2 -> Branch | P44: =P2 -> Electric Bus | Q44: =Q2 -> CNG Bus | R44: =R2 -> Diesel Bus | S44: =S2 -> BioGasoil Bus | V44: =V2 -> Branch | W44: =W2 -> Urban Train | X44: =X2 -> Diesel Train | Y44: =Y2 -> BioGasoil Train | AB44: =AB2 -> Branch | AC44: =AC2 -> Gasoline Passenger Ship | AD44: =AD2 -> MFO Passenger Ship | AE44: =AE2 -> MDF Passenger Ship | AH44: =AH2 -> Branch | AI44: =AI2 -> Avgas Plane | AJ44: =AJ2 -> Avtur Plane
A45: 2019 | B45: =_xlfn.FORECAST.LINEAR($A45,B$3:B$15,$A$3:$A$15) -> 1.7944496e+11 | C45: =_xlfn.FORECAST.LINEAR($A45,C$3:C$15,$A$3:$A$15) -> 1.8205677e+08 | D45: =_xlfn.FORECAST.LINEAR($A45,D$3:D$15,$A$3:$A$15) -> 1.7972271e+08 | E45: =_xlfn.FORECAST.LINEAR($A45,E$3:E$15,$A$3:$A$15) -> 2.9533259e+09 | F45: =_xlfn.FORECAST.LINEAR($A45,F$3:F$15,$A$3:$A$15) -> 5.0646055e+10 | I45: 2019 | J45: =_xlfn.FORECAST.LINEAR($A45,J$3:J$15,$A$3:$A$15) -> 7.4869482e+11 | K45: =_xlfn.FORECAST.LINEAR($A45,K$3:K$15,$A$3:$A$15) -> 2.6214018e+08 | L45: =_xlfn.FORECAST.LINEAR($A45,L$3:L$15,$A$3:$A$15) -> 14979439 | O45: 2019 | P45: =_xlfn.FORECAST.LINEAR($A45,P$3:P$15,$A$3:$A$15) -> 1.1419896e+08 | Q45: =_xlfn.FORECAST.LINEAR($A45,Q$3:Q$15,$A$3:$A$15) -> 2.0763447e+08 | R45: =_xlfn.FORECAST.LINEAR($A45,R$3:R$15,$A$3:$A$15) -> 1.9050033e+10 | S45: =_xlfn.FORECAST.LINEAR($A45,S$3:S$15,$A$3:$A$15) -> 3.2668559e+11 | V45: 2019 | W45: =_xlfn.FORECAST.LINEAR($A45,W$3:W$15,$A$3:$A$15) -> 3.3646523e+09 | X45: =_xlfn.FORECAST.LINEAR($A45,X$3:X$15,$A$3:$A$15) -> 4.4704087e+08 | Y45: =_xlfn.FORECAST.LINEAR($A45,Y$3:Y$15,$A$3:$A$15) -> 7.6639285e+09 | AB45: 2019 | AC45: =_xlfn.FORECAST.LINEAR($A45,AC$3:AC$15,$A$3:$A$15) -> 9.9466155e+08 | AD45: =_xlfn.FORECAST.LINEAR($A45,AD$3:AD$15,$A$3:$A$15) -> 184.07855 | AE45: =_xlfn.FORECAST.LINEAR($A45,AE$3:AE$15,$A$3:$A$15) -> 0.39822294 | AH45: 2019 | AI45: =_xlfn.FORECAST.LINEAR($A45,AI$3:AI$15,$A$3:$A$15) -> 24653470 | AJ45: =_xlfn.FORECAST.LINEAR($A45,AJ$3:AJ$15,$A$3:$A$15) -> 6.1609022e+10
A46: 2020 | B46: =_xlfn.FORECAST.LINEAR($A46,B$3:B$15,$A$3:$A$15) -> 1.8605123e+11 | C46: =_xlfn.FORECAST.LINEAR($A46,C$3:C$15,$A$3:$A$15) -> 1.8875919e+08 | D46: =_xlfn.FORECAST.LINEAR($A46,D$3:D$15,$A$3:$A$15) -> 1.863392e+08 | E46: =_xlfn.FORECAST.LINEAR($A46,E$3:E$15,$A$3:$A$15) -> 3.0620526e+09 | F46: =_xlfn.FORECAST.LINEAR($A46,F$3:F$15,$A$3:$A$15) -> 5.251059e+10 | I46: 2020 | J46: =_xlfn.FORECAST.LINEAR($A46,J$3:J$15,$A$3:$A$15) -> 7.7625803e+11 | K46: =_xlfn.FORECAST.LINEAR($A46,K$3:K$15,$A$3:$A$15) -> 2.7179087e+08 | L46: =_xlfn.FORECAST.LINEAR($A46,L$3:L$15,$A$3:$A$15) -> 15530907 | O46: 2020 | P46: =_xlfn.FORECAST.LINEAR($A46,P$3:P$15,$A$3:$A$15) -> 1.1840319e+08 | Q46: =_xlfn.FORECAST.LINEAR($A46,Q$3:Q$15,$A$3:$A$15) -> 2.1527853e+08 | R46: =_xlfn.FORECAST.LINEAR($A46,R$3:R$15,$A$3:$A$15) -> 1.975136e+10 | S46: =_xlfn.FORECAST.LINEAR($A46,S$3:S$15,$A$3:$A$15) -> 3.3871252e+11 | V46: 2020 | W46: =_xlfn.FORECAST.LINEAR($A46,W$3:W$15,$A$3:$A$15) -> 3.3915037e+09 | X46: =_xlfn.FORECAST.LINEAR($A46,X$3:X$15,$A$3:$A$15) -> 4.5060846e+08 | Y46: =_xlfn.FORECAST.LINEAR($A46,Y$3:Y$15,$A$3:$A$15) -> 7.7250901e+09 | AB46: 2020 | AC46: =_xlfn.FORECAST.LINEAR($A46,AC$3:AC$15,$A$3:$A$15) -> 1.648457e+09 | AD46: =_xlfn.FORECAST.LINEAR($A46,AD$3:AD$15,$A$3:$A$15) -> 305.0742 | AE46: =_xlfn.FORECAST.LINEAR($A46,AE$3:AE$15,$A$3:$A$15) -> 0.65997664 | AH46: 2020 | AI46: =_xlfn.FORECAST.LINEAR($A46,AI$3:AI$15,$A$3:$A$15) -> 26772598 | AJ46: =_xlfn.FORECAST.LINEAR($A46,AJ$3:AJ$15,$A$3:$A$15) -> 6.6904722e+10
A47: 2021 | B47: =_xlfn.FORECAST.LINEAR($A47,B$3:B$15,$A$3:$A$15) -> 1.9265749e+11 | C47: =_xlfn.FORECAST.LINEAR($A47,C$3:C$15,$A$3:$A$15) -> 1.9546161e+08 | D47: =_xlfn.FORECAST.LINEAR($A47,D$3:D$15,$A$3:$A$15) -> 1.929557e+08 | E47: =_xlfn.FORECAST.LINEAR($A47,E$3:E$15,$A$3:$A$15) -> 3.1707793e+09 | F47: =_xlfn.FORECAST.LINEAR($A47,F$3:F$15,$A$3:$A$15) -> 5.4375125e+10 | I47: 2021 | J47: =_xlfn.FORECAST.LINEAR($A47,J$3:J$15,$A$3:$A$15) -> 8.0382123e+11 | K47: =_xlfn.FORECAST.LINEAR($A47,K$3:K$15,$A$3:$A$15) -> 2.8144156e+08 | L47: =_xlfn.FORECAST.LINEAR($A47,L$3:L$15,$A$3:$A$15) -> 16082375 | O47: 2021 | P47: =_xlfn.FORECAST.LINEAR($A47,P$3:P$15,$A$3:$A$15) -> 1.2260743e+08 | Q47: =_xlfn.FORECAST.LINEAR($A47,Q$3:Q$15,$A$3:$A$15) -> 2.229226e+08 | R47: =_xlfn.FORECAST.LINEAR($A47,R$3:R$15,$A$3:$A$15) -> 2.0452687e+10 | S47: =_xlfn.FORECAST.LINEAR($A47,S$3:S$15,$A$3:$A$15) -> 3.5073945e+11 | V47: 2021 | W47: =_xlfn.FORECAST.LINEAR($A47,W$3:W$15,$A$3:$A$15) -> 3.4183552e+09 | X47: =_xlfn.FORECAST.LINEAR($A47,X$3:X$15,$A$3:$A$15) -> 4.5417605e+08 | Y47: =_xlfn.FORECAST.LINEAR($A47,Y$3:Y$15,$A$3:$A$15) -> 7.7862517e+09 | AB47: 2021 | AC47: =_xlfn.FORECAST.LINEAR($A47,AC$3:AC$15,$A$3:$A$15) -> 2.3022524e+09 | AD47: =_xlfn.FORECAST.LINEAR($A47,AD$3:AD$15,$A$3:$A$15) -> 426.06985 | AE47: =_xlfn.FORECAST.LINEAR($A47,AE$3:AE$15,$A$3:$A$15) -> 0.92173033 | AH47: 2021 | AI47: =_xlfn.FORECAST.LINEAR($A47,AI$3:AI$15,$A$3:$A$15) -> 28891725 | AJ47: =_xlfn.FORECAST.LINEAR($A47,AJ$3:AJ$15,$A$3:$A$15) -> 7.2200422e+10
A51: Energy Consumption (BTU)
A52: {=TRANSPOSE('Conversion - EC - psgr'!A6:AN11)} -> Branch | B52: Gasoline Car | C52: Electric Car | D52: CNG Car | E52: Diesel Car | F52: BioGasoil Car | I52: {=TRANSPOSE('Conversion - EC - psgr'!A19:AN22)} -> Branch | J52: Gasoline Motorcycle | K52: Electric Motorcycle | L52: CNG Motorcycle | O52: {=TRANSPOSE('Conversion - EC - psgr'!A30:AN34)} -> Branch | P52: Electric Bus | Q52: CNG Bus | R52: Diesel Bus | S52: BioGasoil Bus | V52: {=TRANSPOSE('Conversion - EC - psgr'!A42:AN45)} -> Branch | W52: Urban Train | X52: Diesel Train | Y52: BioGasoil Train | AB52: {=TRANSPOSE('Conversion - EC - psgr'!A53:AN56)} -> Branch | AC52: Gasoline Passenger Ship | AD52: MFO Passenger Ship | AE52: MDF Passenger Ship | AH52: {=TRANSPOSE('Conversion - EC - psgr'!A64:AN66)} -> Branch | AI52: Avgas Plane | AJ52: Avtur Plane
A53: 2022 | B53: 3.7687106e+14 | C53: 5.2959647e+10 | D53: 1.677313e+11 | E53: 5.42535e+12 | F53: 8.8655317e+13 | I53: 2022 | J53: 7.4222247e+14 | K53: 2.9797841e+10 | L53: 1.3932014e+10 | O53: 2022 | P53: 2.1744038e+10 | Q53: 1.8759821e+11 | R53: 1.9497489e+13 | S53: 3.1860728e+14 | V53: 2022 | W53: 1.0699657e+12 | X53: 4.7821485e+11 | Y53: 7.82928e+11 | AB53: 2022 | AC53: 5.6839138e+12 | AD53: 2.816069e+09 | AE53: 1.2932163e+08 | AH53: 2022 | AI53: 1.615268e+10 | AJ53: 4.4579218e+13
A54: 2023 | B54: 3.8746129e+14 | C54: 5.4447833e+10 | D54: 1.7244461e+11 | E54: 5.5778045e+12 | F54: 9.1146566e+13 | I54: 2023 | J54: 7.6307921e+14 | K54: 3.0635172e+10 | L54: 1.4323509e+10 | O54: 2023 | P54: 2.2355054e+10 | Q54: 1.9286979e+11 | R54: 2.0045376e+13 | S54: 3.2756027e+14 | V54: 2023 | W54: 1.0736244e+12 | X54: 4.7985008e+11 | Y54: 7.8560518e+11 | AB54: 2023 | AC54: 5.9681095e+12 | AD54: 2.9568724e+09 | AE54: 1.3578771e+08 | AH54: 2023 | AI54: 1.6960313e+10 | AJ54: 4.6808179e+13
A55: 2024 | B55: 3.983491e+14 | C55: 5.5977838e+10 | D55: 1.7729037e+11 | E55: 5.7345429e+12 | F55: 9.3707819e+13 | I55: 2024 | J55: 7.8452203e+14 | K55: 3.1496032e+10 | L55: 1.4726005e+10 | O55: 2024 | P55: 2.2983239e+10 | Q55: 1.9828951e+11 | R55: 2.0608658e+13 | S55: 3.3676484e+14 | V55: 2024 | W55: 1.0772831e+12 | X55: 4.814853e+11 | Y55: 7.8828236e+11 | AB55: 2024 | AC55: 6.2665149e+12 | AD55: 3.1047161e+09 | AE55: 1.4257709e+08 | AH55: 2024 | AI55: 1.7808329e+10 | AJ55: 4.9148588e+13
A56: 2025 | B56: 4.0954286e+14 | C56: 5.7550837e+10 | D56: 1.822723e+11 | E56: 5.8956858e+12 | F56: 9.6341045e+13 | I56: 2025 | J56: 8.065674e+14 | K56: 3.2381083e+10 | L56: 1.5139812e+10 | O56: 2025 | P56: 2.3629077e+10 | Q56: 2.0386152e+11 | R56: 2.118777e+13 | S56: 3.4622806e+14 | V56: 2025 | W56: 1.0809418e+12 | X56: 4.8312053e+11 | Y56: 7.9095953e+11 | AB56: 2025 | AC56: 6.5798407e+12 | AD56: 3.2599519e+09 | AE56: 1.4970595e+08 | AH56: 2025 | AI56: 1.8698746e+10 | AJ56: 5.1606018e+13
A57: 2026 | B57: 4.2105117e+14 | C57: 5.9168038e+10 | D57: 1.8739422e+11 | E57: 6.0613568e+12 | F57: 9.9048266e+13 | I57: 2026 | J57: 8.2923225e+14 | K57: 3.3291004e+10 | L57: 1.5565246e+10 | O57: 2026 | P57: 2.4293063e+10 | Q57: 2.0959011e+11 | R57: 2.1783154e+13 | S57: 3.5595721e+14 | V57: 2026 | W57: 1.0907287e+12 | X57: 4.8749474e+11 | Y57: 7.9812095e+11 | AB57: 2026 | AC57: 6.9088327e+12 | AD57: 3.4229495e+09 | AE57: 1.5719125e+08 | AH57: 2026 | AI57: 1.9633683e+10 | AJ57: 5.4186319e+13
A58: 2027 | B58: 4.3288287e+14 | C58: 6.0830682e+10 | D58: 1.9266007e+11 | E58: 6.2316833e+12 | F58: 1.0183156e+14 | I58: 2027 | J58: 8.52534e+14 | K58: 3.4226494e+10 | L58: 1.6002636e+10 | O58: 2027 | P58: 2.4975708e+10 | Q58: 2.1547967e+11 | R58: 2.2395269e+13 | S58: 3.6595974e+14 | V58: 2027 | W58: 1.1005157e+12 | X58: 4.9186896e+11 | Y58: 8.0528236e+11 | AB58: 2027 | AC58: 7.2542743e+12 | AD58: 3.5940969e+09 | AE58: 1.6505081e+08 | AH58: 2027 | AI58: 2.0615367e+10 | AJ58: 5.6895634e+13
A59: 2028 | B59: 4.4504705e+14 | C59: 6.2540048e+10 | D59: 1.980739e+11 | E59: 6.406796e+12 | F59: 1.0469307e+14 | I59: 2028 | J59: 8.7649053e+14 | K59: 3.5188272e+10 | L59: 1.6452316e+10 | O59: 2028 | P59: 2.5677535e+10 | Q59: 2.2153473e+11 | R59: 2.3024585e+13 | S59: 3.7624335e+14 | V59: 2028 | W59: 1.1103026e+12 | X59: 4.9624317e+11 | Y59: 8.1244377e+11 | AB59: 2028 | AC59: 7.6169881e+12 | AD59: 3.7738018e+09 | AE59: 1.7330335e+08 | AH59: 2028 | AI59: 2.1646135e+10 | AJ59: 5.9740416e+13
A60: 2029 | B60: 4.5755304e+14 | C60: 6.4297447e+10 | D60: 2.0363985e+11 | E60: 6.5868294e+12 | F60: 1.0763498e+14 | I60: 2029 | J60: 9.0112025e+14 | K60: 3.6177076e+10 | L60: 1.6914632e+10 | O60: 2029 | P60: 2.6399083e+10 | Q60: 2.2775994e+11 | R60: 2.3671585e+13 | S60: 3.8681593e+14 | V60: 2029 | W60: 1.1200895e+12 | X60: 5.0061738e+11 | Y60: 8.1960518e+11 | AB60: 2029 | AC60: 7.9978375e+12 | AD60: 3.9624919e+09 | AE60: 1.8196852e+08 | AH60: 2029 | AI60: 2.2728442e+10 | AJ60: 6.2727437e+13
A61: 2030 | B61: 4.7041046e+14 | C61: 6.610423e+10 | D61: 2.0936221e+11 | E61: 6.7719219e+12 | F61: 1.1065957e+14 | I61: 2030 | J61: 9.2644208e+14 | K61: 3.7193665e+10 | L61: 1.738994e+10 | O61: 2030 | P61: 2.7140908e+10 | Q61: 2.3416008e+11 | R61: 2.4336765e+13 | S61: 3.9768561e+14 | V61: 2030 | W61: 1.1298765e+12 | X61: 5.0499159e+11 | Y61: 8.2676659e+11 | AB61: 2030 | AC61: 8.3977293e+12 | AD61: 4.1606165e+09 | AE61: 1.9106694e+08 | AH61: 2030 | AI61: 2.3864864e+10 | AJ61: 6.5863809e+13
A62: 2031 | B62: 4.8362917e+14 | C62: 6.7961785e+10 | D62: 2.1524537e+11 | E62: 6.9622155e+12 | F62: 1.1376914e+14 | I62: 2031 | J62: 9.5247546e+14 | K62: 3.8238822e+10 | L62: 1.7878604e+10 | O62: 2031 | P62: 2.7903578e+10 | Q62: 2.4074007e+11 | R62: 2.5020638e+13 | S62: 4.0886073e+14 | V62: 2031 | W62: 1.1380967e+12 | X62: 5.086656e+11 | Y62: 8.3278163e+11 | AB62: 2031 | AC62: 8.8176158e+12 | AD62: 4.3686473e+09 | AE62: 2.0062029e+08 | AH62: 2031 | AI62: 2.5058107e+10 | AJ62: 6.9156999e+13
A63: 2032 | B63: 4.9721934e+14 | C63: 6.9871537e+10 | D63: 2.2129384e+11 | E63: 7.1578564e+12 | F63: 1.169661e+14 | I63: 2032 | J63: 9.7924039e+14 | K63: 3.9313347e+10 | L63: 1.8380999e+10 | O63: 2032 | P63: 2.8687679e+10 | Q63: 2.4750496e+11 | R63: 2.5723727e+13 | S63: 4.2034987e+14 | V63: 2032 | W63: 1.146317e+12 | X63: 5.123396e+11 | Y63: 8.3879666e+11 | AB63: 2032 | AC63: 9.2584966e+12 | AD63: 4.5870796e+09 | AE63: 2.106513e+08 | AH63: 2032 | AI63: 2.6311013e+10 | AJ63: 7.2614849e+13
A64: 2033 | B64: 5.111914e+14 | C64: 7.1834954e+10 | D64: 2.2751229e+11 | E64: 7.3589949e+12 | F64: 1.2025289e+14 | I64: 2033 | J64: 1.0067574e+15 | K64: 4.0418067e+10 | L64: 1.8897513e+10 | O64: 2033 | P64: 2.9493814e+10 | Q64: 2.5445994e+11 | R64: 2.6446574e+13 | S64: 4.3216187e+14 | V64: 2033 | W64: 1.1545373e+12 | X64: 5.160136e+11 | Y64: 8.4481169e+11 | AB64: 2033 | AC64: 9.7214214e+12 | AD64: 4.8164336e+09 | AE64: 2.2118387e+08 | AH64: 2033 | AI64: 2.7626564e+10 | AJ64: 7.6245592e+13
... A91: 2060 | B91: 1.0802956e+15 | C91: 1.5180809e+11 | D91: 4.8079943e+11 | E91: 1.555169e+13 | F91: 2.5412923e+14 | I91: 2060 | J91: 2.1275703e+15 | K91: 8.5415096e+10 | L91: 3.9935924e+10 | O91: 2060 | P91: 6.2328981e+10 | Q91: 5.3774765e+11 | R91: 5.5889279e+13 | S91: 9.1328333e+14 | V91: 2060 | W91: 1.2475745e+12 | X91: 5.5759603e+11 | Y91: 9.1288998e+11 | AB91: 2060 | AC91: 3.6294502e+13 | AD91: 1.7981945e+10 | AE91: 8.2578031e+08 | AH91: 2060 | AI91: 1.0314257e+11 | AJ91: 2.8465959e+14
A93: Backcasting
A94: =A52 -> Branch | B94: =B52 -> Gasoline Car | C94: =C52 -> Electric Car | D94: =D52 -> CNG Car | E94: =E52 -> Diesel Car | F94: =F52 -> BioGasoil Car | I94: =I52 -> Branch | J94: =J52 -> Gasoline Motorcycle | K94: =K52 -> Electric Motorcycle | L94: =L52 -> CNG Motorcycle | O94: =O52 -> Branch | P94: =P52 -> Electric Bus | Q94: =Q52 -> CNG Bus | R94: =R52 -> Diesel Bus | S94: =S52 -> BioGasoil Bus | V94: =V52 -> Branch | W94: =W52 -> Urban Train | X94: =X52 -> Diesel Train | Y94: =Y52 -> BioGasoil Train | AB94: =AB52 -> Branch | AC94: =AC52 -> Gasoline Passenger Ship | AD94: =AD52 -> MFO Passenger Ship | AE94: =AE52 -> MDF Passenger Ship | AH94: =AH52 -> Branch | AI94: =AI52 -> Avgas Plane | AJ94: =AJ52 -> Avtur Plane
A95: 2019 | B95: =_xlfn.FORECAST.LINEAR($A95,B$53:B$65,$A$53:$A$65) -> 336086293396172 | C95: =_xlfn.FORECAST.LINEAR($A95,C$53:C$65,$A$53:$A$65) -> 4.7228384e+10 | D95: =_xlfn.FORECAST.LINEAR($A95,D$53:D$65,$A$53:$A$65) -> 1.4957951e+11 | E95: =_xlfn.FORECAST.LINEAR($A95,E$53:E$65,$A$53:$A$65) -> 4.8382218e+12 | F95: =_xlfn.FORECAST.LINEAR($A95,F$53:F$65,$A$53:$A$65) -> 79061089368244 | I95: 2019 | J95: =_xlfn.FORECAST.LINEAR($A95,J$53:J$65,$A$53:$A$65) -> 661899577849144 | K95: =_xlfn.FORECAST.LINEAR($A95,K$53:K$65,$A$53:$A$65) -> 2.6573136e+10 | L95: =_xlfn.FORECAST.LINEAR($A95,L$53:L$65,$A$53:$A$65) -> 1.2424299e+10 | O95: 2019 | P95: =_xlfn.FORECAST.LINEAR($A95,P$53:P$65,$A$53:$A$65) -> 1.939091e+10 | Q95: =_xlfn.FORECAST.LINEAR($A95,Q$53:Q$65,$A$53:$A$65) -> 1.6729644e+11 | R95: =_xlfn.FORECAST.LINEAR($A95,R$53:R$65,$A$53:$A$65) -> 17387481591914 | S95: =_xlfn.FORECAST.LINEAR($A95,S$53:S$65,$A$53:$A$65) -> 284127786044628 | V95: 2019 | W95: =_xlfn.FORECAST.LINEAR($A95,W$53:W$65,$A$53:$A$65) -> 1.0374146e+12 | X95: =_xlfn.FORECAST.LINEAR($A95,X$53:X$65,$A$53:$A$65) -> 4.6366629e+11 | Y95: =_xlfn.FORECAST.LINEAR($A95,Y$53:Y$65,$A$53:$A$65) -> 7.5910927e+11 | AB95: 2019 | AC95: =_xlfn.FORECAST.LINEAR($A95,AC$53:AC$65,$A$53:$A$65) -> 4366544903061 | AD95: =_xlfn.FORECAST.LINEAR($A95,AD$53:AD$65,$A$53:$A$65) -> 2.1633846e+09 | AE95: =_xlfn.FORECAST.LINEAR($A95,AE$53:AE$65,$A$53:$A$65) -> 99348568 | AH95: 2019 | AI95: =_xlfn.FORECAST.LINEAR($A95,AI$53:AI$65,$A$53:$A$65) -> 1.240895e+10 | AJ95: =_xlfn.FORECAST.LINEAR($A95,AJ$53:AJ$65,$A$53:$A$65) -> 34247028877900
A96: 2020 | B96: =_xlfn.FORECAST.LINEAR($A96,B$53:B$65,$A$53:$A$65) -> 348459311149440 | C96: =_xlfn.FORECAST.LINEAR($A96,C$53:C$65,$A$53:$A$65) -> 4.8967097e+10 | D96: =_xlfn.FORECAST.LINEAR($A96,D$53:D$65,$A$53:$A$65) -> 1.5508628e+11 | E96: =_xlfn.FORECAST.LINEAR($A96,E$53:E$65,$A$53:$A$65) -> 5016340902726 | F96: =_xlfn.FORECAST.LINEAR($A96,F$53:F$65,$A$53:$A$65) -> 81971723576087 | I96: 2020 | J96: =_xlfn.FORECAST.LINEAR($A96,J$53:J$65,$A$53:$A$65) -> 686267412505096 | K96: =_xlfn.FORECAST.LINEAR($A96,K$53:K$65,$A$53:$A$65) -> 2.7551426e+10 | L96: =_xlfn.FORECAST.LINEAR($A96,L$53:L$65,$A$53:$A$65) -> 1.28817e+10 | O96: 2020 | P96: =_xlfn.FORECAST.LINEAR($A96,P$53:P$65,$A$53:$A$65) -> 2.0104787e+10 | Q96: =_xlfn.FORECAST.LINEAR($A96,Q$53:Q$65,$A$53:$A$65) -> 1.7345546e+11 | R96: =_xlfn.FORECAST.LINEAR($A96,R$53:R$65,$A$53:$A$65) -> 1.8027602e+13 | S96: =_xlfn.FORECAST.LINEAR($A96,S$53:S$65,$A$53:$A$65) -> 294587951216508 | V96: 2020 | W96: =_xlfn.FORECAST.LINEAR($A96,W$53:W$65,$A$53:$A$65) -> 1.0456936e+12 | X96: =_xlfn.FORECAST.LINEAR($A96,X$53:X$65,$A$53:$A$65) -> 4.6736656e+11 | Y96: =_xlfn.FORECAST.LINEAR($A96,Y$53:Y$65,$A$53:$A$65) -> 7.651673e+11 | AB96: 2020 | AC96: =_xlfn.FORECAST.LINEAR($A96,AC$53:AC$65,$A$53:$A$65) -> 4.7418781e+12 | AD96: =_xlfn.FORECAST.LINEAR($A96,AD$53:AD$65,$A$53:$A$65) -> 2.3493417e+09 | AE96: =_xlfn.FORECAST.LINEAR($A96,AE$53:AE$65,$A$53:$A$65) -> 1.0788823e+08 | AH96: 2020 | AI96: =_xlfn.FORECAST.LINEAR($A96,AI$53:AI$65,$A$53:$A$65) -> 1.347558e+10 | AJ96: =_xlfn.FORECAST.LINEAR($A96,AJ$53:AJ$65,$A$53:$A$65) -> 37190785757306
A97: 2021 | B97: =_xlfn.FORECAST.LINEAR($A97,B$53:B$65,$A$53:$A$65) -> 360832328902712 | C97: =_xlfn.FORECAST.LINEAR($A97,C$53:C$65,$A$53:$A$65) -> 5.070581e+10 | D97: =_xlfn.FORECAST.LINEAR($A97,D$53:D$65,$A$53:$A$65) -> 1.6059305e+11 | E97: =_xlfn.FORECAST.LINEAR($A97,E$53:E$65,$A$53:$A$65) -> 5.19446e+12 | F97: =_xlfn.FORECAST.LINEAR($A97,F$53:F$65,$A$53:$A$65) -> 84882357783931 | I97: 2021 | J97: =_xlfn.FORECAST.LINEAR($A97,J$53:J$65,$A$53:$A$65) -> 710635247161048 | K97: =_xlfn.FORECAST.LINEAR($A97,K$53:K$65,$A$53:$A$65) -> 2.8529716e+10 | L97: =_xlfn.FORECAST.LINEAR($A97,L$53:L$65,$A$53:$A$65) -> 1.3339101e+10 | O97: 2021 | P97: =_xlfn.FORECAST.LINEAR($A97,P$53:P$65,$A$53:$A$65) -> 2.0818663e+10 | Q97: =_xlfn.FORECAST.LINEAR($A97,Q$53:Q$65,$A$53:$A$65) -> 1.7961448e+11 | R97: =_xlfn.FORECAST.LINEAR($A97,R$53:R$65,$A$53:$A$65) -> 1.8667722e+13 | S97: =_xlfn.FORECAST.LINEAR($A97,S$53:S$65,$A$53:$A$65) -> 305048116388384 | V97: 2021 | W97: =_xlfn.FORECAST.LINEAR($A97,W$53:W$65,$A$53:$A$65) -> 1.0539726e+12 | X97: =_xlfn.FORECAST.LINEAR($A97,X$53:X$65,$A$53:$A$65) -> 4.7106682e+11 | Y97: =_xlfn.FORECAST.LINEAR($A97,Y$53:Y$65,$A$53:$A$65) -> 7.7122534e+11 | AB97: 2021 | AC97: =_xlfn.FORECAST.LINEAR($A97,AC$53:AC$65,$A$53:$A$65) -> 5.1172113e+12 | AD97: =_xlfn.FORECAST.LINEAR($A97,AD$53:AD$65,$A$53:$A$65) -> 2.5352988e+09 | AE97: =_xlfn.FORECAST.LINEAR($A97,AE$53:AE$65,$A$53:$A$65) -> 1.1642789e+08 | AH97: 2021 | AI97: =_xlfn.FORECAST.LINEAR($A97,AI$53:AI$65,$A$53:$A$65) -> 1.4542211e+10 | AJ97: =_xlfn.FORECAST.LINEAR($A97,AJ$53:AJ$65,$A$53:$A$65) -> 40134542636711
A101: Fuel Economy (passenger*mile/BTU)
A102: =A94 -> Branch | B102: =B94 -> Gasoline Car | C102: =C94 -> Electric Car | D102: =D94 -> CNG Car | E102: =E94 -> Diesel Car | F102: =F94 -> BioGasoil Car | I102: =I94 -> Branch | J102: =J94 -> Gasoline Motorcycle | K102: =K94 -> Electric Motorcycle | L102: =L94 -> CNG Motorcycle | O102: =O94 -> Branch | P102: =P94 -> Electric Bus | Q102: =Q94 -> CNG Bus | R102: =R94 -> Diesel Bus | S102: =S94 -> BioGasoil Bus | V102: =V94 -> Branch | W102: =W94 -> Urban Train | X102: =X94 -> Diesel Train | Y102: =Y94 -> BioGasoil Train | AB102: =AB94 -> Branch | AC102: =AC94 -> Gasoline Passenger Ship | AD102: =AD94 -> MFO Passenger Ship | AE102: =AE94 -> MDF Passenger Ship | AH102: =AH94 -> Branch | AI102: =AI94 -> Avgas Plane | AJ102: =AJ94 -> Avtur Plane
A103: =A95 -> 2019 | B103: =B45/B95 -> 0.00053392525 | C103: =C45/C95 -> 0.0038548169 | D103: =D45/D95 -> 0.0012015196 | E103: =E45/E95 -> 0.00061041558 | F103: =F45/F95 -> 0.00064059395 | I103: =I95 -> 2019 | J103: =J45/J95 -> 0.0011311305 | K103: =K45/K95 -> 0.0098648568 | L103: =L45/L95 -> 0.0012056566 | O103: =O95 -> 2019 | P103: =P45/P95 -> 0.0058893036 | Q103: =Q45/Q95 -> 0.0012411171 | R103: =R45/R95 -> 0.0010956177 | S103: =S45/S95 -> 0.001149784 | V103: =V95 -> 2019 | W103: =W45/W95 -> 0.0032433054 | X103: =X45/X95 -> 0.00096414358 | Y103: =Y45/Y95 -> 0.010095949 | AB103: =AB95 -> 2019 | AC103: =AC45/AC95 -> 0.00022779144 | AD103: =AD45/AD95 -> 8.5088223e-08 | AE103: =AE45/AE95 -> 4.008341e-09 | AH103: =AH95 -> 2019 | AI103: =AI45/AI95 -> 0.0019867491 | AJ103: =AJ45/AJ95 -> 0.0017989596

Sheet Calculation - FE - frgt
A1: Level of Activity (passenger*miles)
A2: {=TRANSPOSE('Conversion - LA - frgt'!A6:AN12)} -> Branch | B2: Light Truck | C2: Medium Truck | D2: Heavy Truck | E2: Biodiesel Light Truck | F2: Biodiesel Medium Truck | G2: Biodiesel Heavy Truck | J2: {=TRANSPOSE('Conversion - LA - frgt'!A20:AN22)} -> Branch | K2: Diesel Train | L2: BioGasoil Train | O2: {=TRANSPOSE('Conversion - LA - frgt'!A30:AN34)} -> Branch | P2: MFO Freight Ship | Q2: MDF Freight Ship | R2: Diesel Freight Ship | S2: BioGasoil Freight Ship | V2: {=TRANSPOSE('Conversion - LA - frgt'!A42:AN44)} -> Branch | W2: Avgas Plane | X2: Avtur Plane
A3: 2022 | B3: 1.0106814e+10 | C3: 1.1025189e+10 | D3: 2.2959382e+09 | E3: 1.7331993e+11 | F3: 1.8906898e+11 | G3: 3.9372631e+10 | J3: 2022 | K3: 475049.34 | L3: 8146535.7 | O3: 2022 | P3: 30924828 | Q3: 1351905 | R3: 91334011 | S3: 1.5662705e+09 | V3: 2022 | W3: 3016876.4 | X3: 7.5391742e+09
A4: 2023 | B4: 1.061746e+10 | C4: 1.1582236e+10 | D4: 2.4119404e+09 | E4: 1.8207692e+11 | F4: 1.9862169e+11 | G4: 4.1361933e+10 | J4: 2023 | K4: 499051.2 | L4: 8558139.4 | O4: 2023 | P4: 32487305 | Q4: 1420210 | R4: 95948662 | S4: 1.6454064e+09 | V4: 2023 | W4: 3169304.1 | X4: 7.920091e+09
A5: 2024 | B5: 1.1153907e+10 | C5: 1.2167429e+10 | D5: 2.5338037e+09 | E5: 1.9127635e+11 | F5: 2.0865705e+11 | G5: 4.3451745e+10 | J5: 2024 | K5: 524265.77 | L5: 8990539.4 | O5: 2024 | P5: 34128726 | Q5: 1491966.1 | R5: 1.0079647e+08 | S5: 1.7285405e+09 | V5: 2024 | W5: 3329433.2 | X5: 8.3202536e+09
A6: 2025 | B6: 1.1717459e+10 | C6: 1.2782188e+10 | D6: 2.6618242e+09 | E6: 2.0094059e+11 | F6: 2.1919945e+11 | G6: 4.5647144e+10 | J6: 2025 | K6: 550754.29 | L6: 9444786.4 | O6: 2025 | P6: 35853079 | Q6: 1567347.7 | R6: 1.0588921e+08 | S6: 1.815875e+09 | V6: 2025 | W6: 3497652.8 | X6: 8.7406344e+09
A7: 2026 | B7: 1.2309483e+10 | C7: 1.3428008e+10 | D7: 2.7963128e+09 | E7: 2.1109312e+11 | F7: 2.302745e+11 | G7: 4.7953466e+10 | J7: 2026 | K7: 578581.15 | L7: 9921984.3 | O7: 2026 | P7: 37664556 | Q7: 1646538 | R7: 1.1123926e+08 | S7: 1.9076221e+09 | V7: 2026 | W7: 3674371.7 | X7: 9.1822549e+09
A8: 2027 | B8: 1.293142e+10 | C8: 1.4106458e+10 | D8: 2.9375965e+09 | E8: 2.217586e+11 | F8: 2.4190912e+11 | G8: 5.0376315e+10 | J8: 2027 | K8: 607813.97 | L8: 10423293 | O8: 2027 | P8: 39567558 | Q8: 1729729.3 | R8: 1.1685963e+08 | S8: 2.0040047e+09 | V8: 2027 | W8: 3860019.3 | X8: 9.6461884e+09
A9: 2028 | B9: 1.358478e+10 | C9: 1.4819187e+10 | D9: 3.0860186e+09 | E9: 2.3296295e+11 | F9: 2.5413158e+11 | G9: 5.2921578e+10 | J9: 2028 | K9: 638523.77 | L9: 10949929 | O9: 2028 | P9: 41566709 | Q9: 1817123.9 | R9: 1.2276396e+08 | S9: 2.1052571e+09 | V9: 2028 | W9: 4055046.8 | X9: 1.0133562e+10
A10: 2029 | B10: 1.4271151e+10 | C10: 1.5567927e+10 | D10: 3.2419397e+09 | E10: 2.447334e+11 | F10: 2.6697158e+11 | G10: 5.5595441e+10 | J10: 2029 | K10: 670785.18 | L10: 11503175 | O10: 2029 | P10: 43666867 | Q10: 1908934.1 | R10: 1.2896661e+08 | S10: 2.2116252e+09 | V10: 2029 | W10: 4259928.1 | X10: 1.064556e+10
A11: 2030 | B11: 1.4992201e+10 | C11: 1.6354496e+10 | D11: 3.4057387e+09 | E11: 2.5709856e+11 | F11: 2.8046032e+11 | G11: 5.8404401e+10 | J11: 2030 | K11: 704676.6 | L11: 12084372 | O11: 2030 | P11: 45873135 | Q11: 2005383 | R11: 1.3548265e+08 | S11: 2.3233675e+09 | V11: 2030 | W11: 4475160.9 | X11: 1.1183427e+10
A12: 2031 | B12: 1.5749682e+10 | C12: 1.7180807e+10 | D12: 3.5778136e+09 | E12: 2.7008846e+11 | F12: 2.9463057e+11 | G12: 6.1355283e+10 | J12: 2031 | K12: 740280.39 | L12: 12694935 | O12: 2031 | P12: 48190875 | Q12: 2106704.9 | R12: 1.4232791e+08 | S12: 2.4407557e+09 | V12: 2031 | W12: 4701268.4 | X12: 1.174847e+10
A13: 2032 | B13: 1.6545434e+10 | C13: 1.8048867e+10 | D13: 3.7585827e+09 | E13: 2.8373468e+11 | F13: 3.0951678e+11 | G13: 6.4455259e+10 | J13: 2032 | K13: 777683.05 | L13: 13336347 | O13: 2032 | P13: 50625719 | Q13: 2213146.2 | R13: 1.4951902e+08 | S13: 2.5640749e+09 | V13: 2032 | W13: 4938800 | X13: 1.2342061e+10
A14: 2033 | B14: 1.7381392e+10 | C14: 1.8960786e+10 | D14: 3.9484851e+09 | E14: 2.9807038e+11 | F14: 3.2515512e+11 | G14: 6.7711861e+10 | J14: 2033 | K14: 816975.49 | L14: 14010166 | O14: 2033 | P14: 53183584 | Q14: 2324965.4 | R14: 1.5707347e+08 | S14: 2.6936247e+09 | V14: 2033 | W14: 5188332.9 | X14: 1.2965644e+10
... A41: 2060 | B41: 6.5774439e+10 | C41: 7.1751161e+10 | D41: 1.4941806e+10 | E41: 1.127954e+12 | F41: 1.2304478e+12 | G41: 2.5623434e+11 | J41: 2060 | K41: 3091588 | L41: 53017087 | O41: 2060 | P41: 2.0125662e+08 | Q41: 8798103.8 | R41: 5.9439538e+08 | S41: 1.019318e+10 | V41: 2060 | W41: 19633622 | X41: 4.9064421e+10
A43: Backcasting | B43: =B2 -> Light Truck | C43: =C2 -> Medium Truck | D43: =D2 -> Heavy Truck | E43: =E2 -> Biodiesel Light Truck | F43: =F2 -> Biodiesel Medium Truck | G43: =G2 -> Biodiesel Heavy Truck | J43: =J2 -> Branch | K43: =K2 -> Diesel Train | L43: =L2 -> BioGasoil Train | O43: =O2 -> Branch | P43: =P2 -> MFO Freight Ship | Q43: =Q2 -> MDF Freight Ship | R43: =R2 -> Diesel Freight Ship | S43: =S2 -> BioGasoil Freight Ship | V43: =V2 -> Branch | W43: =W2 -> Avgas Plane | X43: =X2 -> Avtur Plane
A44: 2019 | B44: =_xlfn.FORECAST.LINEAR($A44,B$3:B$15,$A$3:$A$15) -> 7.7294097e+09 | C44: =_xlfn.FORECAST.LINEAR($A44,C$3:C$15,$A$3:$A$15) -> 8.4317575e+09 | D44: =_xlfn.FORECAST.LINEAR($A44,D$3:D$15,$A$3:$A$15) -> 1.7558696e+09 | E44: =_xlfn.FORECAST.LINEAR($A44,E$3:E$15,$A$3:$A$15) -> 1.3255026e+11 | F44: =_xlfn.FORECAST.LINEAR($A44,F$3:F$15,$A$3:$A$15) -> 1.445947e+11 | G44: =_xlfn.FORECAST.LINEAR($A44,G$3:G$15,$A$3:$A$15) -> 3.0111092e+10 | J44: 2019 | K44: =_xlfn.FORECAST.LINEAR($A44,K$3:K$15,$A$3:$A$15) -> 363304.51 | L44: =_xlfn.FORECAST.LINEAR($A44,L$3:L$15,$A$3:$A$15) -> 6230243.8 | O44: 2019 | P44: =_xlfn.FORECAST.LINEAR($A44,P$3:P$15,$A$3:$A$15) -> 23650448 | Q44: =_xlfn.FORECAST.LINEAR($A44,Q$3:Q$15,$A$3:$A$15) -> 1033899.3 | R44: =_xlfn.FORECAST.LINEAR($A44,R$3:R$15,$A$3:$A$15) -> 69849710 | S44: =_xlfn.FORECAST.LINEAR($A44,S$3:S$15,$A$3:$A$15) -> 1.1978401e+09 | V44: 2019 | W44: =_xlfn.FORECAST.LINEAR($A44,W$3:W$15,$A$3:$A$15) -> 2307223.1 | X44: =_xlfn.FORECAST.LINEAR($A44,X$3:X$15,$A$3:$A$15) -> 5.7657506e+09
A45: 2020 | B45: =_xlfn.FORECAST.LINEAR($A45,B$3:B$15,$A$3:$A$15) -> 8.4058067e+09 | C45: =_xlfn.FORECAST.LINEAR($A45,C$3:C$15,$A$3:$A$15) -> 9.1696166e+09 | D45: =_xlfn.FORECAST.LINEAR($A45,D$3:D$15,$A$3:$A$15) -> 1.9095249e+09 | E45: =_xlfn.FORECAST.LINEAR($A45,E$3:E$15,$A$3:$A$15) -> 1.4414967e+11 | F45: =_xlfn.FORECAST.LINEAR($A45,F$3:F$15,$A$3:$A$15) -> 1.5724811e+11 | G45: =_xlfn.FORECAST.LINEAR($A45,G$3:G$15,$A$3:$A$15) -> 3.27461e+10 | J45: 2020 | K45: =_xlfn.FORECAST.LINEAR($A45,K$3:K$15,$A$3:$A$15) -> 395097.12 | L45: =_xlfn.FORECAST.LINEAR($A45,L$3:L$15,$A$3:$A$15) -> 6775449.4 | O45: 2020 | P45: =_xlfn.FORECAST.LINEAR($A45,P$3:P$15,$A$3:$A$15) -> 25720087 | Q45: =_xlfn.FORECAST.LINEAR($A45,Q$3:Q$15,$A$3:$A$15) -> 1124375.4 | R45: =_xlfn.FORECAST.LINEAR($A45,R$3:R$15,$A$3:$A$15) -> 75962225 | S45: =_xlfn.FORECAST.LINEAR($A45,S$3:S$15,$A$3:$A$15) -> 1.3026625e+09 | V45: 2020 | W45: =_xlfn.FORECAST.LINEAR($A45,W$3:W$15,$A$3:$A$15) -> 2509127.1 | X45: =_xlfn.FORECAST.LINEAR($A45,X$3:X$15,$A$3:$A$15) -> 6.2703087e+09
A46: 2021 | B46: =_xlfn.FORECAST.LINEAR($A46,B$3:B$15,$A$3:$A$15) -> 9.0822036e+09 | C46: =_xlfn.FORECAST.LINEAR($A46,C$3:C$15,$A$3:$A$15) -> 9.9074757e+09 | D46: =_xlfn.FORECAST.LINEAR($A46,D$3:D$15,$A$3:$A$15) -> 2.0631802e+09 | E46: =_xlfn.FORECAST.LINEAR($A46,E$3:E$15,$A$3:$A$15) -> 1.5574908e+11 | F46: =_xlfn.FORECAST.LINEAR($A46,F$3:F$15,$A$3:$A$15) -> 1.6990152e+11 | G46: =_xlfn.FORECAST.LINEAR($A46,G$3:G$15,$A$3:$A$15) -> 3.5381107e+10 | J46: 2021 | K46: =_xlfn.FORECAST.LINEAR($A46,K$3:K$15,$A$3:$A$15) -> 426889.72 | L46: =_xlfn.FORECAST.LINEAR($A46,L$3:L$15,$A$3:$A$15) -> 7320655.1 | O46: 2021 | P46: =_xlfn.FORECAST.LINEAR($A46,P$3:P$15,$A$3:$A$15) -> 27789726 | Q46: =_xlfn.FORECAST.LINEAR($A46,Q$3:Q$15,$A$3:$A$15) -> 1214851.4 | R46: =_xlfn.FORECAST.LINEAR($A46,R$3:R$15,$A$3:$A$15) -> 82074739 | S46: =_xlfn.FORECAST.LINEAR($A46,S$3:S$15,$A$3:$A$15) -> 1.407485e+09 | V46: 2021 | W46: =_xlfn.FORECAST.LINEAR($A46,W$3:W$15,$A$3:$A$15) -> 2711031.1 | X46: =_xlfn.FORECAST.LINEAR($A46,X$3:X$15,$A$3:$A$15) -> 6.7748668e+09
A51: Energy Consumption (BTU)
A52: {=TRANSPOSE('Conversion - EC - frgt'!A6:AN12)} -> Branch | B52: Light Truck | C52: Medium Truck | D52: Heavy Truck | E52: Biodiesel Light Truck | F52: Biodiesel Medium Truck | G52: Biodiesel Heavy Truck | J52: {=TRANSPOSE('Conversion - EC - frgt'!A20:AN22)} -> Branch | K52: Diesel Train | L52: BioGasoil Train | O52: {=TRANSPOSE('Conversion - EC - frgt'!A30:AN34)} -> Branch | P52: MFO Freight Ship | Q52: MDF Freight Ship | R52: Diesel Freight Ship | S52: BioGasoil Freight Ship | V52: {=TRANSPOSE('Conversion - EC - frgt'!A42:AN44)} -> Branch | W52: Avgas Plane | X52: Avtur Plane
A53: 2022 | B53: 2.075571e+13 | C53: 8.8051126e+12 | D53: 1.1001713e+12 | E53: 3.391678e+14 | F53: 1.4388381e+14 | G53: 1.7977833e+13 | J53: 2022 | K53: 8.2030594e+09 | L53: 1.340457e+11 | O53: 2022 | P53: 1.6990903e+12 | Q53: 7.3336756e+08 | R53: 4.9545936e+10 | S53: 8.0962715e+13 | V53: 2022 | W53: 2.5293846e+10 | X53: 6.9807605e+13
A54: 2023 | B54: 2.1804392e+13 | C54: 9.2499909e+12 | D54: 1.1557575e+12 | E54: 3.5630426e+14 | F54: 1.5115354e+14 | G54: 1.8886163e+13 | J54: 2023 | K54: 8.617519e+09 | L54: 1.4081836e+11 | O54: 2023 | P54: 1.7849369e+12 | Q54: 7.7042096e+08 | R54: 5.2049245e+10 | S54: 8.5053357e+13 | V54: 2023 | W54: 2.6571817e+10 | X54: 7.3334634e+13
A55: 2024 | B55: 2.2906059e+13 | C55: 9.7173467e+12 | D55: 1.2141521e+12 | E55: 3.7430653e+14 | F55: 1.5879058e+14 | G55: 1.9840386e+13 | J55: 2024 | K55: 9.0529191e+09 | L55: 1.479332e+11 | O55: 2024 | P55: 1.8751208e+12 | Q55: 8.0934647e+08 | R55: 5.4679033e+10 | S55: 8.9350677e+13 | V55: 2024 | W55: 2.7914358e+10 | X55: 7.7039866e+13
A56: 2025 | B56: 2.4063388e+13 | C56: 1.0208316e+13 | D56: 1.2754972e+12 | E56: 3.9321837e+14 | F56: 1.6681347e+14 | G56: 2.0842822e+13 | J56: 2025 | K56: 9.5103179e+09 | L56: 1.5540753e+11 | O56: 2025 | P56: 1.9698613e+12 | Q56: 8.502387e+08 | R56: 5.7441691e+10 | S56: 9.386512e+13 | V56: 2025 | W56: 2.9324731e+10 | X56: 8.0932306e+13
A57: 2026 | B57: 2.5279191e+13 | C57: 1.0724091e+13 | D57: 1.3399416e+12 | E57: 4.1308573e+14 | F57: 1.7524172e+14 | G57: 2.1895905e+13 | J57: 2026 | K57: 9.9908267e+09 | L57: 1.632595e+11 | O57: 2026 | P57: 2.0693885e+12 | Q57: 8.9319702e+08 | R57: 6.0343933e+10 | S57: 9.8607656e+13 | V57: 2026 | W57: 3.0806363e+10 | X57: 8.502141e+13
A58: 2027 | B58: 2.6556422e+13 | C58: 1.1265925e+13 | D58: 1.4076422e+12 | E58: 4.3395688e+14 | F58: 1.8409581e+14 | G58: 2.3002196e+13 | J58: 2027 | K58: 1.0495613e+10 | L58: 1.7150818e+11 | O58: 2027 | P58: 2.1739444e+12 | Q58: 9.3832579e+08 | R58: 6.339281e+10 | S58: 1.0358981e+14 | V58: 2027 | W58: 3.2362855e+10 | X58: 8.9317117e+13
A59: 2028 | B59: 2.7898185e+13 | C59: 1.1835136e+13 | D59: 1.4787633e+12 | E59: 4.5588255e+14 | F59: 1.9339725e+14 | G59: 2.4164382e+13 | J59: 2028 | K59: 1.1025904e+10 | L59: 1.8017363e+11 | O59: 2028 | P59: 2.2837829e+12 | Q59: 9.8573471e+08 | R59: 6.6595732e+10 | S59: 1.0882368e+14 | V59: 2028 | W59: 3.3997988e+10 | X59: 93829864609841
A60: 2029 | B60: 2.9307741e+13 | C60: 1.2433107e+13 | D60: 1.5534778e+12 | E60: 4.7891602e+14 | F60: 2.0316864e+14 | G60: 2.5385287e+13 | J60: 2029 | K60: 1.1582988e+10 | L60: 1.892769e+11 | O60: 2029 | P60: 2.399171e+12 | Q60: 1.035539e+09 | R60: 6.9960481e+10 | S60: 1.14322e+14 | V60: 2029 | W60: 3.5715736e+10 | X60: 9.8570619e+13
A61: 2030 | B61: 3.0788514e+13 | C61: 1.3061289e+13 | D61: 1.6319673e+12 | E61: 5.0311325e+14 | F61: 2.1343374e+14 | G61: 2.6667879e+13 | J61: 2030 | K61: 1.2168218e+10 | L61: 1.9884012e+11 | O61: 2030 | P61: 2.5203892e+12 | Q61: 1.0878596e+09 | R61: 7.3495234e+10 | S61: 1.2009812e+14 | V61: 2030 | W61: 3.7520274e+10 | X61: 1.035509e+14
A62: 2031 | B62: 3.2344104e+13 | C62: 1.3721211e+13 | D62: 1.7144225e+12 | E62: 528533049412061 | F62: 2.2421748e+14 | G62: 2.8015274e+13 | J62: 2031 | K62: 1.2783018e+10 | L62: 2.0888652e+11 | O62: 2031 | P62: 2.6477318e+12 | Q62: 1.1428237e+09 | R62: 7.7208581e+10 | S62: 1.2616608e+14 | V62: 2031 | W62: 3.9415986e+10 | X62: 1.0878281e+14
A63: 2032 | B63: 3.397829e+13 | C63: 1.4414475e+13 | D63: 1.8010436e+12 | E63: 5.5523718e+14 | F63: 2.3554607e+14 | G63: 2.9430745e+13 | J63: 2032 | K63: 1.342888e+10 | L63: 2.1944051e+11 | O63: 2032 | P63: 2.7815085e+12 | Q63: 1.2005648e+09 | R63: 8.1109544e+10 | S63: 1.3254062e+14 | V63: 2032 | W63: 4.1407478e+10 | X63: 1.1427906e+14
A64: 2033 | B64: 3.5695043e+13 | C64: 1.5142767e+13 | D64: 1.8920414e+12 | E64: 5.8329054e+14 | F64: 2.4744703e+14 | G64: 3.0917734e+13 | J64: 2033 | K64: 1.4107374e+10 | L64: 2.3052774e+11 | O64: 2033 | P64: 2.9220442e+12 | Q64: 1.2612234e+09 | R64: 8.5207604e+10 | S64: 1.3923723e+14 | V64: 2033 | W64: 4.3499591e+10 | X64: 1.2005301e+14
... A91: 2060 | B91: 1.3507672e+14 | C91: 5.730306e+13 | D91: 7.1598383e+12 | E91: 2.2072805e+15 | F91: 9.3638583e+14 | G91: 1.1699849e+14 | J91: 2060 | K91: 5.338494e+10 | L91: 8.7236007e+11 | O91: 2060 | P91: 1.1057562e+13 | Q91: 4.772705e+09 | R91: 3.224415e+11 | S91: 5.2689971e+14 | V91: 2060 | W91: 1.6461059e+11 | X91: 4.5430303e+14
A93: Backcasting
A94: =A2 -> Branch | B94: =B2 -> Light Truck | C94: =C2 -> Medium Truck | D94: =D2 -> Heavy Truck | E94: =E2 -> Biodiesel Light Truck | F94: =F2 -> Biodiesel Medium Truck | G94: =G2 -> Biodiesel Heavy Truck | J94: =J2 -> Branch | K94: =K2 -> Diesel Train | L94: =L2 -> BioGasoil Train | O94: =O2 -> Branch | P94: =P2 -> MFO Freight Ship | Q94: =Q2 -> MDF Freight Ship | R94: =R2 -> Diesel Freight Ship | S94: =S2 -> BioGasoil Freight Ship | V94: =V2 -> Branch | W94: =W2 -> Avgas Plane | X94: =X2 -> Avtur Plane
A95: 2019 | B95: =_xlfn.FORECAST.LINEAR($A95,B$53:B$65,$A$53:$A$65) -> 15873389465574 | C95: =_xlfn.FORECAST.LINEAR($A95,C$53:C$65,$A$53:$A$65) -> 6.7339051e+12 | D95: =_xlfn.FORECAST.LINEAR($A95,D$53:D$65,$A$53:$A$65) -> 8.413804e+11 | E95: =_xlfn.FORECAST.LINEAR($A95,E$53:E$65,$A$53:$A$65) -> 259386098098024 | F95: =_xlfn.FORECAST.LINEAR($A95,F$53:F$65,$A$53:$A$65) -> 110038335697016 | G95: =_xlfn.FORECAST.LINEAR($A95,G$53:G$65,$A$53:$A$65) -> 13748946321685 | J95: 2019 | K95: =_xlfn.FORECAST.LINEAR($A95,K$53:K$65,$A$53:$A$65) -> 6.2734716e+09 | L95: =_xlfn.FORECAST.LINEAR($A95,L$53:L$65,$A$53:$A$65) -> 1.0251442e+11 | O95: 2019 | P95: =_xlfn.FORECAST.LINEAR($A95,P$53:P$65,$A$53:$A$65) -> 1.299417e+12 | Q95: =_xlfn.FORECAST.LINEAR($A95,Q$53:Q$65,$A$53:$A$65) -> 5.608591e+08 | R95: =_xlfn.FORECAST.LINEAR($A95,R$53:R$65,$A$53:$A$65) -> 3.7891353e+10 | S95: =_xlfn.FORECAST.LINEAR($A95,S$53:S$65,$A$53:$A$65) -> 61918031532102 | V95: 2019 | W95: =_xlfn.FORECAST.LINEAR($A95,W$53:W$65,$A$53:$A$65) -> 1.9344029e+10 | X95: =_xlfn.FORECAST.LINEAR($A95,X$53:X$65,$A$53:$A$65) -> 53386913436530
A96: 2020 | B96: =_xlfn.FORECAST.LINEAR($A96,B$53:B$65,$A$53:$A$65) -> 17262462208879 | C96: =_xlfn.FORECAST.LINEAR($A96,C$53:C$65,$A$53:$A$65) -> 7.3231859e+12 | D96: =_xlfn.FORECAST.LINEAR($A96,D$53:D$65,$A$53:$A$65) -> 9.150092e+11 | E96: =_xlfn.FORECAST.LINEAR($A96,E$53:E$65,$A$53:$A$65) -> 282084851860832 | F96: =_xlfn.FORECAST.LINEAR($A96,F$53:F$65,$A$53:$A$65) -> 119667737984848 | G96: =_xlfn.FORECAST.LINEAR($A96,G$53:G$65,$A$53:$A$65) -> 1.495211e+13 | J96: 2020 | K96: =_xlfn.FORECAST.LINEAR($A96,K$53:K$65,$A$53:$A$65) -> 6.8224601e+09 | L96: =_xlfn.FORECAST.LINEAR($A96,L$53:L$65,$A$53:$A$65) -> 1.1148541e+11 | O96: 2020 | P96: =_xlfn.FORECAST.LINEAR($A96,P$53:P$65,$A$53:$A$65) -> 1.4131284e+12 | Q96: =_xlfn.FORECAST.LINEAR($A96,Q$53:Q$65,$A$53:$A$65) -> 6.0993961e+08 | R96: =_xlfn.FORECAST.LINEAR($A96,R$53:R$65,$A$53:$A$65) -> 4.1207208e+10 | S96: =_xlfn.FORECAST.LINEAR($A96,S$53:S$65,$A$53:$A$65) -> 67336448947416 | V96: 2020 | W96: =_xlfn.FORECAST.LINEAR($A96,W$53:W$65,$A$53:$A$65) -> 2.1036816e+10 | X96: =_xlfn.FORECAST.LINEAR($A96,X$53:X$65,$A$53:$A$65) -> 58058776775152
A97: 2021 | B97: =_xlfn.FORECAST.LINEAR($A97,B$53:B$65,$A$53:$A$65) -> 1.8651535e+13 | C97: =_xlfn.FORECAST.LINEAR($A97,C$53:C$65,$A$53:$A$65) -> 7.9124667e+12 | D97: =_xlfn.FORECAST.LINEAR($A97,D$53:D$65,$A$53:$A$65) -> 9.88638e+11 | E97: =_xlfn.FORECAST.LINEAR($A97,E$53:E$65,$A$53:$A$65) -> 304783605623640 | F97: =_xlfn.FORECAST.LINEAR($A97,F$53:F$65,$A$53:$A$65) -> 129297140272676 | G97: =_xlfn.FORECAST.LINEAR($A97,G$53:G$65,$A$53:$A$65) -> 1.6155274e+13 | J97: 2021 | K97: =_xlfn.FORECAST.LINEAR($A97,K$53:K$65,$A$53:$A$65) -> 7.3714486e+09 | L97: =_xlfn.FORECAST.LINEAR($A97,L$53:L$65,$A$53:$A$65) -> 1.204564e+11 | O97: 2021 | P97: =_xlfn.FORECAST.LINEAR($A97,P$53:P$65,$A$53:$A$65) -> 1.5268397e+12 | Q97: =_xlfn.FORECAST.LINEAR($A97,Q$53:Q$65,$A$53:$A$65) -> 6.5902012e+08 | R97: =_xlfn.FORECAST.LINEAR($A97,R$53:R$65,$A$53:$A$65) -> 4.4523062e+10 | S97: =_xlfn.FORECAST.LINEAR($A97,S$53:S$65,$A$53:$A$65) -> 72754866362732 | V97: 2021 | W97: =_xlfn.FORECAST.LINEAR($A97,W$53:W$65,$A$53:$A$65) -> 2.2729603e+10 | X97: =_xlfn.FORECAST.LINEAR($A97,X$53:X$65,$A$53:$A$65) -> 62730640113772
A101: Fuel Economy (passenger*mile/BTU)
A102: Branch | B102: Light Truck | C102: Medium Truck | D102: Heavy Truck | E102: Biodiesel Light Truck | F102: Biodiesel Medium Truck | G102: Biodiesel Heavy Truck | J102: Branch | K102: Diesel Train | L102: BioGasoil Train | O102: Branch | P102: MFO Freight Ship | Q102: MDF Freight Ship | R102: Diesel Freight Ship | S102: BioGasoil Freight Ship | V102: Branch | W102: Avgas Plane | X102: Avtur Plane
A103: 2019 | B103: =B44/B95 -> 0.00048694135 | C103: =C44/C95 -> 0.0012521349 | D103: =D44/D95 -> 0.0020868915 | E103: =E44/E95 -> 0.00051101527 | F103: =F44/F95 -> 0.0013140393 | G103: =G44/G95 -> 0.0021900655 | J103: 2019 | K103: =K44/K95 -> 5.7911239e-05 | L103: =L44/L95 -> 6.0774317e-05 | O103: 2019 | P103: =P44/P95 -> 1.8200814e-05 | Q103: =Q44/Q95 -> 0.0018434208 | R103: =R44/R95 -> 0.0018434208 | S103: =S44/S95 -> 1.9345578e-05 | V103: 2019 | W103: =W44/W95 -> 0.00011927314 | X103: =X44/X95 -> 0.00010799932

Sheet SYFAFE-psgr
A1: Fuel Economy (passenger*miles/BTU) | B1: battery electric vehicle | C1: natural gas vehicle | D1: gasoline vehicle | E1: diesel vehicle | F1: plugin hybrid vehicle | G1: LPG vehicle | H1: hydrogen vehicle
A2: LDVs | B2: ='Calculation - FE - psgr'!C103 -> 0.0038548169 | C2: ='Calculation - FE - psgr'!D103 -> 0.0012015196 | D2: ='Calculation - FE - psgr'!B103 -> 0.00053392525 | E2: ='Calculation - FE - psgr'!E103 -> 0.00061041558 | F2: ='Calculation - FE - psgr'!F103 -> 0.00064059395 | G2: 0 | H2: 0
A3: HDVs | B3: ='Calculation - FE - psgr'!P103 -> 0.0058893036 | C3: ='Calculation - FE - psgr'!Q103 -> 0.0012411171 | D3: 0 | E3: ='Calculation - FE - psgr'!R103 -> 0.0010956177 | F3: ='Calculation - FE - psgr'!S103 -> 0.001149784 | G3: 0 | H3: 0
A4: aircraft | B4: 0 | C4: 0 | D4: ='Calculation - FE - psgr'!AI103 -> 0.0019867491 | E4: 0 | F4: 0 | G4: 0 | H4: 0
A5: rail | B5: ='Calculation - FE - psgr'!W103 -> 0.0032433054 | C5: 0 | D5: 0 | E5: ='Calculation - FE - psgr'!X103 -> 0.00096414358 | F5: ='Calculation - FE - psgr'!Y103 -> 0.010095949 | G5: 0 | H5: 0
A6: ships | B6: 0 | C6: 0 | D6: ='Calculation - FE - psgr'!AC103 -> 0.00022779144 | E6: ='Calculation - FE - psgr'!AD103 -> 8.5088223e-08 | F6: 0 | G6: 0 | H6: 0
A7: motorbikes | B7: ='Calculation - FE - psgr'!K103 -> 0.0098648568 | C7: ='Calculation - FE - psgr'!L103 -> 0.0012056566 | D7: ='Calculation - FE - psgr'!J103 -> 0.0011311305 | E7: 0 | F7: 0 | G7: 0 | H7: 0

Sheet SYFAFE-frgt
A1: Fuel Economy (freight ton*miles/BTU) | B1: battery electric vehicle | C1: natural gas vehicle | D1: gasoline vehicle | E1: diesel vehicle | F1: plugin hybrid vehicle | G1: LPG vehicle | H1: hydrogen vehicle
A2: LDVs | B2: ='Calculation - FE - frgt'!B103 -> 0.00048694135 | C2: 0 | D2: 0 | E2: ='Calculation - FE - frgt'!E103 -> 0.00051101527 | F2: 0 | G2: 0 | H2: 0
A3: HDVs | B3: ='Calculation - FE - frgt'!C103+'Calculation - FE - frgt'!D103 -> 0.0033390264 | C3: 0 | D3: 0 | E3: ='Calculation - FE - frgt'!F103+'Calculation - FE - frgt'!G103 -> 0.0035041047 | F3: 0 | G3: 0 | H3: 0
A4: aircraft | B4: 0 | C4: 0 | D4: ='Calculation - FE - frgt'!W103 -> 0.00011927314 | E4: 0 | F4: 0 | G4: 0 | H4: 0
A5: rail | B5: 0 | C5: 0 | D5: ='Calculation - FE - frgt'!L103 -> 6.0774317e-05 | E5: ='Calculation - FE - frgt'!K103 -> 5.7911239e-05 | F5: 0 | G5: 0 | H5: 0
A6: ships | B6: 0 | C6: 0 | D6: ='Calculation - FE - frgt'!P103+'Calculation - FE - frgt'!S103 -> 3.7546393e-05 | E6: ='Calculation - FE - frgt'!Q103+'Calculation - FE - frgt'!R103 -> 0.0036868416 | F6: 0 | G6: 0 | H6: 0
A7: motorbikes | B7: 0 | C7: 0 | D7: 0 | E7: 0 | F7: 0 | G7: 0 | H7: 0
