Workbook

Sheet About
A1: HPEbP Hydrogen Production Efficiency by Pathway
A3: Sources: | B3: Improvement Rates
B4: International Energy Agency
B5: 2019
B6: The Future of Hydrogen
B7: https://iea.blob.core.windows.net/assets/a02a0c80-77b2-462e-a9d5-1099e0e572ce/IEA-The-Future-of-Hydrogen-Assumptions-Annex.pdf
B8: Assumptions annex, Page 3
B10: Efficiency Data
B11: NREL
B12: 2013
B13: Hydrogen Pathways Updated Cost, Well-to-Wheels Energy Use, and Emissions for the Current Technology Status of Ten Hydrogen Production, Delivery, and Distribution Scenarios
B14: https://www.nrel.gov/docs/fy14osti/60528.pdf
B15: Appendix D (biomass), Appendix H (natural gas), Appendix I (electrolysis), and Appendix J (coal)
A19: Notes
A20: This variable expresses the amount of energy input of each
A21: source fuel to produce one unit of energy of hydrogen.
A23: Thermochemical Water Splitting
A24: For thermochemical water splitting, the heat source considered
A25: by Acar and Dincer is nuclear energy (e.g. heat from
A26: a nuclear power plant). It is also possible to use solar thermal
A27: energy. Neither heat from nuclear plants nor heat from the sun
A28: are tracked by the EPS at this time, so the efficiency value in
A29: this variable for thermochemical water splitting does not affect
A30: the model's results. We arbitrarily assign a value of 0.

Sheet IEA Data
A1: Technology | B1: Parameter | C1: Units | D1: Today | E1: 2030 | F1: Long Term
A2: electrolysis | B2: CAPEX | C2: USD/kWe | D2: 900 | E2: 700 | F2: 450
B3: Efficiency (LHV) | C3: % | D3: 0.64 | E3: 0.69 | F3: 0.74
B4: Annual OPEX | C4: % of CAPEX | D4: 0.015 | E4: 0.015 | F4: 0.015
B5: Stack Lifetime | C5: operating hours | D5: 95000 | E5: 95000 | F5: 100000
A6: natural gas reforming | B6: CAPEX | C6: USD/kWe | D6: 910 | E6: 910 | F6: 910
B7: Efficiency (LHV) | C7: % | D7: 0.76 | E7: 0.76 | F7: 0.76
B8: Annual OPEX | C8: % of CAPEX | D8: 0.047 | E8: 0.047 | F8: 0.047
B9: Emission factor | C9: kgCO2/kgH2 | D9: 8.9 | E9: 8.9 | F9: 8.9
A10: coal gasification | B10: CAPEX | C10: USD/kWe | D10: 2670 | E10: 2670 | F10: 2670
B11: Efficiency (LHV) | C11: % | D11: 0.6 | E11: 0.6 | F11: 0.6
B12: Annual OPEX | C12: % of CAPEX | D12: 0.05 | E12: 0.05 | F12: 0.05
B13: Emission factor | C13: kgCO2/kgH2 | D13: 20.2 | E13: 20.2 | F13: 20.2
A15: Mapped Year | D15: 2017 | E15: 2030 | F15: 2050
A18: Annual Improvement Rate for Electrolysis | D18: =(E3/D3)^(1/(2030-2017)) -> 1.0058032 | E18: =(F3/E3)^(1/(2050-2030)) -> 1.0035041

Sheet HPEbP
A1: Efficiency (dimensionless) | B1: 2017 | C1: 2018 | D1: 2019 | E1: 2020 | F1: 2021 | G1: 2022 | H1: 2023 | I1: 2024 | J1: 2025 | K1: 2026 | L1: 2027 | M1: 2028 | N1: 2029 | O1: 2030 | P1: 2031 | Q1: 2032 | R1: 2033 | S1: 2034 | T1: 2035 | U1: 2036 | V1: 2037 | W1: 2038 | X1: 2039 | Y1: 2040 | Z1: 2041 | AA1: 2042 | AB1: 2043 | AC1: 2044 | AD1: 2045 | AE1: 2046 | AF1: 2047 | AG1: 2048 | AH1: 2049 | AI1: 2050 | AJ1: =AI1+1 -> 2051 | AK1: =AJ1+1 -> 2052 | AL1: =AK1+1 -> 2053 | AM1: =AL1+1 -> 2054 | AN1: =AM1+1 -> 2055 | AO1: =AN1+1 -> 2056 | AP1: =AO1+1 -> 2057 | AQ1: =AP1+1 -> 2058 | ... BC1: =BB1+1 -> 2070
A2: electrolysis | B2: =118/176 -> 0.67045455 | C2: =B2*'IEA Data'!$D$18 -> 0.67434532 | D2: =C2*'IEA Data'!$D$18 -> 0.67825868 | E2: =D2*'IEA Data'!$D$18 -> 0.68219474 | F2: =E2*'IEA Data'!$D$18 -> 0.68615365 | G2: =F2*'IEA Data'!$D$18 -> 0.69013553 | H2: =G2*'IEA Data'!$D$18 -> 0.69414051 | I2: =H2*'IEA Data'!$D$18 -> 0.69816874 | J2: =I2*'IEA Data'!$D$18 -> 0.70222035 | ... O2: =N2*'IEA Data'!$D$18 -> 0.72283381 | P2: =O2*'IEA Data'!$E$18 -> 0.72536666 | Q2: =P2*'IEA Data'!$E$18 -> 0.72790838 | R2: =Q2*'IEA Data'!$E$18 -> 0.73045901 | S2: =R2*'IEA Data'!$E$18 -> 0.73301858 | T2: =S2*'IEA Data'!$E$18 -> 0.73558712 | U2: =T2*'IEA Data'!$E$18 -> 0.73816465 | V2: =U2*'IEA Data'!$E$18 -> 0.74075122 | W2: =V2*'IEA Data'!$E$18 -> 0.74334685 | ... AI2: =AH2*'IEA Data'!$E$18 -> 0.77521307 | AJ2: =AI2 -> 0.77521307 | AK2: =AJ2 -> 0.77521307 | AL2: =AK2 -> 0.77521307 | AM2: =AL2 -> 0.77521307 | AN2: =AM2 -> 0.77521307 | AO2: =AN2 -> 0.77521307 | AP2: =AO2 -> 0.77521307 | AQ2: =AP2 -> 0.77521307 | ... BC2: =BB2 -> 0.77521307
A3: natural gas reforming | B3: =118/(162+2) -> 0.7195122 | C3: =B3 -> 0.7195122 | D3: =C3 -> 0.7195122 | E3: =D3 -> 0.7195122 | F3: =E3 -> 0.7195122 | G3: =F3 -> 0.7195122 | H3: =G3 -> 0.7195122 | I3: =H3 -> 0.7195122 | J3: =I3 -> 0.7195122 | ... BC3: =BB3 -> 0.7195122
A4: coal gasification | B4: =118/SUM(201,6) -> 0.57004831 | C4: =B4 -> 0.57004831 | D4: =C4 -> 0.57004831 | E4: =D4 -> 0.57004831 | F4: =E4 -> 0.57004831 | G4: =F4 -> 0.57004831 | H4: =G4 -> 0.57004831 | I4: =H4 -> 0.57004831 | J4: =I4 -> 0.57004831 | ... BC4: =BB4 -> 0.57004831
A5: biomass gasification | B5: =118/(246+3+6) -> 0.4627451 | C5: =B5 -> 0.4627451 | D5: =C5 -> 0.4627451 | E5: =D5 -> 0.4627451 | F5: =E5 -> 0.4627451 | G5: =F5 -> 0.4627451 | H5: =G5 -> 0.4627451 | I5: =H5 -> 0.4627451 | J5: =I5 -> 0.4627451 | ... BC5: =BB5 -> 0.4627451
A6: thermochemical water splitting | B6: 0 | C6: =B6 -> 0 | D6: =C6 -> 0 | E6: =D6 -> 0 | F6: =E6 -> 0 | G6: =F6 -> 0 | H6: =G6 -> 0 | I6: =H6 -> 0 | J6: =I6 -> 0 | ... BC6: =BB6 -> 0
