Workbook
Name a: #REF!
Name Calculated_Relationship_HS12___HS07: #REF!
Name CAP_CT: #REF!
Name CAP_CT: #REF!
Name CAP_GFCF: #REF!
Name CAP_GFCF: #REF!
Name CAP_IT: #REF!
Name CAP_IT: #REF!
Name CAP_OCon: #REF!
Name CAP_OCon: #REF!
Name CAP_OMach: #REF!
Name CAP_OMach: #REF!
Name CAP_Other: #REF!
Name CAP_Other: #REF!
Name CAP_QI: #REF!
Name CAP_QI: #REF!
Name CAP_RStruc: #REF!
Name CAP_RStruc: #REF!
Name CAP_Soft: #REF!
Name CAP_Soft: #REF!
Name CAP_TraEq: #REF!
Name CAP_TraEq: #REF!
Name CAPIT: #REF!
Name CAPIT: #REF!
Name CAPIT_QI: #REF!
Name CAPIT_QI: #REF!
Name capit_qph: #REF!
Name capit_qph: #REF!
Name CAPNIT: #REF!
Name CAPNIT: #REF!
Name CAPNIT_QI: #REF!
Name CAPNIT_QI: #REF!
Name capnit_qph: #REF!
Name capnit_qph: #REF!
Name FLAPPIE: #REF!
Name FLAPPIE: #REF!
Name gal_per_barrel: #REF!
Name gal_per_barrel: About!$A$70
Name go_level_top1: OFFSET(#REF!,MATCH(#REF!,#REF!,0),2,1,8)
Name HS: #REF!
Name HS: #REF!
Name M1_stone: #REF!
Name M2_stone: #REF!
Name M3_stone: #REF!
Name Matrix1: #REF!
Name Matrix1: #REF!
Name preferences.energyunits: #REF!
Name Preferences.PowerUnits: #REF!
Name rca_trad_2010: #REF!
Name rca_trad_2011: #REF!
Name rca_trad_2012: #REF!
Name rca_trad_2013: #REF!
Name rca_trad_2014: #REF!
Name rca_trad_2015: #REF!
Name rca_trad_2016: #REF!
Name rca_trad_2017: #REF!
Name rca_vax_2010: #REF!
Name rca_vax_2011: #REF!
Name rca_vax_2012: #REF!
Name rca_vax_2013: #REF!

Sheet About
A1: BIFUbC BAU Industrial Fuel Use before CCS
A3: Sources: | B3: Energy consumption
B4: IEA
B5: World Energy Balances
B6: 44774
B7: https://www.iea.org/data-and-statistics/data-product/world-energy-balances
B10: Electricity consumption
B11: Statistik Industri Manufaktur Indonesia, 2020
B12: 2022
B13: Badan Pusat Statistik
B14: https://www.bps.go.id/publication/2022/09/30/206f24701aea1e4a26b6f1ff/statistik-industri-manufaktur-indonesia-2020.html
B16: Population
B17: World Bank
B18: https://data.worldbank.org/indicator/SP.POP.TOTL?locations=IN
A20: BIFUbC BAU Industrial Fuel Use before CCS
A22: Source | B22: IESR (2024)
B23: https://iesr.or.id/en/
A25: Comments | B25: These data come from the LEAP (Long-range Energy Alternatives Planning) Indonesia model and represent BAU (Business As Usual) scenarios projected for the country. The BAU scenarios assume no significant changes to current energy policies or interventions, providing a baseline for analyzing future energy consumption, emissions, and sectoral growth under existing conditions. This model helps evaluate long-term trends in Indonesia's energy use and environmental impacts, serving as a foundation for comparing potential outcomes from alternative policy scenarios aimed at sustainable development and climate goals.
A27: Note:
A28: IEA data processed and estimated by sector
A29: Forecasted using IO file change in output
A30: Electricity data from Stastik Industri Manufaktur Indonesia
A32: toe_to_btu | B32: 39680000
A36: Crude oil Consumption
A38: Source | B38: Source: Statistical Review of World Energy 2023
B39: https://www.indonesia-investments.com/business/commodities/crude-oil/item267?

Sheet Ind gov data
A33: ktoe | F33: fuel
B34: biomass | C34: coal | D34: briquette | E34: gas | F34: kerosene | G34: gasoil cn 48 | H34: biogasoil | I34: mdf | J34: fuel oil | K34: total fuel | L34: lpg | M34: electricity | N34: total
A35: 2018 | B35: 43176 | C35: 100506 | D35: 36 | E35: 93939 | F35: 203 | G35: 18517 | H35: 0 | I35: 394 | J35: 13174 | K35: 32288 | L35: 934 | M35: 57338 | N35: 328217
A36: 2019 | B36: 42862 | C36: 167412 | D36: 28 | E36: 92958 | F36: 192 | G36: 1099 | H36: 13323 | I36: 314 | J36: 9883 | K36: 24811 | L36: 959 | M36: 57794 | N36: 386825
A37: 2020 | B37: 52164 | C37: 113416 | D37: 188 | E37: 96400 | F37: 178 | G37: 2048 | H37: 12449 | I37: 234 | J37: 7669 | K37: 22578 | L37: 991 | M37: 54172 | N37: 339909
A38: 2021 | B38: 53461 | C38: 87820 | D38: 0 | E38: 88481 | F38: 177 | G38: 3706 | H38: 13473 | I38: 301 | J38: 8118 | K38: 25776 | L38: 1057 | M38: 60973 | N38: 317568
A41: btus
B42: biomass | C42: coal | D42: briquette | E42: gas | F42: kerosene | G42: gasoil cn 48 | H42: biogasoil | I42: mdf | J42: fuel oil | K42: total fuel | L42: lpg | M42: electricity | N42: total
A43: 2018 | B43: =B35*1000*About!$B$32 -> 1.7132237e+15 | C43: =C35*1000*About!$B$32 -> 3.9880781e+15 | D43: =D35*1000*About!$B$32 -> 1428480000000 | E43: =E35*1000*About!$B$32 -> 3.7274995e+15 | F43: =F35*1000*About!$B$32 -> 8055040000000 | G43: =G35*1000*About!$B$32 -> 734754560000000 | H43: =H35*1000*About!$B$32 -> 0 | I43: =I35*1000*About!$B$32 -> 15633920000000 | ... N43: =N35*1000*About!$B$32 -> 1.3023651e+16
A44: 2019 | B44: =B36*1000*About!$B$32 -> 1.7007642e+15 | C44: =C36*1000*About!$B$32 -> 6.6429082e+15 | D44: =D36*1000*About!$B$32 -> 1111040000000 | E44: =E36*1000*About!$B$32 -> 3.6885734e+15 | F44: =F36*1000*About!$B$32 -> 7618560000000 | G44: =G36*1000*About!$B$32 -> 43608320000000 | H44: =H36*1000*About!$B$32 -> 528656640000000 | I44: =I36*1000*About!$B$32 -> 12459520000000 | ... N44: =N36*1000*About!$B$32 -> 1.5349216e+16
A45: 2020 | B45: =B37*1000*About!$B$32 -> 2.0698675e+15 | C45: =C37*1000*About!$B$32 -> 4.5003469e+15 | D45: =D37*1000*About!$B$32 -> 7459840000000 | E45: =E37*1000*About!$B$32 -> 3.825152e+15 | F45: =F37*1000*About!$B$32 -> 7063040000000 | G45: =G37*1000*About!$B$32 -> 81264640000000 | H45: =H37*1000*About!$B$32 -> 493976320000000 | I45: =I37*1000*About!$B$32 -> 9285120000000 | ... N45: =N37*1000*About!$B$32 -> 1.3487589e+16
A46: 2021 | B46: =B38*1000*About!$B$32 -> 2.1213325e+15 | C46: =C38*1000*About!$B$32 -> 3.4846976e+15 | D46: =D38*1000*About!$B$32 -> 0 | E46: =E38*1000*About!$B$32 -> 3.5109261e+15 | F46: =F38*1000*About!$B$32 -> 7023360000000 | G46: =G38*1000*About!$B$32 -> 147054080000000 | H46: =H38*1000*About!$B$32 -> 534608640000000 | I46: =I38*1000*About!$B$32 -> 11943680000000 | ... N46: =N38*1000*About!$B$32 -> 1.2601098e+16
A49: COMPARE VALUES | B49: =SUM(calcs!D80:D104) -> 4.3800743e+13 | C49: =SUM(calcs!D30:D53) -> 7.8302527e+14 | E49: =SUM(calcs!D55:D79) -> 1.5994807e+15 | J49: =SUM(calcs!D180:D204) -> 2.2153246e+13 | L49: =SUM(calcs!D155:D179) -> 1.5644402e+13 | M49: =SUM(calcs!D5:D29) -> 4.7673728e+14

Sheet Electricity consumption
D1: generated (kwh) | E1: purchased (kwh) | F1: sold (kwh) | G1: Total | H1: percent of total
A2: food beverage and tobacco 1T12 | B2: 10 | C2: food industry | D2: 1446993803 | E2: 5289689785 | F2: 69495534 | G2: =SUM(D2:F2) -> 6806179122 | H2: =G2/SUM($G$2:$G$25) -> 0.11476603
A3: food beverage and tobacco 1T12 | B3: 11 | C3: beverages | D3: 10874632 | E3: 724494110 | G3: =SUM(D3:F3) -> 735368742 | H3: =G3/SUM($G$2:$G$25) -> 0.012399813
A4: food beverage and tobacco 1T12 | B4: 12 | C4: tobacco products | D4: 2484100 | E4: 181149874 | G4: =SUM(D4:F4) -> 183633974 | H4: =G4/SUM($G$2:$G$25) -> 0.0030964424
A5: textiles apparel and leather 13T15 | B5: 13 | C5: textiles | D5: 3746167 | E5: 3939696246 | G5: =SUM(D5:F5) -> 3943442413 | H5: =G5/SUM($G$2:$G$25) -> 0.066494462
A6: textiles apparel and leather 13T15 | B6: 14 | C6: wearing apparels | D6: 32717171 | E6: 2688662145 | F6: 26 | G6: =SUM(D6:F6) -> 2721379342 | H6: =G6/SUM($G$2:$G$25) -> 0.045887992
A7: textiles apparel and leather 13T15 | B7: 15 | C7: leather and related products and footwear | D7: 7197930 | E7: 745185904 | F7: 25 | G7: =SUM(D7:F7) -> 752383859 | H7: =G7/SUM($G$2:$G$25) -> 0.012686723
A8: wood products 16 | B8: 16 | C8: wood and wood products | D8: 90604474 | E8: 894994253 | F8: 620781 | G8: =SUM(D8:F8) -> 986219508 | H8: =G8/SUM($G$2:$G$25) -> 0.016629667
A9: pulp paper and printing 17T18 | B9: 17 | C9: paper and paper products | D9: 716317698 | E9: 2906539245 | F9: 314557786 | G9: =SUM(D9:F9) -> 3937414729 | H9: =G9/SUM($G$2:$G$25) -> 0.066392823
A10: pulp paper and printing 17T18 | B10: 18 | C10: printing and reproduction of recorded media | D10: 1345693 | E10: 204796190 | G10: =SUM(D10:F10) -> 206141883 | H10: =G10/SUM($G$2:$G$25) -> 0.0034759715
A11: refined petroleum and coke 19 | B11: 19 | C11: coke and refined petroleum products | D11: 1731917983 | E11: 1903553790 | G11: =SUM(D11:F11) -> 3635471773 | H11: =G11/SUM($G$2:$G$25) -> 0.06130145
A12: chemicals 2 | B12: 20 | C12: chemicals | D12: 1095954589 | E12: 4890031989 | F12: 651990 | G12: =SUM(D12:F12) -> 5986638568 | H12: =G12/SUM($G$2:$G$25) -> 0.10094691
A13: other manufacturing 31T33 and rubber and plastic products 22 | B13: 21 | C13: pharmaceuticals | D13: 70276995 | E13: 961022320 | G13: =SUM(D13:F13) -> 1031299315 | H13: =G13/SUM($G$2:$G$25) -> 0.017389805
A14: other manufacturing 31T33 and rubber and plastic products 22 | B14: 22 | C14: rubber and plastic products | D14: 46767718 | E14: 3210602634 | F14: 2550 | G14: =SUM(D14:F14) -> 3257372902 | H14: =G14/SUM($G$2:$G$25) -> 0.054925934
A15: cement and other nonmetallic minerals 239 & glass and glass products 231 | B15: 23 | C15: other non-metallic mineral products | D15: 1258964689 | E15: 7777749770 | F15: 66455455 | G15: =SUM(D15:F15) -> 9103169914 | H15: =G15/SUM($G$2:$G$25) -> 0.15349797
A16: iron and steel 241 | B16: 24 | C16: basic metals | D16: 5623272221 | E16: 5245970518 | F16: 44782959 | G16: =SUM(D16:F16) -> 10914025698 | H16: =G16/SUM($G$2:$G$25) -> 0.18403268
A17: metal products except machinery and vehicles 25, computers and electronics 26, appliances and electrical equipment 27, and other machinery 28 | B17: 25 | C17: fabricated metal products | D17: 2672759 | E17: 697453265 | G17: =SUM(D17:F17) -> 700126024 | H17: =G17/SUM($G$2:$G$25) -> 0.011805549
A18: metal products except machinery and vehicles 25, computers and electronics 26, appliances and electrical equipment 27, and other machinery 28 | B18: 26 | C18: computers, electronics | D18: 1142023 | E18: 586300435 | G18: =SUM(D18:F18) -> 587442458 | H18: =G18/SUM($G$2:$G$25) -> 0.009905475
A19: metal products except machinery and vehicles 25, computers and electronics 26, appliances and electrical equipment 27, and other machinery 28 | B19: 27 | C19: electrical equipment | D19: 5053647 | E19: 1176542830 | G19: =SUM(D19:F19) -> 1181596477 | H19: =G19/SUM($G$2:$G$25) -> 0.019924121
A20: metal products except machinery and vehicles 25, computers and electronics 26, appliances and electrical equipment 27, and other machinery 28 | B20: 28 | C20: machinery and equipment | D20: 6295645 | E20: 491681038 | G20: =SUM(D20:F20) -> 497976683 | H20: =G20/SUM($G$2:$G$25) -> 0.0083969
A21: road vehicles 29 and nonroad vehicles 3 | B21: 29 | C21: motor vehicles, trailers, and semi-trailers | D21: 1763488 | E21: 986190413 | G21: =SUM(D21:F21) -> 987953901 | H21: =G21/SUM($G$2:$G$25) -> 0.016658913
A22: road vehicles 29 and nonroad vehicles 3 | B22: 30 | C22: other transport equipment | D22: 1864277 | E22: 422697029 | G22: =SUM(D22:F22) -> 424561306 | H22: =G22/SUM($G$2:$G$25) -> 0.0071589674
A23: other manufacturing 31T33 and rubber and plastic products 22 | B23: 31 | C23: furntiture | D23: 7551270 | E23: 299696458 | F23: 200 | G23: =SUM(D23:F23) -> 307247928 | H23: =G23/SUM($G$2:$G$25) -> 0.0051808252
A24: other manufacturing 31T33 and rubber and plastic products 22 | B24: 32 | C24: other manufacturing | D24: 503898 | E24: 328090178 | G24: =SUM(D24:F24) -> 328594076 | H24: =G24/SUM($G$2:$G$25) -> 0.0055407646
A25: other manufacturing 31T33 and rubber and plastic products 22 | B25: 33 | C25: repair and installation of machinery and equipment | D25: 3581429 | E25: 85602679 | G25: =SUM(D25:F25) -> 89184108 | H25: =G25/SUM($G$2:$G$25) -> 0.0015038255
C27: TOTAL | D27: =SUM(D2:D25) -> 12169864299 | E27: =SUM(E2:E25) -> 46638393098 | F27: =SUM(F2:F25) -> 496567306 | H27: =SUM(H1:H25) -> 1
D29: =SUM(D27:F27) -> 59304824703
A47: road vehicles 29 and nonroad vehicles 3
A48: textiles apparel and leather 13T15

Sheet BIFUBC Output_energy
A1: EPS FUEL | B1: Assigned EPS Sector | C1: FUEL | D1: SECTOR | E1: 2018 | F1: 2019 | G1: 2020
A2: =C2 -> hard coal | B2: {=IFERROR(INDEX(crosswalk!C:C,MATCH(D2,crosswalk!B:B,0)),"")} -> agriculture and forestry 01T03 | C2: hard coal | D2: agriculture and forestry 1T3 | E2: 0 | F2: 0 | G2: 0
A3: =C3 -> hard coal | B3: {=IFERROR(INDEX(crosswalk!C:C,MATCH(D3,crosswalk!B:B,0)),"")} -> cement and other nonmetallic minerals 239 | C3: hard coal | D3: cement and other nonmetallic minerals 239 & glass and glass products 231 | E3: 3.3870673e+14 | F3: 4.0073899e+14 | G3: 115903236480000
A4: =C4 -> hard coal | B4: {=IFERROR(INDEX(crosswalk!C:C,MATCH(D4,crosswalk!B:B,0)),"")} -> chemicals 20 | C4: hard coal | D4: chemicals 2 | E4: 0 | F4: 0 | G4: 0
A5: =C5 -> hard coal | B5: {=IFERROR(INDEX(crosswalk!C:C,MATCH(D5,crosswalk!B:B,0)),"")} -> coal mining 05 | C5: hard coal | D5: coal mining 05 | E5: 0 | F5: 0 | G5: 0
A6: =C6 -> hard coal | B6: {=IFERROR(INDEX(crosswalk!C:C,MATCH(D6,crosswalk!B:B,0)),"")} -> construction 41T43 | C6: hard coal | D6: construction 41T43 | E6: 0 | F6: 0 | G6: 0
A7: =C7 -> hard coal | B7: {=IFERROR(INDEX(crosswalk!C:C,MATCH(D7,crosswalk!B:B,0)),"")} -> energy pipelines and gas processing 352T353 | C7: hard coal | D7: energy pipelines and gas processing 352T353 | E7: 0 | F7: 0 | G7: 0
A8: =C8 -> hard coal | B8: {=IFERROR(INDEX(crosswalk!C:C,MATCH(D8,crosswalk!B:B,0)),"")} -> food beverage and tobacco 10T12 | C8: hard coal | D8: food beverage and tobacco 1T12 | E8: 0 | F8: 0 | G8: 0
A9: =C9 -> hard coal | B9: {=IFERROR(INDEX(crosswalk!C:C,MATCH(D9,crosswalk!B:B,0)),"")} -> iron and steel 241 | C9: hard coal | D9: iron and steel 241 | E9: 84090153600000 | F9: 289971734272000 | G9: 368405579264000
A10: =C10 -> hard coal | B10: {=IFERROR(INDEX(crosswalk!C:C,MATCH(D10,crosswalk!B:B,0)),"")} | C10: hard coal | D10: many | E10: 0 | F10: 0 | G10: 0
A11: =C11 -> hard coal | B11: {=IFERROR(INDEX(crosswalk!C:C,MATCH(D11,crosswalk!B:B,0)),"")} -> metal products except machinery and vehicles 25 | C11: hard coal | D11: metal products except machinery and vehicles 25, computers and electronics 26, appliances and electrical equipment 27, and other machinery 28 | E11: 0 | F11: 0 | G11: 0
A12: =C12 -> hard coal | B12: {=IFERROR(INDEX(crosswalk!C:C,MATCH(D12,crosswalk!B:B,0)),"")} -> oil and gas extraction 06 | C12: hard coal | D12: oil and gas extraction 06 | E12: 0 | F12: 0 | G12: 0
A13: =C13 -> hard coal | B13: {=IFERROR(INDEX(crosswalk!C:C,MATCH(D13,crosswalk!B:B,0)),"")} -> other manufacturing 31T33 | C13: hard coal | D13: other manufacturing 31T33 and rubber and plastic products 22 | E13: 189547392000 | F13: 70901493760000 | G13: 95000368000000
... A20: =C20 -> hard coal | B20: {=IFERROR(INDEX(crosswalk!C:C,MATCH(D20,crosswalk!B:B,0)),"")} -> wood products 16 | C20: hard coal | D20: wood products 16 | E20: 0 | F20: 0 | G20: 0
A21: =C21 -> 0 | B21: {=IFERROR(INDEX(crosswalk!C:C,MATCH(D21,crosswalk!B:B,0)),"")}
A22: =C22 -> natural gas | B22: {=IFERROR(INDEX(crosswalk!C:C,MATCH(D22,crosswalk!B:B,0)),"")} -> agriculture and forestry 01T03 | C22: natural gas | D22: agriculture and forestry 1T3 | E22: 0 | F22: 0 | G22: 0
A23: =C23 -> natural gas | B23: {=IFERROR(INDEX(crosswalk!C:C,MATCH(D23,crosswalk!B:B,0)),"")} -> cement and other nonmetallic minerals 239 | C23: natural gas | D23: cement and other nonmetallic minerals 239 & glass and glass products 231 | E23: 0 | F23: 0 | G23: 0
A24: =C24 -> natural gas | B24: {=IFERROR(INDEX(crosswalk!C:C,MATCH(D24,crosswalk!B:B,0)),"")} -> chemicals 20 | C24: natural gas | D24: chemicals 2 | E24: 120052839936000 | F24: 118799134464000 | G24: 123197968000000
A25: =C25 -> natural gas | B25: {=IFERROR(INDEX(crosswalk!C:C,MATCH(D25,crosswalk!B:B,0)),"")} -> coal mining 05 | C25: natural gas | D25: coal mining 05 | E25: 0 | F25: 0 | G25: 0
A26: =C26 -> natural gas | B26: {=IFERROR(INDEX(crosswalk!C:C,MATCH(D26,crosswalk!B:B,0)),"")} -> construction 41T43 | C26: natural gas | D26: construction 41T43 | E26: 0 | F26: 0 | G26: 0
A27: =C27 -> natural gas | B27: {=IFERROR(INDEX(crosswalk!C:C,MATCH(D27,crosswalk!B:B,0)),"")} -> energy pipelines and gas processing 352T353 | C27: natural gas | D27: energy pipelines and gas processing 352T353 | E27: 36927664256000 | F27: 20041641856000 | G27: 55402438144000
A28: =C28 -> natural gas | B28: {=IFERROR(INDEX(crosswalk!C:C,MATCH(D28,crosswalk!B:B,0)),"")} -> food beverage and tobacco 10T12 | C28: natural gas | D28: food beverage and tobacco 1T12 | E28: 0 | F28: 0 | G28: 0
A29: =C29 -> natural gas | B29: {=IFERROR(INDEX(crosswalk!C:C,MATCH(D29,crosswalk!B:B,0)),"")} -> iron and steel 241 | C29: natural gas | D29: iron and steel 241 | E29: 4466027648000 | F29: 6186421504000 | G29: 9297111296000
A30: =C30 -> natural gas | B30: {=IFERROR(INDEX(crosswalk!C:C,MATCH(D30,crosswalk!B:B,0)),"")} | C30: natural gas | D30: many | E30: 0 | F30: 0 | G30: 0
A31: =C31 -> natural gas | B31: {=IFERROR(INDEX(crosswalk!C:C,MATCH(D31,crosswalk!B:B,0)),"")} -> metal products except machinery and vehicles 25 | C31: natural gas | D31: metal products except machinery and vehicles 25, computers and electronics 26, appliances and electrical equipment 27, and other machinery 28 | E31: 0 | F31: 0 | G31: 0
A32: =C32 -> natural gas | B32: {=IFERROR(INDEX(crosswalk!C:C,MATCH(D32,crosswalk!B:B,0)),"")} -> oil and gas extraction 06 | C32: natural gas | D32: oil and gas extraction 06 | E32: 192617798656000 | F32: 178811444224000 | G32: 157525151872000
A33: =C33 -> natural gas | B33: {=IFERROR(INDEX(crosswalk!C:C,MATCH(D33,crosswalk!B:B,0)),"")} -> other manufacturing 31T33 | C33: natural gas | D33: other manufacturing 31T33 and rubber and plastic products 22 | E33: 388392680960000 | F33: 382569688576000 | G33: 3.9385365e+14
... A40: =C40 -> natural gas | B40: {=IFERROR(INDEX(crosswalk!C:C,MATCH(D40,crosswalk!B:B,0)),"")} -> wood products 16 | C40: natural gas | D40: wood products 16 | E40: 0 | F40: 0 | G40: 0
A41: =C41 -> 0 | B41: {=IFERROR(INDEX(crosswalk!C:C,MATCH(D41,crosswalk!B:B,0)),"")}
A42: =C42 -> crude oil | B42: {=IFERROR(INDEX(crosswalk!C:C,MATCH(D42,crosswalk!B:B,0)),"")} -> agriculture and forestry 01T03 | C42: crude oil | D42: agriculture and forestry 1T3 | E42: 0 | F42: 0 | G42: 0
A43: =C43 -> crude oil | B43: {=IFERROR(INDEX(crosswalk!C:C,MATCH(D43,crosswalk!B:B,0)),"")} -> cement and other nonmetallic minerals 239 | C43: crude oil | D43: cement and other nonmetallic minerals 239 & glass and glass products 231 | E43: 0 | F43: 0 | G43: 0
A44: =C44 -> crude oil | B44: {=IFERROR(INDEX(crosswalk!C:C,MATCH(D44,crosswalk!B:B,0)),"")} -> chemicals 20 | C44: crude oil | D44: chemicals 2 | E44: 0 | F44: 0 | G44: 0
A45: =C45 -> crude oil | B45: {=IFERROR(INDEX(crosswalk!C:C,MATCH(D45,crosswalk!B:B,0)),"")} -> coal mining 05 | C45: crude oil | D45: coal mining 05 | E45: 0 | F45: 0 | G45: 0
A46: =C46 -> crude oil | B46: {=IFERROR(INDEX(crosswalk!C:C,MATCH(D46,crosswalk!B:B,0)),"")} -> construction 41T43 | C46: crude oil | D46: construction 41T43 | E46: 0 | F46: 0 | G46: 0
A47: =C47 -> crude oil | B47: {=IFERROR(INDEX(crosswalk!C:C,MATCH(D47,crosswalk!B:B,0)),"")} -> energy pipelines and gas processing 352T353 | C47: crude oil | D47: energy pipelines and gas processing 352T353 | E47: 0 | F47: 0 | G47: 0
A48: =C48 -> crude oil | B48: {=IFERROR(INDEX(crosswalk!C:C,MATCH(D48,crosswalk!B:B,0)),"")} -> food beverage and tobacco 10T12 | C48: crude oil | D48: food beverage and tobacco 1T12 | E48: 0 | F48: 0 | G48: 0
A49: =C49 -> crude oil | B49: {=IFERROR(INDEX(crosswalk!C:C,MATCH(D49,crosswalk!B:B,0)),"")} -> iron and steel 241 | C49: crude oil | D49: iron and steel 241 | E49: 0 | F49: 0 | G49: 0
A50: =C50 -> crude oil | B50: {=IFERROR(INDEX(crosswalk!C:C,MATCH(D50,crosswalk!B:B,0)),"")} | C50: crude oil | D50: many | E50: 0 | F50: 0 | G50: 0
A51: =C51 -> crude oil | B51: {=IFERROR(INDEX(crosswalk!C:C,MATCH(D51,crosswalk!B:B,0)),"")} -> metal products except machinery and vehicles 25 | C51: crude oil | D51: metal products except machinery and vehicles 25, computers and electronics 26, appliances and electrical equipment 27, and other machinery 28 | E51: 0 | F51: 0 | G51: 0
A52: =C52 -> crude oil | B52: {=IFERROR(INDEX(crosswalk!C:C,MATCH(D52,crosswalk!B:B,0)),"")} -> oil and gas extraction 06 | C52: crude oil | D52: oil and gas extraction 06 | E52: 0 | F52: 0 | G52: 0
A53: =C53 -> crude oil | B53: {=IFERROR(INDEX(crosswalk!C:C,MATCH(D53,crosswalk!B:B,0)),"")} -> other manufacturing 31T33 | C53: crude oil | D53: other manufacturing 31T33 and rubber and plastic products 22 | E53: 115629309568000 | F53: 119614102144000 | G53: 142666904448000
... A60: =C60 -> crude oil | B60: {=IFERROR(INDEX(crosswalk!C:C,MATCH(D60,crosswalk!B:B,0)),"")} -> wood products 16 | C60: crude oil | D60: wood products 16 | E60: 0 | F60: 0 | G60: 0
A61: =C61 -> 0 | B61: {=IFERROR(INDEX(crosswalk!C:C,MATCH(D61,crosswalk!B:B,0)),"")}
A62: =C62 -> biomass | B62: {=IFERROR(INDEX(crosswalk!C:C,MATCH(D62,crosswalk!B:B,0)),"")} -> agriculture and forestry 01T03 | C62: biomass | D62: agriculture and forestry 1T3 | E62: 0 | F62: 0 | G62: 0
A63: =C63 -> biomass | B63: {=IFERROR(INDEX(crosswalk!C:C,MATCH(D63,crosswalk!B:B,0)),"")} -> cement and other nonmetallic minerals 239 | C63: biomass | D63: cement and other nonmetallic minerals 239 & glass and glass products 231 | E63: 0 | F63: 0 | G63: 0
A64: =C64 -> biomass | B64: {=IFERROR(INDEX(crosswalk!C:C,MATCH(D64,crosswalk!B:B,0)),"")} -> chemicals 20 | C64: biomass | D64: chemicals 2 | E64: 0 | F64: 0 | G64: 0
A65: =C65 -> biomass | B65: {=IFERROR(INDEX(crosswalk!C:C,MATCH(D65,crosswalk!B:B,0)),"")} -> coal mining 05 | C65: biomass | D65: coal mining 05 | E65: 0 | F65: 0 | G65: 0
A66: =C66 -> biomass | B66: {=IFERROR(INDEX(crosswalk!C:C,MATCH(D66,crosswalk!B:B,0)),"")} -> construction 41T43 | C66: biomass | D66: construction 41T43 | E66: 0 | F66: 0 | G66: 0
A67: =C67 -> biomass | B67: {=IFERROR(INDEX(crosswalk!C:C,MATCH(D67,crosswalk!B:B,0)),"")} -> energy pipelines and gas processing 352T353 | C67: biomass | D67: energy pipelines and gas processing 352T353 | E67: 0 | F67: 0 | G67: 0
A68: =C68 -> biomass | B68: {=IFERROR(INDEX(crosswalk!C:C,MATCH(D68,crosswalk!B:B,0)),"")} -> food beverage and tobacco 10T12 | C68: biomass | D68: food beverage and tobacco 1T12 | E68: 0 | F68: 0 | G68: 0
A69: =C69 -> biomass | B69: {=IFERROR(INDEX(crosswalk!C:C,MATCH(D69,crosswalk!B:B,0)),"")} -> iron and steel 241 | C69: biomass | D69: iron and steel 241 | E69: 0 | F69: 0 | G69: 0
A70: =C70 -> biomass | B70: {=IFERROR(INDEX(crosswalk!C:C,MATCH(D70,crosswalk!B:B,0)),"")} | C70: biomass | D70: many | E70: 0 | F70: 0 | G70: 0
A71: =C71 -> biomass | B71: {=IFERROR(INDEX(crosswalk!C:C,MATCH(D71,crosswalk!B:B,0)),"")} -> metal products except machinery and vehicles 25 | C71: biomass | D71: metal products except machinery and vehicles 25, computers and electronics 26, appliances and electrical equipment 27, and other machinery 28 | E71: 0 | F71: 0 | G71: 0
A72: =C72 -> biomass | B72: {=IFERROR(INDEX(crosswalk!C:C,MATCH(D72,crosswalk!B:B,0)),"")} -> oil and gas extraction 06 | C72: biomass | D72: oil and gas extraction 06 | E72: 0 | F72: 0 | G72: 0
A73: =C73 -> biomass | B73: {=IFERROR(INDEX(crosswalk!C:C,MATCH(D73,crosswalk!B:B,0)),"")} -> other manufacturing 31T33 | C73: biomass | D73: other manufacturing 31T33 and rubber and plastic products 22 | E73: 250340786688000 | F73: 248520169088000 | G73: 302454530560000
... A80: =C80 -> biomass | B80: {=IFERROR(INDEX(crosswalk!C:C,MATCH(D80,crosswalk!B:B,0)),"")} -> wood products 16 | C80: biomass | D80: wood products 16 | E80: 0 | F80: 0 | G80: 0
A81: =C81 -> 0 | B81: {=IFERROR(INDEX(crosswalk!C:C,MATCH(D81,crosswalk!B:B,0)),"")}
A82: =C82 -> petroleum diesel | B82: {=IFERROR(INDEX(crosswalk!C:C,MATCH(D82,crosswalk!B:B,0)),"")} -> agriculture and forestry 01T03 | C82: petroleum diesel | D82: agriculture and forestry 1T3 | E82: 5.0412845e+13 | F82: 32168333952000 | G82: 29405590144000
A83: =C83 -> petroleum diesel | B83: {=IFERROR(INDEX(crosswalk!C:C,MATCH(D83,crosswalk!B:B,0)),"")} -> cement and other nonmetallic minerals 239 | C83: petroleum diesel | D83: cement and other nonmetallic minerals 239 & glass and glass products 231 | E83: 1.3608538e+13 | F83: 8714612864000 | G83: 7939868800000
A84: =C84 -> petroleum diesel | B84: {=IFERROR(INDEX(crosswalk!C:C,MATCH(D84,crosswalk!B:B,0)),"")} -> chemicals 20 | C84: petroleum diesel | D84: chemicals 2 | E84: 9322823936000 | F84: 5.9701258e+12 | G84: 5439393920000
A85: =C85 -> petroleum diesel | B85: {=IFERROR(INDEX(crosswalk!C:C,MATCH(D85,crosswalk!B:B,0)),"")} -> coal mining 05 | C85: petroleum diesel | D85: coal mining 05 | E85: 0 | F85: 0 | G85: 0
A86: =C86 -> petroleum diesel | B86: {=IFERROR(INDEX(crosswalk!C:C,MATCH(D86,crosswalk!B:B,0)),"")} -> construction 41T43 | C86: petroleum diesel | D86: construction 41T43 | E86: 7291279360000 | F86: 4669169408000 | G86: 4254076928000
A87: =C87 -> petroleum diesel | B87: {=IFERROR(INDEX(crosswalk!C:C,MATCH(D87,crosswalk!B:B,0)),"")} -> energy pipelines and gas processing 352T353 | C87: petroleum diesel | D87: energy pipelines and gas processing 352T353 | E87: 0 | F87: 0 | G87: 0
A88: =C88 -> petroleum diesel | B88: {=IFERROR(INDEX(crosswalk!C:C,MATCH(D88,crosswalk!B:B,0)),"")} -> food beverage and tobacco 10T12 | C88: petroleum diesel | D88: food beverage and tobacco 1T12 | E88: 11688327296000 | F88: 7484933632000 | G88: 6819515904000
A89: =C89 -> petroleum diesel | B89: {=IFERROR(INDEX(crosswalk!C:C,MATCH(D89,crosswalk!B:B,0)),"")} -> iron and steel 241 | C89: petroleum diesel | D89: iron and steel 241 | E89: 4452695168000 | F89: 2851384960000 | G89: 2597897216000
A90: =C90 -> petroleum diesel | B90: {=IFERROR(INDEX(crosswalk!C:C,MATCH(D90,crosswalk!B:B,0)),"")} | C90: petroleum diesel | D90: many | E90: 0 | F90: 0 | G90: 0
A91: =C91 -> petroleum diesel | B91: {=IFERROR(INDEX(crosswalk!C:C,MATCH(D91,crosswalk!B:B,0)),"")} -> metal products except machinery and vehicles 25 | C91: petroleum diesel | D91: metal products except machinery and vehicles 25, computers and electronics 26, appliances and electrical equipment 27, and other machinery 28 | E91: 1502780800000 | F91: 962363008000 | G91: 8.7680102e+11
A92: =C92 -> petroleum diesel | B92: {=IFERROR(INDEX(crosswalk!C:C,MATCH(D92,crosswalk!B:B,0)),"")} -> oil and gas extraction 06 | C92: petroleum diesel | D92: oil and gas extraction 06 | E92: 0 | F92: 0 | G92: 0
A93: =C93 -> petroleum diesel | B93: {=IFERROR(INDEX(crosswalk!C:C,MATCH(D93,crosswalk!B:B,0)),"")} -> other manufacturing 31T33 | C93: petroleum diesel | D93: other manufacturing 31T33 and rubber and plastic products 22 | E93: 11174522880000 | F93: 20059747840000 | G93: 24542623616000
... A100: =C100 -> petroleum diesel | B100: {=IFERROR(INDEX(crosswalk!C:C,MATCH(D100,crosswalk!B:B,0)),"")} -> wood products 16 | C100: petroleum diesel | D100: wood products 16 | E100: 0 | F100: 0 | G100: 0
A101: =C101 -> 0 | B101: {=IFERROR(INDEX(crosswalk!C:C,MATCH(D101,crosswalk!B:B,0)),"")}
A102: =C102 -> lpg | B102: {=IFERROR(INDEX(crosswalk!C:C,MATCH(D102,crosswalk!B:B,0)),"")} -> agriculture and forestry 01T03 | C102: lpg | D102: agriculture and forestry 1T3 | E102: 0 | F102: 0 | G102: 0
A103: =C103 -> lpg | B103: {=IFERROR(INDEX(crosswalk!C:C,MATCH(D103,crosswalk!B:B,0)),"")} -> cement and other nonmetallic minerals 239 | C103: lpg | D103: cement and other nonmetallic minerals 239 & glass and glass products 231 | E103: 0 | F103: 0 | G103: 0
A104: =C104 -> lpg | B104: {=IFERROR(INDEX(crosswalk!C:C,MATCH(D104,crosswalk!B:B,0)),"")} -> chemicals 20 | C104: lpg | D104: chemicals 2 | E104: 0 | F104: 0 | G104: 0
A105: =C105 -> lpg | B105: {=IFERROR(INDEX(crosswalk!C:C,MATCH(D105,crosswalk!B:B,0)),"")} -> coal mining 05 | C105: lpg | D105: coal mining 05 | E105: 0 | F105: 0 | G105: 0
A106: =C106 -> lpg | B106: {=IFERROR(INDEX(crosswalk!C:C,MATCH(D106,crosswalk!B:B,0)),"")} -> construction 41T43 | C106: lpg | D106: construction 41T43 | E106: 0 | F106: 0 | G106: 0
A107: =C107 -> lpg | B107: {=IFERROR(INDEX(crosswalk!C:C,MATCH(D107,crosswalk!B:B,0)),"")} -> energy pipelines and gas processing 352T353 | C107: lpg | D107: energy pipelines and gas processing 352T353 | E107: 0 | F107: 0 | G107: 0
A108: =C108 -> lpg | B108: {=IFERROR(INDEX(crosswalk!C:C,MATCH(D108,crosswalk!B:B,0)),"")} -> food beverage and tobacco 10T12 | C108: lpg | D108: food beverage and tobacco 1T12 | E108: 0 | F108: 0 | G108: 0
A109: =C109 -> lpg | B109: {=IFERROR(INDEX(crosswalk!C:C,MATCH(D109,crosswalk!B:B,0)),"")} -> iron and steel 241 | C109: lpg | D109: iron and steel 241 | E109: 0 | F109: 0 | G109: 0
A110: =C110 -> lpg | B110: {=IFERROR(INDEX(crosswalk!C:C,MATCH(D110,crosswalk!B:B,0)),"")} | C110: lpg | D110: many | E110: 0 | F110: 0 | G110: 0
A111: =C111 -> lpg | B111: {=IFERROR(INDEX(crosswalk!C:C,MATCH(D111,crosswalk!B:B,0)),"")} -> metal products except machinery and vehicles 25 | C111: lpg | D111: metal products except machinery and vehicles 25, computers and electronics 26, appliances and electrical equipment 27, and other machinery 28 | E111: 0 | F111: 0 | G111: 0
A112: =C112 -> lpg | B112: {=IFERROR(INDEX(crosswalk!C:C,MATCH(D112,crosswalk!B:B,0)),"")} -> oil and gas extraction 06 | C112: lpg | D112: oil and gas extraction 06 | E112: 0 | F112: 0 | G112: 0
A113: =C113 -> lpg | B113: {=IFERROR(INDEX(crosswalk!C:C,MATCH(D113,crosswalk!B:B,0)),"")} -> other manufacturing 31T33 | C113: lpg | D113: other manufacturing 31T33 and rubber and plastic products 22 | E113: 4931093120000 | F113: 5065576576000 | G113: 5200064000000
... A120: =C120 -> lpg | B120: {=IFERROR(INDEX(crosswalk!C:C,MATCH(D120,crosswalk!B:B,0)),"")} -> wood products 16 | C120: lpg | D120: wood products 16 | E120: 0 | F120: 0 | G120: 0
A121: =C121 -> 0 | B121: {=IFERROR(INDEX(crosswalk!C:C,MATCH(D121,crosswalk!B:B,0)),"")}
A122: =C122 -> residual fuel oil | B122: {=IFERROR(INDEX(crosswalk!C:C,MATCH(D122,crosswalk!B:B,0)),"")} -> agriculture and forestry 01T03 | C122: residual fuel oil | D122: agriculture and forestry 1T3 | E122: 0 | F122: 0 | G122: 0
A123: =C123 -> residual fuel oil | B123: {=IFERROR(INDEX(crosswalk!C:C,MATCH(D123,crosswalk!B:B,0)),"")} -> cement and other nonmetallic minerals 239 | C123: residual fuel oil | D123: cement and other nonmetallic minerals 239 & glass and glass products 231 | E123: 14570531712000 | F123: 10930728960000 | G123: 8.4820563e+12
A124: =C124 -> residual fuel oil | B124: {=IFERROR(INDEX(crosswalk!C:C,MATCH(D124,crosswalk!B:B,0)),"")} -> chemicals 20 | C124: residual fuel oil | D124: chemicals 2 | E124: 11639449472000 | F124: 8731833984000 | G124: 6775744896000
A125: =C125 -> residual fuel oil | B125: {=IFERROR(INDEX(crosswalk!C:C,MATCH(D125,crosswalk!B:B,0)),"")} -> coal mining 05 | C125: residual fuel oil | D125: coal mining 05 | E125: 0 | F125: 0 | G125: 0
A126: =C126 -> residual fuel oil | B126: {=IFERROR(INDEX(crosswalk!C:C,MATCH(D126,crosswalk!B:B,0)),"")} -> construction 41T43 | C126: residual fuel oil | D126: construction 41T43 | E126: 0 | F126: 0 | G126: 0
A127: =C127 -> residual fuel oil | B127: {=IFERROR(INDEX(crosswalk!C:C,MATCH(D127,crosswalk!B:B,0)),"")} -> energy pipelines and gas processing 352T353 | C127: residual fuel oil | D127: energy pipelines and gas processing 352T353 | E127: 0 | F127: 0 | G127: 0
A128: =C128 -> residual fuel oil | B128: {=IFERROR(INDEX(crosswalk!C:C,MATCH(D128,crosswalk!B:B,0)),"")} -> food beverage and tobacco 10T12 | C128: residual fuel oil | D128: food beverage and tobacco 1T12 | E128: 4502826880000 | F128: 3377986176000 | G128: 2621260800000
A129: =C129 -> residual fuel oil | B129: {=IFERROR(INDEX(crosswalk!C:C,MATCH(D129,crosswalk!B:B,0)),"")} -> iron and steel 241 | C129: residual fuel oil | D129: iron and steel 241 | E129: 18733550976000 | F129: 14053790976000 | G129: 10905468672000
A130: =C130 -> residual fuel oil | B130: {=IFERROR(INDEX(crosswalk!C:C,MATCH(D130,crosswalk!B:B,0)),"")} | C130: residual fuel oil | D130: many | E130: 0 | F130: 0 | G130: 0
A131: =C131 -> residual fuel oil | B131: {=IFERROR(INDEX(crosswalk!C:C,MATCH(D131,crosswalk!B:B,0)),"")} -> metal products except machinery and vehicles 25 | C131: residual fuel oil | D131: metal products except machinery and vehicles 25, computers and electronics 26, appliances and electrical equipment 27, and other machinery 28 | E131: 0 | F131: 0 | G131: 0
A132: =C132 -> residual fuel oil | B132: {=IFERROR(INDEX(crosswalk!C:C,MATCH(D132,crosswalk!B:B,0)),"")} -> oil and gas extraction 06 | C132: residual fuel oil | D132: oil and gas extraction 06 | E132: 0 | F132: 0 | G132: 0
A133: =C133 -> residual fuel oil | B133: {=IFERROR(INDEX(crosswalk!C:C,MATCH(D133,crosswalk!B:B,0)),"")} -> other manufacturing 31T33 | C133: residual fuel oil | D133: other manufacturing 31T33 and rubber and plastic products 22 | E133: 10577394432000 | F133: 7935142912000 | G133: 6157510656000
... A140: =C140 -> residual fuel oil | B140: {=IFERROR(INDEX(crosswalk!C:C,MATCH(D140,crosswalk!B:B,0)),"")} -> wood products 16 | C140: residual fuel oil | D140: wood products 16 | E140: 0 | F140: 0 | G140: 0
A141: =C141 -> 0 | B141: {=IFERROR(INDEX(crosswalk!C:C,MATCH(D141,crosswalk!B:B,0)),"")}
A142: =C142 -> 0 | B142: {=IFERROR(INDEX(crosswalk!C:C,MATCH(D142,crosswalk!B:B,0)),"")}
...

Sheet BIFUBC Output_nonenergy
A1: EPS FUEL | B1: Assigned EPS Sector | C1: FUEL | D1: SECTOR | E1: 2020
A2: =C2 -> hard coal | B2: {=IFERROR(INDEX(crosswalk!C:C,MATCH(D2,crosswalk!B:B,0)),"")} -> agriculture and forestry 01T03 | C2: hard coal | D2: agriculture and forestry 1T3 | E2: 0
A3: =C3 -> hard coal | B3: {=IFERROR(INDEX(crosswalk!C:C,MATCH(D3,crosswalk!B:B,0)),"")} -> cement and other nonmetallic minerals 239 | C3: hard coal | D3: cement and other nonmetallic minerals 239 & glass and glass products 231 | E3: 0
A4: =C4 -> hard coal | B4: {=IFERROR(INDEX(crosswalk!C:C,MATCH(D4,crosswalk!B:B,0)),"")} -> chemicals 20 | C4: hard coal | D4: chemicals 2 | E4: 0
A5: =C5 -> hard coal | B5: {=IFERROR(INDEX(crosswalk!C:C,MATCH(D5,crosswalk!B:B,0)),"")} -> coal mining 05 | C5: hard coal | D5: coal mining 05 | E5: 0
A6: =C6 -> hard coal | B6: {=IFERROR(INDEX(crosswalk!C:C,MATCH(D6,crosswalk!B:B,0)),"")} -> construction 41T43 | C6: hard coal | D6: construction 41T43 | E6: 0
A7: =C7 -> hard coal | B7: {=IFERROR(INDEX(crosswalk!C:C,MATCH(D7,crosswalk!B:B,0)),"")} -> energy pipelines and gas processing 352T353 | C7: hard coal | D7: energy pipelines and gas processing 352T353 | E7: 0
A8: =C8 -> hard coal | B8: {=IFERROR(INDEX(crosswalk!C:C,MATCH(D8,crosswalk!B:B,0)),"")} -> food beverage and tobacco 10T12 | C8: hard coal | D8: food beverage and tobacco 1T12 | E8: 0
A9: =C9 -> hard coal | B9: {=IFERROR(INDEX(crosswalk!C:C,MATCH(D9,crosswalk!B:B,0)),"")} -> iron and steel 241 | C9: hard coal | D9: iron and steel 241 | E9: 0
A10: =C10 -> hard coal | B10: {=IFERROR(INDEX(crosswalk!C:C,MATCH(D10,crosswalk!B:B,0)),"")} -> metal products except machinery and vehicles 25 | C10: hard coal | D10: metal products except machinery and vehicles 25, computers and electronics 26, appliances and electrical equipment 27, and other machinery 28 | E10: 0
A11: =C11 -> hard coal | B11: {=IFERROR(INDEX(crosswalk!C:C,MATCH(D11,crosswalk!B:B,0)),"")} -> oil and gas extraction 06 | C11: hard coal | D11: oil and gas extraction 06 | E11: 0
A12: =C12 -> hard coal | B12: {=IFERROR(INDEX(crosswalk!C:C,MATCH(D12,crosswalk!B:B,0)),"")} -> other manufacturing 31T33 | C12: hard coal | D12: other manufacturing 31T33 and rubber and plastic products 22 | E12: 0
A13: =C13 -> hard coal | B13: {=IFERROR(INDEX(crosswalk!C:C,MATCH(D13,crosswalk!B:B,0)),"")} -> other metals 242 | C13: hard coal | D13: other metals 242 | E13: 0
... A19: =C19 -> hard coal | B19: {=IFERROR(INDEX(crosswalk!C:C,MATCH(D19,crosswalk!B:B,0)),"")} -> wood products 16 | C19: hard coal | D19: wood products 16 | E19: 0
A20: =C20 -> 0 | B20: {=IFERROR(INDEX(crosswalk!C:C,MATCH(D20,crosswalk!B:B,0)),"")}
A21: =C21 -> natural gas | B21: {=IFERROR(INDEX(crosswalk!C:C,MATCH(D21,crosswalk!B:B,0)),"")} -> agriculture and forestry 01T03 | C21: natural gas | D21: agriculture and forestry 1T3 | E21: 0
A22: =C22 -> natural gas | B22: {=IFERROR(INDEX(crosswalk!C:C,MATCH(D22,crosswalk!B:B,0)),"")} -> cement and other nonmetallic minerals 239 | C22: natural gas | D22: cement and other nonmetallic minerals 239 & glass and glass products 231 | E22: 0
A23: =C23 -> natural gas | B23: {=IFERROR(INDEX(crosswalk!C:C,MATCH(D23,crosswalk!B:B,0)),"")} -> chemicals 20 | C23: natural gas | D23: chemicals 2 | E23: 1.3440457e+14
A24: =C24 -> natural gas | B24: {=IFERROR(INDEX(crosswalk!C:C,MATCH(D24,crosswalk!B:B,0)),"")} -> coal mining 05 | C24: natural gas | D24: coal mining 05 | E24: 0
A25: =C25 -> natural gas | B25: {=IFERROR(INDEX(crosswalk!C:C,MATCH(D25,crosswalk!B:B,0)),"")} -> construction 41T43 | C25: natural gas | D25: construction 41T43 | E25: 0
A26: =C26 -> natural gas | B26: {=IFERROR(INDEX(crosswalk!C:C,MATCH(D26,crosswalk!B:B,0)),"")} -> energy pipelines and gas processing 352T353 | C26: natural gas | D26: energy pipelines and gas processing 352T353 | E26: 0
A27: =C27 -> natural gas | B27: {=IFERROR(INDEX(crosswalk!C:C,MATCH(D27,crosswalk!B:B,0)),"")} -> food beverage and tobacco 10T12 | C27: natural gas | D27: food beverage and tobacco 1T12 | E27: 0
A28: =C28 -> natural gas | B28: {=IFERROR(INDEX(crosswalk!C:C,MATCH(D28,crosswalk!B:B,0)),"")} -> iron and steel 241 | C28: natural gas | D28: iron and steel 241 | E28: 0
A29: =C29 -> natural gas | B29: {=IFERROR(INDEX(crosswalk!C:C,MATCH(D29,crosswalk!B:B,0)),"")} -> metal products except machinery and vehicles 25 | C29: natural gas | D29: metal products except machinery and vehicles 25, computers and electronics 26, appliances and electrical equipment 27, and other machinery 28 | E29: 0
A30: =C30 -> natural gas | B30: {=IFERROR(INDEX(crosswalk!C:C,MATCH(D30,crosswalk!B:B,0)),"")} -> oil and gas extraction 06 | C30: natural gas | D30: oil and gas extraction 06 | E30: 0
A31: =C31 -> natural gas | B31: {=IFERROR(INDEX(crosswalk!C:C,MATCH(D31,crosswalk!B:B,0)),"")} -> other manufacturing 31T33 | C31: natural gas | D31: other manufacturing 31T33 and rubber and plastic products 22 | E31: 0
A32: =C32 -> natural gas | B32: {=IFERROR(INDEX(crosswalk!C:C,MATCH(D32,crosswalk!B:B,0)),"")} -> other metals 242 | C32: natural gas | D32: other metals 242 | E32: 0
... A38: =C38 -> natural gas | B38: {=IFERROR(INDEX(crosswalk!C:C,MATCH(D38,crosswalk!B:B,0)),"")} -> wood products 16 | C38: natural gas | D38: wood products 16 | E38: 0
A39: =C39 -> 0 | B39: {=IFERROR(INDEX(crosswalk!C:C,MATCH(D39,crosswalk!B:B,0)),"")}
A40: =C40 -> crude oil | B40: {=IFERROR(INDEX(crosswalk!C:C,MATCH(D40,crosswalk!B:B,0)),"")} -> agriculture and forestry 01T03 | C40: crude oil | D40: agriculture and forestry 1T3 | E40: 0
A41: =C41 -> crude oil | B41: {=IFERROR(INDEX(crosswalk!C:C,MATCH(D41,crosswalk!B:B,0)),"")} -> cement and other nonmetallic minerals 239 | C41: crude oil | D41: cement and other nonmetallic minerals 239 & glass and glass products 231 | E41: 0
A42: =C42 -> crude oil | B42: {=IFERROR(INDEX(crosswalk!C:C,MATCH(D42,crosswalk!B:B,0)),"")} -> chemicals 20 | C42: crude oil | D42: chemicals 2 | E42: 86482790144000
A43: =C43 -> crude oil | B43: {=IFERROR(INDEX(crosswalk!C:C,MATCH(D43,crosswalk!B:B,0)),"")} -> coal mining 05 | C43: crude oil | D43: coal mining 05 | E43: 0
A44: =C44 -> crude oil | B44: {=IFERROR(INDEX(crosswalk!C:C,MATCH(D44,crosswalk!B:B,0)),"")} -> construction 41T43 | C44: crude oil | D44: construction 41T43 | E44: 0
A45: =C45 -> crude oil | B45: {=IFERROR(INDEX(crosswalk!C:C,MATCH(D45,crosswalk!B:B,0)),"")} -> energy pipelines and gas processing 352T353 | C45: crude oil | D45: energy pipelines and gas processing 352T353 | E45: 0
A46: =C46 -> crude oil | B46: {=IFERROR(INDEX(crosswalk!C:C,MATCH(D46,crosswalk!B:B,0)),"")} -> food beverage and tobacco 10T12 | C46: crude oil | D46: food beverage and tobacco 1T12 | E46: 0
A47: =C47 -> crude oil | B47: {=IFERROR(INDEX(crosswalk!C:C,MATCH(D47,crosswalk!B:B,0)),"")} -> iron and steel 241 | C47: crude oil | D47: iron and steel 241 | E47: 0
A48: =C48 -> crude oil | B48: {=IFERROR(INDEX(crosswalk!C:C,MATCH(D48,crosswalk!B:B,0)),"")} -> metal products except machinery and vehicles 25 | C48: crude oil | D48: metal products except machinery and vehicles 25, computers and electronics 26, appliances and electrical equipment 27, and other machinery 28 | E48: 0
A49: =C49 -> crude oil | B49: {=IFERROR(INDEX(crosswalk!C:C,MATCH(D49,crosswalk!B:B,0)),"")} -> oil and gas extraction 06 | C49: crude oil | D49: oil and gas extraction 06 | E49: 0
A50: =C50 -> crude oil | B50: {=IFERROR(INDEX(crosswalk!C:C,MATCH(D50,crosswalk!B:B,0)),"")} -> other manufacturing 31T33 | C50: crude oil | D50: other manufacturing 31T33 and rubber and plastic products 22 | E50: 0
A51: =C51 -> crude oil | B51: {=IFERROR(INDEX(crosswalk!C:C,MATCH(D51,crosswalk!B:B,0)),"")} -> other metals 242 | C51: crude oil | D51: other metals 242 | E51: 0
... A57: =C57 -> crude oil | B57: {=IFERROR(INDEX(crosswalk!C:C,MATCH(D57,crosswalk!B:B,0)),"")} -> wood products 16 | C57: crude oil | D57: wood products 16 | E57: 0
A58: =C58 -> 0 | B58: {=IFERROR(INDEX(crosswalk!C:C,MATCH(D58,crosswalk!B:B,0)),"")}
A59: =C59 -> biomass | B59: {=IFERROR(INDEX(crosswalk!C:C,MATCH(D59,crosswalk!B:B,0)),"")} -> agriculture and forestry 01T03 | C59: biomass | D59: agriculture and forestry 1T3 | E59: 0
A60: =C60 -> biomass | B60: {=IFERROR(INDEX(crosswalk!C:C,MATCH(D60,crosswalk!B:B,0)),"")} -> cement and other nonmetallic minerals 239 | C60: biomass | D60: cement and other nonmetallic minerals 239 & glass and glass products 231 | E60: 0
A61: =C61 -> biomass | B61: {=IFERROR(INDEX(crosswalk!C:C,MATCH(D61,crosswalk!B:B,0)),"")} -> chemicals 20 | C61: biomass | D61: chemicals 2 | E61: 0
A62: =C62 -> biomass | B62: {=IFERROR(INDEX(crosswalk!C:C,MATCH(D62,crosswalk!B:B,0)),"")} -> coal mining 05 | C62: biomass | D62: coal mining 05 | E62: 0
A63: =C63 -> biomass | B63: {=IFERROR(INDEX(crosswalk!C:C,MATCH(D63,crosswalk!B:B,0)),"")} -> construction 41T43 | C63: biomass | D63: construction 41T43 | E63: 0
A64: =C64 -> biomass | B64: {=IFERROR(INDEX(crosswalk!C:C,MATCH(D64,crosswalk!B:B,0)),"")} -> energy pipelines and gas processing 352T353 | C64: biomass | D64: energy pipelines and gas processing 352T353 | E64: 0
A65: =C65 -> biomass | B65: {=IFERROR(INDEX(crosswalk!C:C,MATCH(D65,crosswalk!B:B,0)),"")} -> food beverage and tobacco 10T12 | C65: biomass | D65: food beverage and tobacco 1T12 | E65: 0
A66: =C66 -> biomass | B66: {=IFERROR(INDEX(crosswalk!C:C,MATCH(D66,crosswalk!B:B,0)),"")} -> iron and steel 241 | C66: biomass | D66: iron and steel 241 | E66: 0
A67: =C67 -> biomass | B67: {=IFERROR(INDEX(crosswalk!C:C,MATCH(D67,crosswalk!B:B,0)),"")} -> metal products except machinery and vehicles 25 | C67: biomass | D67: metal products except machinery and vehicles 25, computers and electronics 26, appliances and electrical equipment 27, and other machinery 28 | E67: 0
A68: =C68 -> biomass | B68: {=IFERROR(INDEX(crosswalk!C:C,MATCH(D68,crosswalk!B:B,0)),"")} -> oil and gas extraction 06 | C68: biomass | D68: oil and gas extraction 06 | E68: 0
A69: =C69 -> biomass | B69: {=IFERROR(INDEX(crosswalk!C:C,MATCH(D69,crosswalk!B:B,0)),"")} -> other manufacturing 31T33 | C69: biomass | D69: other manufacturing 31T33 and rubber and plastic products 22 | E69: 0
A70: =C70 -> biomass | B70: {=IFERROR(INDEX(crosswalk!C:C,MATCH(D70,crosswalk!B:B,0)),"")} -> other metals 242 | C70: biomass | D70: other metals 242 | E70: 0
... A76: =C76 -> biomass | B76: {=IFERROR(INDEX(crosswalk!C:C,MATCH(D76,crosswalk!B:B,0)),"")} -> wood products 16 | C76: biomass | D76: wood products 16 | E76: 0
A77: =C77 -> 0 | B77: {=IFERROR(INDEX(crosswalk!C:C,MATCH(D77,crosswalk!B:B,0)),"")}
A78: =C78 -> petroleum diesel | B78: {=IFERROR(INDEX(crosswalk!C:C,MATCH(D78,crosswalk!B:B,0)),"")} -> agriculture and forestry 01T03 | C78: petroleum diesel | D78: agriculture and forestry 1T3 | E78: 0
A79: =C79 -> petroleum diesel | B79: {=IFERROR(INDEX(crosswalk!C:C,MATCH(D79,crosswalk!B:B,0)),"")} -> cement and other nonmetallic minerals 239 | C79: petroleum diesel | D79: cement and other nonmetallic minerals 239 & glass and glass products 231 | E79: 0
A80: =C80 -> petroleum diesel | B80: {=IFERROR(INDEX(crosswalk!C:C,MATCH(D80,crosswalk!B:B,0)),"")} -> chemicals 20 | C80: petroleum diesel | D80: chemicals 2 | E80: 77951494912000
A81: =C81 -> petroleum diesel | B81: {=IFERROR(INDEX(crosswalk!C:C,MATCH(D81,crosswalk!B:B,0)),"")} -> coal mining 05 | C81: petroleum diesel | D81: coal mining 05 | E81: 0
A82: =C82 -> petroleum diesel | B82: {=IFERROR(INDEX(crosswalk!C:C,MATCH(D82,crosswalk!B:B,0)),"")} -> construction 41T43 | C82: petroleum diesel | D82: construction 41T43 | E82: 0
A83: =C83 -> petroleum diesel | B83: {=IFERROR(INDEX(crosswalk!C:C,MATCH(D83,crosswalk!B:B,0)),"")} -> energy pipelines and gas processing 352T353 | C83: petroleum diesel | D83: energy pipelines and gas processing 352T353 | E83: 0
A84: =C84 -> petroleum diesel | B84: {=IFERROR(INDEX(crosswalk!C:C,MATCH(D84,crosswalk!B:B,0)),"")} -> food beverage and tobacco 10T12 | C84: petroleum diesel | D84: food beverage and tobacco 1T12 | E84: 0
A85: =C85 -> petroleum diesel | B85: {=IFERROR(INDEX(crosswalk!C:C,MATCH(D85,crosswalk!B:B,0)),"")} -> iron and steel 241 | C85: petroleum diesel | D85: iron and steel 241 | E85: 0
A86: =C86 -> petroleum diesel | B86: {=IFERROR(INDEX(crosswalk!C:C,MATCH(D86,crosswalk!B:B,0)),"")} -> metal products except machinery and vehicles 25 | C86: petroleum diesel | D86: metal products except machinery and vehicles 25, computers and electronics 26, appliances and electrical equipment 27, and other machinery 28 | E86: 0
A87: =C87 -> petroleum diesel | B87: {=IFERROR(INDEX(crosswalk!C:C,MATCH(D87,crosswalk!B:B,0)),"")} -> oil and gas extraction 06 | C87: petroleum diesel | D87: oil and gas extraction 06 | E87: 0
A88: =C88 -> petroleum diesel | B88: {=IFERROR(INDEX(crosswalk!C:C,MATCH(D88,crosswalk!B:B,0)),"")} -> other manufacturing 31T33 | C88: petroleum diesel | D88: other manufacturing 31T33 and rubber and plastic products 22 | E88: 0
A89: =C89 -> petroleum diesel | B89: {=IFERROR(INDEX(crosswalk!C:C,MATCH(D89,crosswalk!B:B,0)),"")} -> other metals 242 | C89: petroleum diesel | D89: other metals 242 | E89: 0
... A95: =C95 -> petroleum diesel | B95: {=IFERROR(INDEX(crosswalk!C:C,MATCH(D95,crosswalk!B:B,0)),"")} -> wood products 16 | C95: petroleum diesel | D95: wood products 16 | E95: 0
A96: =C96 -> 0 | B96: {=IFERROR(INDEX(crosswalk!C:C,MATCH(D96,crosswalk!B:B,0)),"")}
A97: =C97 -> lpg | B97: {=IFERROR(INDEX(crosswalk!C:C,MATCH(D97,crosswalk!B:B,0)),"")} -> agriculture and forestry 01T03 | C97: lpg | D97: agriculture and forestry 1T3 | E97: 0
A98: =C98 -> lpg | B98: {=IFERROR(INDEX(crosswalk!C:C,MATCH(D98,crosswalk!B:B,0)),"")} -> cement and other nonmetallic minerals 239 | C98: lpg | D98: cement and other nonmetallic minerals 239 & glass and glass products 231 | E98: 0
A99: =C99 -> lpg | B99: {=IFERROR(INDEX(crosswalk!C:C,MATCH(D99,crosswalk!B:B,0)),"")} -> chemicals 20 | C99: lpg | D99: chemicals 2 | E99: 0
A100: =C100 -> lpg | B100: {=IFERROR(INDEX(crosswalk!C:C,MATCH(D100,crosswalk!B:B,0)),"")} -> coal mining 05 | C100: lpg | D100: coal mining 05 | E100: 0
A101: =C101 -> lpg | B101: {=IFERROR(INDEX(crosswalk!C:C,MATCH(D101,crosswalk!B:B,0)),"")} -> construction 41T43 | C101: lpg | D101: construction 41T43 | E101: 0
A102: =C102 -> lpg | B102: {=IFERROR(INDEX(crosswalk!C:C,MATCH(D102,crosswalk!B:B,0)),"")} -> energy pipelines and gas processing 352T353 | C102: lpg | D102: energy pipelines and gas processing 352T353 | E102: 0
A103: =C103 -> lpg | B103: {=IFERROR(INDEX(crosswalk!C:C,MATCH(D103,crosswalk!B:B,0)),"")} -> food beverage and tobacco 10T12 | C103: lpg | D103: food beverage and tobacco 1T12 | E103: 0
A104: =C104 -> lpg | B104: {=IFERROR(INDEX(crosswalk!C:C,MATCH(D104,crosswalk!B:B,0)),"")} -> iron and steel 241 | C104: lpg | D104: iron and steel 241 | E104: 0
A105: =C105 -> lpg | B105: {=IFERROR(INDEX(crosswalk!C:C,MATCH(D105,crosswalk!B:B,0)),"")} -> metal products except machinery and vehicles 25 | C105: lpg | D105: metal products except machinery and vehicles 25, computers and electronics 26, appliances and electrical equipment 27, and other machinery 28 | E105: 0
A106: =C106 -> lpg | B106: {=IFERROR(INDEX(crosswalk!C:C,MATCH(D106,crosswalk!B:B,0)),"")} -> oil and gas extraction 06 | C106: lpg | D106: oil and gas extraction 06 | E106: 0
A107: =C107 -> lpg | B107: {=IFERROR(INDEX(crosswalk!C:C,MATCH(D107,crosswalk!B:B,0)),"")} -> other manufacturing 31T33 | C107: lpg | D107: other manufacturing 31T33 and rubber and plastic products 22 | E107: 0
A108: =C108 -> lpg | B108: {=IFERROR(INDEX(crosswalk!C:C,MATCH(D108,crosswalk!B:B,0)),"")} -> other metals 242 | C108: lpg | D108: other metals 242 | E108: 0
... A114: =C114 -> lpg | B114: {=IFERROR(INDEX(crosswalk!C:C,MATCH(D114,crosswalk!B:B,0)),"")} -> wood products 16 | C114: lpg | D114: wood products 16 | E114: 0
A115: =C115 -> 0 | B115: {=IFERROR(INDEX(crosswalk!C:C,MATCH(D115,crosswalk!B:B,0)),"")}
A116: =C116 -> residual fuel oil | B116: {=IFERROR(INDEX(crosswalk!C:C,MATCH(D116,crosswalk!B:B,0)),"")} -> agriculture and forestry 01T03 | C116: residual fuel oil | D116: agriculture and forestry 1T3 | E116: 0
A117: =C117 -> residual fuel oil | B117: {=IFERROR(INDEX(crosswalk!C:C,MATCH(D117,crosswalk!B:B,0)),"")} -> cement and other nonmetallic minerals 239 | C117: residual fuel oil | D117: cement and other nonmetallic minerals 239 & glass and glass products 231 | E117: 0
A118: =C118 -> residual fuel oil | B118: {=IFERROR(INDEX(crosswalk!C:C,MATCH(D118,crosswalk!B:B,0)),"")} -> chemicals 20 | C118: residual fuel oil | D118: chemicals 2 | E118: 0
A119: =C119 -> residual fuel oil | B119: {=IFERROR(INDEX(crosswalk!C:C,MATCH(D119,crosswalk!B:B,0)),"")} -> coal mining 05 | C119: residual fuel oil | D119: coal mining 05 | E119: 0
A120: =C120 -> residual fuel oil | B120: {=IFERROR(INDEX(crosswalk!C:C,MATCH(D120,crosswalk!B:B,0)),"")} -> construction 41T43 | C120: residual fuel oil | D120: construction 41T43 | E120: 0
A121: =C121 -> residual fuel oil | B121: {=IFERROR(INDEX(crosswalk!C:C,MATCH(D121,crosswalk!B:B,0)),"")} -> energy pipelines and gas processing 352T353 | C121: residual fuel oil | D121: energy pipelines and gas processing 352T353 | E121: 0
A122: =C122 -> residual fuel oil | B122: {=IFERROR(INDEX(crosswalk!C:C,MATCH(D122,crosswalk!B:B,0)),"")} -> food beverage and tobacco 10T12 | C122: residual fuel oil | D122: food beverage and tobacco 1T12 | E122: 0
A123: =C123 -> residual fuel oil | B123: {=IFERROR(INDEX(crosswalk!C:C,MATCH(D123,crosswalk!B:B,0)),"")} -> iron and steel 241 | C123: residual fuel oil | D123: iron and steel 241 | E123: 0
A124: =C124 -> residual fuel oil | B124: {=IFERROR(INDEX(crosswalk!C:C,MATCH(D124,crosswalk!B:B,0)),"")} -> metal products except machinery and vehicles 25 | C124: residual fuel oil | D124: metal products except machinery and vehicles 25, computers and electronics 26, appliances and electrical equipment 27, and other machinery 28 | E124: 0
A125: =C125 -> residual fuel oil | B125: {=IFERROR(INDEX(crosswalk!C:C,MATCH(D125,crosswalk!B:B,0)),"")} -> oil and gas extraction 06 | C125: residual fuel oil | D125: oil and gas extraction 06 | E125: 0
A126: =C126 -> residual fuel oil | B126: {=IFERROR(INDEX(crosswalk!C:C,MATCH(D126,crosswalk!B:B,0)),"")} -> other manufacturing 31T33 | C126: residual fuel oil | D126: other manufacturing 31T33 and rubber and plastic products 22 | E126: 0
A127: =C127 -> residual fuel oil | B127: {=IFERROR(INDEX(crosswalk!C:C,MATCH(D127,crosswalk!B:B,0)),"")} -> other metals 242 | C127: residual fuel oil | D127: other metals 242 | E127: 0
... A133: =C133 -> residual fuel oil | B133: {=IFERROR(INDEX(crosswalk!C:C,MATCH(D133,crosswalk!B:B,0)),"")} -> wood products 16 | C133: residual fuel oil | D133: wood products 16 | E133: 0
A134: =C134 -> 0 | B134: {=IFERROR(INDEX(crosswalk!C:C,MATCH(D134,crosswalk!B:B,0)),"")}
A135: =C135 -> 0 | B135: {=IFERROR(INDEX(crosswalk!C:C,MATCH(D135,crosswalk!B:B,0)),"")}
...

Sheet China BFPIaE-production
A1: Fuel (BTU) | B1: 2017 | C1: 2018 | D1: 2019 | E1: 2020 | F1: 2021 | G1: 2022 | H1: 2023 | I1: 2024 | J1: 2025 | K1: 2026 | L1: 2027 | M1: 2028 | N1: 2029 | O1: 2030 | P1: 2031 | Q1: 2032 | R1: 2033 | S1: 2034 | T1: 2035 | U1: 2036 | V1: 2037 | W1: 2038 | X1: 2039 | Y1: 2040 | Z1: 2041 | AA1: 2042 | AB1: 2043 | AC1: 2044 | AD1: 2045 | AE1: 2046 | AF1: 2047 | AG1: 2048 | AH1: 2049 | AI1: 2050 | AJ1: 2051 | AK1: 2052 | AL1: 2053 | AM1: 2054 | AN1: 2055 | AO1: 2056 | AP1: 2057 | AQ1: 2058 | AR1: 2059 | AS1: 2060
A2: electricity (not used in this variable) | B2: 0 | C2: 0 | D2: 0 | E2: 0 | F2: 0 | G2: 0 | H2: 0 | I2: 0 | J2: 0 | K2: 0 | L2: 0 | M2: 0 | N2: 0 | O2: 0 | P2: 0 | Q2: 0 | R2: 0 | S2: 0 | T2: 0 | U2: 0 | V2: 0 | W2: 0 | X2: 0 | Y2: 0 | Z2: 0 | AA2: 0 | AB2: 0 | AC2: 0 | AD2: 0 | AE2: 0 | AF2: 0 | AG2: 0 | AH2: 0 | AI2: 0 | AJ2: {=TREND(AE2:AI2,AE$1:AI$1,AJ$1)} -> 0 | AK2: {=TREND(AF2:AJ2,AF$1:AJ$1,AK$1)} -> 0 | AL2: {=TREND(AG2:AK2,AG$1:AK$1,AL$1)} -> 0 | AM2: {=TREND(AH2:AL2,AH$1:AL$1,AM$1)} -> 0 | AN2: {=TREND(AI2:AM2,AI$1:AM$1,AN$1)} -> 0 | AO2: {=TREND(AJ2:AN2,AJ$1:AN$1,AO$1)} -> 0 | AP2: {=TREND(AK2:AO2,AK$1:AO$1,AP$1)} -> 0 | AQ2: {=TREND(AL2:AP2,AL$1:AP$1,AQ$1)} -> 0 | ... AS2: {=TREND(AN2:AR2,AN$1:AR$1,AS$1)} -> 0
A3: hard coal | B3: 6.9332359e+16 | C3: 6.9662954e+16 | D3: 6.9993549e+16 | E3: 7.0324145e+16 | F3: 7.065474e+16 | G3: 7.0985335e+16 | H3: 7.131593e+16 | I3: 7.1646526e+16 | J3: 7.1977121e+16 | K3: 7.1882458e+16 | L3: 7.1787919e+16 | M3: 7.1693505e+16 | N3: 7.1599215e+16 | O3: 7.1505049e+16 | P3: 7.1106307e+16 | Q3: 7.0709789e+16 | R3: 7.0315483e+16 | S3: 6.9923375e+16 | T3: 6.9533453e+16 | U3: 6.8755364e+16 | V3: 6.7985982e+16 | W3: 6.7225209e+16 | X3: 6.6472949e+16 | Y3: 6.5729107e+16 | Z3: 6.4993589e+16 | AA3: 6.4266301e+16 | AB3: 6.3547152e+16 | AC3: 6.283605e+16 | AD3: 6.2132906e+16 | AE3: 6.143763e+16 | AF3: 6.0750134e+16 | AG3: 6.0070331e+16 | AH3: 5.9398135e+16 | AI3: 5.8733462e+16 | AJ3: {=TREND(AE3:AI3,AE$1:AI$1,AJ$1)} -> 5.8049838e+16 | AK3: {=TREND(AF3:AJ3,AF$1:AJ$1,AK$1)} -> 5.7379142e+16 | AL3: {=TREND(AG3:AK3,AG$1:AK$1,AL$1)} -> 5.6706979e+16 | AM3: {=TREND(AH3:AL3,AH$1:AL$1,AM$1)} -> 5.6032521e+16 | AN3: {=TREND(AI3:AM3,AI$1:AM$1,AN$1)} -> 5.5356966e+16 | AO3: {=TREND(AJ3:AN3,AJ$1:AN$1,AO$1)} -> 5.468538e+16 | AP3: {=TREND(AK3:AO3,AK$1:AO$1,AP$1)} -> 5.4010937e+16 | AQ3: {=TREND(AL3:AP3,AL$1:AP$1,AQ$1)} -> 5.3336789e+16 | ... AS3: {=TREND(AN3:AR3,AN$1:AR$1,AS$1)} -> 5.1989874e+16
A4: natural gas | B4: 5.9027487e+15 | C4: 6.10117e+15 | D4: 6.2995913e+15 | E4: 6.4980126e+15 | F4: 6.6964339e+15 | G4: 6.8948552e+15 | H4: 7.0932765e+15 | I4: 7.2916978e+15 | J4: 7.4901192e+15 | K4: 7.7365303e+15 | L4: 7.991048e+15 | M4: 8.2539388e+15 | N4: 8.5254783e+15 | O4: 8.8059509e+15 | P4: 9.0425602e+15 | Q4: 9.2855271e+15 | R4: 9.5350223e+15 | S4: 9.7912213e+15 | T4: 1.0054304e+16 | U4: 1.0298563e+16 | V4: 1.0548755e+16 | W4: 1.0805026e+16 | X4: 1.1067523e+16 | Y4: 1.1336397e+16 | Z4: 1.1611802e+16 | AA4: 1.1893899e+16 | AB4: 1.2182848e+16 | AC4: 1.2478818e+16 | AD4: 1.2781977e+16 | AE4: 1.3092502e+16 | AF4: 1.341057e+16 | AG4: 1.3736366e+16 | AH4: 1.4070076e+16 | AI4: 1.4411894e+16 | AJ4: {=TREND(AE4:AI4,AE$1:AI$1,AJ$1)} -> 1.4733769e+16 | AK4: {=TREND(AF4:AJ4,AF$1:AJ$1,AK$1)} -> 1.5069112e+16 | AL4: {=TREND(AG4:AK4,AG$1:AK$1,AL$1)} -> 1.5402999e+16 | AM4: {=TREND(AH4:AL4,AH$1:AL$1,AM$1)} -> 1.5734489e+16 | AN4: {=TREND(AI4:AM4,AI$1:AM$1,AN$1)} -> 1.6064779e+16 | AO4: {=TREND(AJ4:AN4,AJ$1:AN$1,AO$1)} -> 1.6399249e+16 | AP4: {=TREND(AK4:AO4,AK$1:AO$1,AP$1)} -> 1.6730742e+16 | AQ4: {=TREND(AL4:AP4,AL$1:AP$1,AQ$1)} -> 1.7062525e+16 | ... AS4: {=TREND(AN4:AR4,AN$1:AR$1,AS$1)} -> 1.7727548e+16
A5: nuclear | B5: 1.0211464e+15 | C5: 1.2689735e+15 | D5: 1.4192524e+15 | E5: 1.5873282e+15 | F5: 1.6148422e+15 | G5: 1.6428331e+15 | H5: 1.6713092e+15 | I5: 1.7002789e+15 | J5: 1.7297508e+15 | K5: 1.7597335e+15 | L5: 1.7902359e+15 | M5: 1.821267e+15 | N5: 1.852836e+15 | O5: 1.8849522e+15 | P5: 2.8764377e+15 | Q5: 2.9262965e+15 | R5: 2.9770196e+15 | S5: 3.0286219e+15 | T5: 3.0811186e+15 | U5: 3.1345253e+15 | V5: 3.1888577e+15 | W5: 3.2441319e+15 | X5: 3.3003642e+15 | Y5: 3.3575711e+15 | Z5: 4.4767615e+15 | AA5: 4.4767615e+15 | AB5: 4.4767615e+15 | AC5: 4.4767615e+15 | AD5: 4.4767615e+15 | AE5: 4.4767615e+15 | AF5: 4.4767615e+15 | AG5: 4.4767615e+15 | AH5: 4.4767615e+15 | AI5: 4.4767615e+15 | AJ5: {=TREND(AE5:AI5,AE$1:AI$1,AJ$1)} -> 4.4767615e+15 | AK5: {=TREND(AF5:AJ5,AF$1:AJ$1,AK$1)} -> 4.4767615e+15 | AL5: {=TREND(AG5:AK5,AG$1:AK$1,AL$1)} -> 4.4767615e+15 | AM5: {=TREND(AH5:AL5,AH$1:AL$1,AM$1)} -> 4.4767615e+15 | AN5: {=TREND(AI5:AM5,AI$1:AM$1,AN$1)} -> 4.4767615e+15 | AO5: {=TREND(AJ5:AN5,AJ$1:AN$1,AO$1)} -> 4.4767615e+15 | AP5: {=TREND(AK5:AO5,AK$1:AO$1,AP$1)} -> 4.4767615e+15 | AQ5: {=TREND(AL5:AP5,AL$1:AP$1,AQ$1)} -> 4.4767615e+15 | ... AS5: {=TREND(AN5:AR5,AN$1:AR$1,AS$1)} -> 4.4767615e+15
A6: hydro (is not a fuel) | B6: 0 | C6: 0 | D6: 0 | E6: 0 | F6: 0 | G6: 0 | H6: 0 | I6: 0 | J6: 0 | K6: 0 | L6: 0 | M6: 0 | N6: 0 | O6: 0 | P6: 0 | Q6: 0 | R6: 0 | S6: 0 | T6: 0 | U6: 0 | V6: 0 | W6: 0 | X6: 0 | Y6: 0 | Z6: 0 | AA6: 0 | AB6: 0 | AC6: 0 | AD6: 0 | AE6: 0 | AF6: 0 | AG6: 0 | AH6: 0 | AI6: 0 | AJ6: {=TREND(AE6:AI6,AE$1:AI$1,AJ$1)} -> 0 | AK6: {=TREND(AF6:AJ6,AF$1:AJ$1,AK$1)} -> 0 | AL6: {=TREND(AG6:AK6,AG$1:AK$1,AL$1)} -> 0 | AM6: {=TREND(AH6:AL6,AH$1:AL$1,AM$1)} -> 0 | AN6: {=TREND(AI6:AM6,AI$1:AM$1,AN$1)} -> 0 | AO6: {=TREND(AJ6:AN6,AJ$1:AN$1,AO$1)} -> 0 | AP6: {=TREND(AK6:AO6,AK$1:AO$1,AP$1)} -> 0 | AQ6: {=TREND(AL6:AP6,AL$1:AP$1,AQ$1)} -> 0 | ... AS6: {=TREND(AN6:AR6,AN$1:AR$1,AS$1)} -> 0
A7: wind (is not a fuel) | B7: 0 | C7: 0 | D7: 0 | E7: 0 | F7: 0 | G7: 0 | H7: 0 | I7: 0 | J7: 0 | K7: 0 | L7: 0 | M7: 0 | N7: 0 | O7: 0 | P7: 0 | Q7: 0 | R7: 0 | S7: 0 | T7: 0 | U7: 0 | V7: 0 | W7: 0 | X7: 0 | Y7: 0 | Z7: 0 | AA7: 0 | AB7: 0 | AC7: 0 | AD7: 0 | AE7: 0 | AF7: 0 | AG7: 0 | AH7: 0 | AI7: 0 | AJ7: {=TREND(AE7:AI7,AE$1:AI$1,AJ$1)} -> 0 | AK7: {=TREND(AF7:AJ7,AF$1:AJ$1,AK$1)} -> 0 | AL7: {=TREND(AG7:AK7,AG$1:AK$1,AL$1)} -> 0 | AM7: {=TREND(AH7:AL7,AH$1:AL$1,AM$1)} -> 0 | AN7: {=TREND(AI7:AM7,AI$1:AM$1,AN$1)} -> 0 | AO7: {=TREND(AJ7:AN7,AJ$1:AN$1,AO$1)} -> 0 | AP7: {=TREND(AK7:AO7,AK$1:AO$1,AP$1)} -> 0 | AQ7: {=TREND(AL7:AP7,AL$1:AP$1,AQ$1)} -> 0 | ... AS7: {=TREND(AN7:AR7,AN$1:AR$1,AS$1)} -> 0
A8: solar (is not a fuel) | B8: 0 | C8: 0 | D8: 0 | E8: 0 | F8: 0 | G8: 0 | H8: 0 | I8: 0 | J8: 0 | K8: 0 | L8: 0 | M8: 0 | N8: 0 | O8: 0 | P8: 0 | Q8: 0 | R8: 0 | S8: 0 | T8: 0 | U8: 0 | V8: 0 | W8: 0 | X8: 0 | Y8: 0 | Z8: 0 | AA8: 0 | AB8: 0 | AC8: 0 | AD8: 0 | AE8: 0 | AF8: 0 | AG8: 0 | AH8: 0 | AI8: 0 | AJ8: {=TREND(AE8:AI8,AE$1:AI$1,AJ$1)} -> 0 | AK8: {=TREND(AF8:AJ8,AF$1:AJ$1,AK$1)} -> 0 | AL8: {=TREND(AG8:AK8,AG$1:AK$1,AL$1)} -> 0 | AM8: {=TREND(AH8:AL8,AH$1:AL$1,AM$1)} -> 0 | AN8: {=TREND(AI8:AM8,AI$1:AM$1,AN$1)} -> 0 | AO8: {=TREND(AJ8:AN8,AJ$1:AN$1,AO$1)} -> 0 | AP8: {=TREND(AK8:AO8,AK$1:AO$1,AP$1)} -> 0 | AQ8: {=TREND(AL8:AP8,AL$1:AP$1,AQ$1)} -> 0 | ... AS8: {=TREND(AN8:AR8,AN$1:AR$1,AS$1)} -> 0
A9: biomass | B9: 0 | C9: =$B$9 -> 0 | D9: =$B$9 -> 0 | E9: =$B$9 -> 0 | F9: =$B$9 -> 0 | G9: =$B$9 -> 0 | H9: =$B$9 -> 0 | I9: =$B$9 -> 0 | J9: =$B$9 -> 0 | ... AI9: =$B$9 -> 0 | AJ9: {=TREND(AE9:AI9,AE$1:AI$1,AJ$1)} -> 0 | AK9: {=TREND(AF9:AJ9,AF$1:AJ$1,AK$1)} -> 0 | AL9: {=TREND(AG9:AK9,AG$1:AK$1,AL$1)} -> 0 | AM9: {=TREND(AH9:AL9,AH$1:AL$1,AM$1)} -> 0 | AN9: {=TREND(AI9:AM9,AI$1:AM$1,AN$1)} -> 0 | AO9: {=TREND(AJ9:AN9,AJ$1:AN$1,AO$1)} -> 0 | AP9: {=TREND(AK9:AO9,AK$1:AO$1,AP$1)} -> 0 | AQ9: {=TREND(AL9:AP9,AL$1:AP$1,AQ$1)} -> 0 | ... AS9: {=TREND(AN9:AR9,AN$1:AR$1,AS$1)} -> 0
A10: petroleum gasoline | B10: 7.0098085e+16 | C10: 7.0330255e+16 | D10: 7.0563194e+16 | E10: 7.0796905e+16 | F10: 7.103139e+16 | G10: 7.1266651e+16 | H10: 7.1502692e+16 | I10: 7.1739514e+16 | J10: 7.1977121e+16 | K10: 7.1882458e+16 | L10: 7.1787919e+16 | M10: 7.1693505e+16 | N10: 7.1599215e+16 | O10: 7.1505049e+16 | P10: 7.1106307e+16 | Q10: 7.0709789e+16 | R10: 7.0315483e+16 | S10: 6.9923375e+16 | T10: 6.9533453e+16 | U10: 6.8755364e+16 | V10: 6.7985982e+16 | W10: 6.7225209e+16 | X10: 6.6472949e+16 | Y10: 6.5729107e+16 | Z10: 6.4993589e+16 | AA10: 6.4266301e+16 | AB10: 6.3547152e+16 | AC10: 6.283605e+16 | AD10: 6.2132906e+16 | AE10: 6.143763e+16 | AF10: 6.0750134e+16 | AG10: 6.0070331e+16 | AH10: 5.9398135e+16 | AI10: 5.8733462e+16 | AJ10: {=TREND(AE10:AI10,AE$1:AI$1,AJ$1)} -> 5.8049838e+16 | AK10: {=TREND(AF10:AJ10,AF$1:AJ$1,AK$1)} -> 5.7379142e+16 | AL10: {=TREND(AG10:AK10,AG$1:AK$1,AL$1)} -> 5.6706979e+16 | AM10: {=TREND(AH10:AL10,AH$1:AL$1,AM$1)} -> 5.6032521e+16 | AN10: {=TREND(AI10:AM10,AI$1:AM$1,AN$1)} -> 5.5356966e+16 | AO10: {=TREND(AJ10:AN10,AJ$1:AN$1,AO$1)} -> 5.468538e+16 | AP10: {=TREND(AK10:AO10,AK$1:AO$1,AP$1)} -> 5.4010937e+16 | AQ10: {=TREND(AL10:AP10,AL$1:AP$1,AQ$1)} -> 5.3336789e+16 | ... AS10: {=TREND(AN10:AR10,AN$1:AR$1,AS$1)} -> 5.1989874e+16
A11: petroleum diesel | B11: 8.3432892e+15 | C11: 8.2204151e+15 | D11: 8.0993506e+15 | E11: 7.9800691e+15 | F11: 7.8625442e+15 | G11: 7.7467502e+15 | H11: 7.6326615e+15 | I11: 7.520253e+15 | J11: 7.4095e+15 | K11: 7.3228153e+15 | L11: 7.2371448e+15 | M11: 7.1524765e+15 | N11: 7.0687988e+15 | O11: 6.9861e+15 | P11: 6.9432373e+15 | Q11: 6.9006375e+15 | R11: 6.8582991e+15 | S11: 6.8162205e+15 | T11: 6.7744e+15 | U11: 6.7315206e+15 | V11: 6.6889126e+15 | W11: 6.6465743e+15 | X11: 6.604504e+15 | Y11: 6.5627e+15 | Z11: 6.5211606e+15 | AA11: 6.4798841e+15 | AB11: 6.4388689e+15 | AC11: 6.3981133e+15 | AD11: 6.3576156e+15 | AE11: 6.3173743e+15 | AF11: 6.2773877e+15 | AG11: 6.2376542e+15 | AH11: 6.1981722e+15 | AI11: 6.1589401e+15 | AJ11: {=TREND(AE11:AI11,AE$1:AI$1,AJ$1)} -> 6.1190806e+15 | AK11: {=TREND(AF11:AJ11,AF$1:AJ$1,AK$1)} -> 6.0796485e+15 | AL11: {=TREND(AG11:AK11,AG$1:AK$1,AL$1)} -> 6.0401682e+15 | AM11: {=TREND(AH11:AL11,AH$1:AL$1,AM$1)} -> 6.000612e+15 | AN11: {=TREND(AI11:AM11,AI$1:AM$1,AN$1)} -> 5.9610192e+15 | AO11: {=TREND(AJ11:AN11,AJ$1:AN$1,AO$1)} -> 5.9215579e+15 | AP11: {=TREND(AK11:AO11,AK$1:AO$1,AP$1)} -> 5.8820022e+15 | AQ11: {=TREND(AL11:AP11,AL$1:AP$1,AQ$1)} -> 5.8424561e+15 | ... AS11: {=TREND(AN11:AR11,AN$1:AR$1,AS$1)} -> 5.7634096e+15
A12: biofuel gasoline | B12: 0 | C12: =$B$12 -> 0 | D12: =$B$12 -> 0 | E12: =$B$12 -> 0 | F12: =$B$12 -> 0 | G12: =$B$12 -> 0 | H12: =$B$12 -> 0 | I12: =$B$12 -> 0 | J12: =$B$12 -> 0 | ... AI12: =$B$12 -> 0 | AJ12: {=TREND(AE12:AI12,AE$1:AI$1,AJ$1)} -> 0 | AK12: {=TREND(AF12:AJ12,AF$1:AJ$1,AK$1)} -> 0 | AL12: {=TREND(AG12:AK12,AG$1:AK$1,AL$1)} -> 0 | AM12: {=TREND(AH12:AL12,AH$1:AL$1,AM$1)} -> 0 | AN12: {=TREND(AI12:AM12,AI$1:AM$1,AN$1)} -> 0 | AO12: {=TREND(AJ12:AN12,AJ$1:AN$1,AO$1)} -> 0 | AP12: {=TREND(AK12:AO12,AK$1:AO$1,AP$1)} -> 0 | AQ12: {=TREND(AL12:AP12,AL$1:AP$1,AQ$1)} -> 0 | ... AS12: {=TREND(AN12:AR12,AN$1:AR$1,AS$1)} -> 0
A13: biofuel diesel | B13: =$B$12 -> 0 | C13: =$B$12 -> 0 | D13: =$B$12 -> 0 | E13: =$B$12 -> 0 | F13: =$B$12 -> 0 | G13: =$B$12 -> 0 | H13: =$B$12 -> 0 | I13: =$B$12 -> 0 | ... AI13: =$B$12 -> 0 | AJ13: {=TREND(AE13:AI13,AE$1:AI$1,AJ$1)} -> 0 | AK13: {=TREND(AF13:AJ13,AF$1:AJ$1,AK$1)} -> 0 | AL13: {=TREND(AG13:AK13,AG$1:AK$1,AL$1)} -> 0 | AM13: {=TREND(AH13:AL13,AH$1:AL$1,AM$1)} -> 0 | AN13: {=TREND(AI13:AM13,AI$1:AM$1,AN$1)} -> 0 | AO13: {=TREND(AJ13:AN13,AJ$1:AN$1,AO$1)} -> 0 | AP13: {=TREND(AK13:AO13,AK$1:AO$1,AP$1)} -> 0 | AQ13: {=TREND(AL13:AP13,AL$1:AP$1,AQ$1)} -> 0 | ... AS13: {=TREND(AN13:AR13,AN$1:AR$1,AS$1)} -> 0
A14: jet fuel or kerosene | B14: 4.8769557e+15 | C14: 5.1456625e+15 | D14: 5.4291743e+15 | E14: 5.7283069e+15 | F14: 6.0439208e+15 | G14: 6.3769242e+15 | H14: 6.7282752e+15 | I14: 7.0989846e+15 | J14: 7.4901192e+15 | K14: 7.7365303e+15 | L14: 7.991048e+15 | M14: 8.2539388e+15 | N14: 8.5254783e+15 | O14: 8.8059509e+15 | P14: 9.0425602e+15 | Q14: 9.2855271e+15 | R14: 9.5350223e+15 | S14: 9.7912213e+15 | T14: 1.0054304e+16 | U14: 1.0298563e+16 | V14: 1.0548755e+16 | W14: 1.0805026e+16 | X14: 1.1067523e+16 | Y14: 1.1336397e+16 | Z14: 1.1611802e+16 | AA14: 1.1893899e+16 | AB14: 1.2182848e+16 | AC14: 1.2478818e+16 | AD14: 1.2781977e+16 | AE14: 1.3092502e+16 | AF14: 1.341057e+16 | AG14: 1.3736366e+16 | AH14: 1.4070076e+16 | AI14: 1.4411894e+16 | AJ14: {=TREND(AE14:AI14,AE$1:AI$1,AJ$1)} -> 1.4733769e+16 | AK14: {=TREND(AF14:AJ14,AF$1:AJ$1,AK$1)} -> 1.5069112e+16 | AL14: {=TREND(AG14:AK14,AG$1:AK$1,AL$1)} -> 1.5402999e+16 | AM14: {=TREND(AH14:AL14,AH$1:AL$1,AM$1)} -> 1.5734489e+16 | AN14: {=TREND(AI14:AM14,AI$1:AM$1,AN$1)} -> 1.6064779e+16 | AO14: {=TREND(AJ14:AN14,AJ$1:AN$1,AO$1)} -> 1.6399249e+16 | AP14: {=TREND(AK14:AO14,AK$1:AO$1,AP$1)} -> 1.6730742e+16 | AQ14: {=TREND(AL14:AP14,AL$1:AP$1,AQ$1)} -> 1.7062525e+16 | ... AS14: {=TREND(AN14:AR14,AN$1:AR$1,AS$1)} -> 1.7727548e+16
A15: heat (not used in this variable) | B15: 0 | C15: 0 | D15: 0 | E15: 0 | F15: 0 | G15: 0 | H15: 0 | I15: 0 | J15: 0 | K15: 0 | L15: 0 | M15: 0 | N15: 0 | O15: 0 | P15: 0 | Q15: 0 | R15: 0 | S15: 0 | T15: 0 | U15: 0 | V15: 0 | W15: 0 | X15: 0 | Y15: 0 | Z15: 0 | AA15: 0 | AB15: 0 | AC15: 0 | AD15: 0 | AE15: 0 | AF15: 0 | AG15: 0 | AH15: 0 | AI15: 0 | AJ15: {=TREND(AE15:AI15,AE$1:AI$1,AJ$1)} -> 0 | AK15: {=TREND(AF15:AJ15,AF$1:AJ$1,AK$1)} -> 0 | AL15: {=TREND(AG15:AK15,AG$1:AK$1,AL$1)} -> 0 | AM15: {=TREND(AH15:AL15,AH$1:AL$1,AM$1)} -> 0 | AN15: {=TREND(AI15:AM15,AI$1:AM$1,AN$1)} -> 0 | AO15: {=TREND(AJ15:AN15,AJ$1:AN$1,AO$1)} -> 0 | AP15: {=TREND(AK15:AO15,AK$1:AO$1,AP$1)} -> 0 | AQ15: {=TREND(AL15:AP15,AL$1:AP$1,AQ$1)} -> 0 | ... AS15: {=TREND(AN15:AR15,AN$1:AR$1,AS$1)} -> 0
A16: geothermal (is not a fuel) | B16: 0 | C16: 0 | D16: 0 | E16: 0 | F16: 0 | G16: 0 | H16: 0 | I16: 0 | J16: 0 | K16: 0 | L16: 0 | M16: 0 | N16: 0 | O16: 0 | P16: 0 | Q16: 0 | R16: 0 | S16: 0 | T16: 0 | U16: 0 | V16: 0 | W16: 0 | X16: 0 | Y16: 0 | Z16: 0 | AA16: 0 | AB16: 0 | AC16: 0 | AD16: 0 | AE16: 0 | AF16: 0 | AG16: 0 | AH16: 0 | AI16: 0 | AJ16: {=TREND(AE16:AI16,AE$1:AI$1,AJ$1)} -> 0 | AK16: {=TREND(AF16:AJ16,AF$1:AJ$1,AK$1)} -> 0 | AL16: {=TREND(AG16:AK16,AG$1:AK$1,AL$1)} -> 0 | AM16: {=TREND(AH16:AL16,AH$1:AL$1,AM$1)} -> 0 | AN16: {=TREND(AI16:AM16,AI$1:AM$1,AN$1)} -> 0 | AO16: {=TREND(AJ16:AN16,AJ$1:AN$1,AO$1)} -> 0 | AP16: {=TREND(AK16:AO16,AK$1:AO$1,AP$1)} -> 0 | AQ16: {=TREND(AL16:AP16,AL$1:AP$1,AQ$1)} -> 0 | ... AS16: {=TREND(AN16:AR16,AN$1:AR$1,AS$1)} -> 0
A17: lignite | B17: 0 | C17: 0 | D17: 0 | E17: 0 | F17: 0 | G17: 0 | H17: 0 | I17: 0 | J17: 0 | K17: 0 | L17: 0 | M17: 0 | N17: 0 | O17: 0 | P17: 0 | Q17: 0 | R17: 0 | S17: 0 | T17: 0 | U17: 0 | V17: 0 | W17: 0 | X17: 0 | Y17: 0 | Z17: 0 | AA17: 0 | AB17: 0 | AC17: 0 | AD17: 0 | AE17: 0 | AF17: 0 | AG17: 0 | AH17: 0 | AI17: 0 | AJ17: {=TREND(AE17:AI17,AE$1:AI$1,AJ$1)} -> 0 | AK17: {=TREND(AF17:AJ17,AF$1:AJ$1,AK$1)} -> 0 | AL17: {=TREND(AG17:AK17,AG$1:AK$1,AL$1)} -> 0 | AM17: {=TREND(AH17:AL17,AH$1:AL$1,AM$1)} -> 0 | AN17: {=TREND(AI17:AM17,AI$1:AM$1,AN$1)} -> 0 | AO17: {=TREND(AJ17:AN17,AJ$1:AN$1,AO$1)} -> 0 | AP17: {=TREND(AK17:AO17,AK$1:AO$1,AP$1)} -> 0 | AQ17: {=TREND(AL17:AP17,AL$1:AP$1,AQ$1)} -> 0 | ... AS17: {=TREND(AN17:AR17,AN$1:AR$1,AS$1)} -> 0
A18: crude oil | B18: 7.5971851e+15 | C18: 7.5737245e+15 | D18: 7.5502638e+15 | E18: 7.5268032e+15 | F18: 7.5033426e+15 | G18: 7.4798819e+15 | H18: 7.4564213e+15 | I18: 7.4329606e+15 | J18: 7.4095e+15 | K18: 7.3228153e+15 | L18: 7.2371448e+15 | M18: 7.1524765e+15 | N18: 7.0687988e+15 | O18: 6.9861e+15 | P18: 6.9432373e+15 | Q18: 6.9006375e+15 | R18: 6.8582991e+15 | S18: 6.8162205e+15 | T18: 6.7744e+15 | U18: 6.7315206e+15 | V18: 6.6889126e+15 | W18: 6.6465743e+15 | X18: 6.604504e+15 | Y18: 6.5627e+15 | Z18: 6.5211606e+15 | AA18: 6.4798841e+15 | AB18: 6.4388689e+15 | AC18: 6.3981133e+15 | AD18: 6.3576156e+15 | AE18: 6.3173743e+15 | AF18: 6.2773877e+15 | AG18: 6.2376542e+15 | AH18: 6.1981722e+15 | AI18: 6.1589401e+15 | AJ18: {=TREND(AE18:AI18,AE$1:AI$1,AJ$1)} -> 6.1190806e+15 | AK18: {=TREND(AF18:AJ18,AF$1:AJ$1,AK$1)} -> 6.0796485e+15 | AL18: {=TREND(AG18:AK18,AG$1:AK$1,AL$1)} -> 6.0401682e+15 | AM18: {=TREND(AH18:AL18,AH$1:AL$1,AM$1)} -> 6.000612e+15 | AN18: {=TREND(AI18:AM18,AI$1:AM$1,AN$1)} -> 5.9610192e+15 | AO18: {=TREND(AJ18:AN18,AJ$1:AN$1,AO$1)} -> 5.9215579e+15 | AP18: {=TREND(AK18:AO18,AK$1:AO$1,AP$1)} -> 5.8820022e+15 | AQ18: {=TREND(AL18:AP18,AL$1:AP$1,AQ$1)} -> 5.8424561e+15 | ... AS18: {=TREND(AN18:AR18,AN$1:AR$1,AS$1)} -> 5.7634096e+15
A19: heavy fuel oil | B19: 1.2423759e+16 | C19: =$B$19 -> 1.2423759e+16 | D19: =$B$19 -> 1.2423759e+16 | E19: =$B$19 -> 1.2423759e+16 | F19: =$B$19 -> 1.2423759e+16 | G19: =$B$19 -> 1.2423759e+16 | H19: =$B$19 -> 1.2423759e+16 | I19: =$B$19 -> 1.2423759e+16 | J19: =$B$19 -> 1.2423759e+16 | ... AI19: =$B$19 -> 1.2423759e+16 | AJ19: {=TREND(AE19:AI19,AE$1:AI$1,AJ$1)} -> 1.2423759e+16 | AK19: {=TREND(AF19:AJ19,AF$1:AJ$1,AK$1)} -> 1.2423759e+16 | AL19: {=TREND(AG19:AK19,AG$1:AK$1,AL$1)} -> 1.2423759e+16 | AM19: {=TREND(AH19:AL19,AH$1:AL$1,AM$1)} -> 1.2423759e+16 | AN19: {=TREND(AI19:AM19,AI$1:AM$1,AN$1)} -> 1.2423759e+16 | AO19: {=TREND(AJ19:AN19,AJ$1:AN$1,AO$1)} -> 1.2423759e+16 | AP19: {=TREND(AK19:AO19,AK$1:AO$1,AP$1)} -> 1.2423759e+16 | AQ19: {=TREND(AL19:AP19,AL$1:AP$1,AQ$1)} -> 1.2423759e+16 | ... AS19: {=TREND(AN19:AR19,AN$1:AR$1,AS$1)} -> 1.2423759e+16
A20: LPG propane or butane | B20: 1.7435125e+15 | C20: =$B$20 -> 1.7435125e+15 | D20: =$B$20 -> 1.7435125e+15 | E20: =$B$20 -> 1.7435125e+15 | F20: =$B$20 -> 1.7435125e+15 | G20: =$B$20 -> 1.7435125e+15 | H20: =$B$20 -> 1.7435125e+15 | I20: =$B$20 -> 1.7435125e+15 | J20: =$B$20 -> 1.7435125e+15 | ... AI20: =$B$20 -> 1.7435125e+15 | AJ20: {=TREND(AE20:AI20,AE$1:AI$1,AJ$1)} -> 1.7435125e+15 | AK20: {=TREND(AF20:AJ20,AF$1:AJ$1,AK$1)} -> 1.7435125e+15 | AL20: {=TREND(AG20:AK20,AG$1:AK$1,AL$1)} -> 1.7435125e+15 | AM20: {=TREND(AH20:AL20,AH$1:AL$1,AM$1)} -> 1.7435125e+15 | AN20: {=TREND(AI20:AM20,AI$1:AM$1,AN$1)} -> 1.7435125e+15 | AO20: {=TREND(AJ20:AN20,AJ$1:AN$1,AO$1)} -> 1.7435125e+15 | AP20: {=TREND(AK20:AO20,AK$1:AO$1,AP$1)} -> 1.7435125e+15 | AQ20: {=TREND(AL20:AP20,AL$1:AP$1,AQ$1)} -> 1.7435125e+15 | ... AS20: {=TREND(AN20:AR20,AN$1:AR$1,AS$1)} -> 1.7435125e+15
A21: municipal solid waste | B21: 0 | C21: =$B$21 -> 0 | D21: =$B$21 -> 0 | E21: =$B$21 -> 0 | F21: =$B$21 -> 0 | G21: =$B$21 -> 0 | H21: =$B$21 -> 0 | I21: =$B$21 -> 0 | J21: =$B$21 -> 0 | ... AI21: =$B$21 -> 0 | AJ21: {=TREND(AE21:AI21,AE$1:AI$1,AJ$1)} -> 0 | AK21: {=TREND(AF21:AJ21,AF$1:AJ$1,AK$1)} -> 0 | AL21: {=TREND(AG21:AK21,AG$1:AK$1,AL$1)} -> 0 | AM21: {=TREND(AH21:AL21,AH$1:AL$1,AM$1)} -> 0 | AN21: {=TREND(AI21:AM21,AI$1:AM$1,AN$1)} -> 0 | AO21: {=TREND(AJ21:AN21,AJ$1:AN$1,AO$1)} -> 0 | AP21: {=TREND(AK21:AO21,AK$1:AO$1,AP$1)} -> 0 | AQ21: {=TREND(AL21:AP21,AL$1:AP$1,AQ$1)} -> 0 | ... AS21: {=TREND(AN21:AR21,AN$1:AR$1,AS$1)} -> 0
A22: hydrogen | B22: 2.181951e+15 | C22: 2.39274e+15 | D22: 2.8485e+15 | E22: 2.9369773e+15 | F22: 3.0282028e+15 | G22: 3.1222619e+15 | H22: 3.2192425e+15 | I22: 3.3192354e+15 | J22: 3.4223343e+15 | K22: 3.5286354e+15 | L22: 3.6382384e+15 | M22: 3.7512458e+15 | N22: 3.8677633e+15 | O22: 3.9879e+15 | P22: 4.0968345e+15 | Q22: 4.2087447e+15 | R22: 4.3237118e+15 | S22: 4.4418194e+15 | T22: 4.5631533e+15 | U22: 4.6878016e+15 | V22: 4.8158548e+15 | W22: 4.9474059e+15 | X22: 5.0825505e+15 | Y22: 5.2213867e+15 | Z22: 5.3640155e+15 | AA22: 5.5105403e+15 | AB22: 5.6610676e+15 | AC22: 5.8157068e+15 | AD22: 5.9745701e+15 | AE22: 6.137773e+15 | AF22: 6.305434e+15 | AG22: 6.4776749e+15 | AH22: 6.6546207e+15 | AI22: 6.8364e+15 | AJ22: {=TREND(AE22:AI22,AE$1:AI$1,AJ$1)} -> 7.0063127e+15 | AK22: {=TREND(AF22:AJ22,AF$1:AJ$1,AK$1)} -> 7.1842332e+15 | AL22: {=TREND(AG22:AK22,AG$1:AK$1,AL$1)} -> 7.3612909e+15 | AM22: {=TREND(AH22:AL22,AH$1:AL$1,AM$1)} -> 7.5369236e+15 | AN22: {=TREND(AI22:AM22,AI$1:AM$1,AN$1)} -> 7.7118397e+15 | AO22: {=TREND(AJ22:AN22,AJ$1:AN$1,AO$1)} -> 7.8892433e+15 | AP22: {=TREND(AK22:AO22,AK$1:AO$1,AP$1)} -> 8.0648769e+15 | AQ22: {=TREND(AL22:AP22,AL$1:AP$1,AQ$1)} -> 8.2406824e+15 | ... AS22: {=TREND(AN22:AR22,AN$1:AR$1,AS$1)} -> 8.59316e+15

Sheet Indonesia BFPIaE-production
A1: Fuel (BTU) | B1: 2019 | C1: 2020 | D1: 2021 | E1: 2022 | F1: 2023 | G1: 2024 | H1: 2025 | I1: 2026 | J1: 2027 | K1: 2028 | L1: 2029 | M1: 2030 | N1: 2031 | O1: 2032 | P1: 2033 | Q1: 2034 | R1: 2035 | S1: 2036 | T1: 2037 | U1: 2038 | V1: 2039 | W1: 2040 | X1: 2041 | Y1: 2042 | Z1: 2043 | AA1: 2044 | AB1: 2045 | AC1: 2046 | AD1: 2047 | AE1: 2048 | AF1: 2049 | AG1: 2050
A2: electricity (not used in this variable) | B2: 0 | C2: 0 | D2: 0 | E2: 0 | F2: 0 | G2: 0 | H2: 0 | I2: 0 | J2: 0 | K2: 0 | L2: 0 | M2: 0 | N2: 0 | O2: 0 | P2: 0 | Q2: 0 | R2: 0 | S2: 0 | T2: 0 | U2: 0 | V2: 0 | W2: 0 | X2: 0 | Y2: 0 | Z2: 0 | AA2: 0 | AB2: 0 | AC2: 0 | AD2: 0 | AE2: 0 | AF2: 0 | AG2: 0
A3: hard coal | B3: 1.1273549e+16 | C3: 1.0047045e+16 | D3: 1.1171222e+16 | E3: 1.1659831e+16 | F3: 1.2148441e+16 | G3: 1.263705e+16 | H3: 1.312566e+16 | I3: 1.361427e+16 | J3: 1.4102879e+16 | K3: 1.4591489e+16 | L3: 1.5080098e+16 | M3: 1.5568708e+16 | N3: 1.6057317e+16 | O3: 1.6545927e+16 | P3: 1.7034537e+16 | Q3: 1.7523146e+16 | R3: 1.8011756e+16 | S3: 1.8500365e+16 | T3: 1.8988975e+16 | U3: 1.9477584e+16 | V3: 1.9966194e+16 | W3: 2.0454803e+16 | X3: 2.0943413e+16 | Y3: 2.1432023e+16 | Z3: 2.1920632e+16 | AA3: 2.2409242e+16 | AB3: 2.2897851e+16 | AC3: 2.3386461e+16 | AD3: 2.387507e+16 | AE3: 2.436368e+16 | AF3: 2.485229e+16 | AG3: 2.5340899e+16
A4: natural gas | B4: 1.6183561e+11 | C4: 1.5198573e+11 | D4: 1.5198573e+11 | E4: 1.5198573e+11 | F4: 1.5198573e+11 | G4: 1.5198573e+11 | H4: 1.5198573e+11 | I4: 1.5198573e+11 | J4: 1.5198573e+11 | K4: 1.5198573e+11 | L4: 1.5198573e+11 | M4: 1.5198573e+11 | N4: 1.5198573e+11 | O4: 1.5198573e+11 | P4: 1.5198573e+11 | Q4: 1.5198573e+11 | R4: 1.5198573e+11 | S4: 1.5198573e+11 | T4: 1.5198573e+11 | U4: 1.5198573e+11 | V4: 1.5198573e+11 | W4: 1.5198573e+11 | X4: 1.5198573e+11 | Y4: 1.5198573e+11 | Z4: 1.5198573e+11 | AA4: 1.5198573e+11 | AB4: 1.5198573e+11 | AC4: 1.5198573e+11 | AD4: 1.5198573e+11 | AE4: 1.5198573e+11 | AF4: 1.5198573e+11 | AG4: 1.5198573e+11
A5: nuclear | B5: 0 | C5: 0 | D5: 0 | E5: 0 | F5: 0 | G5: 0 | H5: 0 | I5: 0 | J5: 0 | K5: 0 | L5: 0 | M5: 0 | N5: 0 | O5: 0 | P5: 0 | Q5: 0 | R5: 0 | S5: 0 | T5: 0 | U5: 0 | V5: 0 | W5: 0 | X5: 0 | Y5: 0 | Z5: 0 | AA5: 0 | AB5: 0 | AC5: 0 | AD5: 0 | AE5: 0 | AF5: 0 | AG5: 0
A6: hydro (is not a fuel) | B6: 0 | C6: 0 | D6: 0 | E6: 0 | F6: 0 | G6: 0 | H6: 0 | I6: 0 | J6: 0 | K6: 0 | L6: 0 | M6: 0 | N6: 0 | O6: 0 | P6: 0 | Q6: 0 | R6: 0 | S6: 0 | T6: 0 | U6: 0 | V6: 0 | W6: 0 | X6: 0 | Y6: 0 | Z6: 0 | AA6: 0 | AB6: 0 | AC6: 0 | AD6: 0 | AE6: 0 | AF6: 0 | AG6: 0
A7: wind (is not a fuel) | B7: 0 | C7: 0 | D7: 0 | E7: 0 | F7: 0 | G7: 0 | H7: 0 | I7: 0 | J7: 0 | K7: 0 | L7: 0 | M7: 0 | N7: 0 | O7: 0 | P7: 0 | Q7: 0 | R7: 0 | S7: 0 | T7: 0 | U7: 0 | V7: 0 | W7: 0 | X7: 0 | Y7: 0 | Z7: 0 | AA7: 0 | AB7: 0 | AC7: 0 | AD7: 0 | AE7: 0 | AF7: 0 | AG7: 0
A8: solar (is not a fuel) | B8: 0 | C8: 0 | D8: 0 | E8: 0 | F8: 0 | G8: 0 | H8: 0 | I8: 0 | J8: 0 | K8: 0 | L8: 0 | M8: 0 | N8: 0 | O8: 0 | P8: 0 | Q8: 0 | R8: 0 | S8: 0 | T8: 0 | U8: 0 | V8: 0 | W8: 0 | X8: 0 | Y8: 0 | Z8: 0 | AA8: 0 | AB8: 0 | AC8: 0 | AD8: 0 | AE8: 0 | AF8: 0 | AG8: 0
A9: biomass | B9: 0 | C9: 0 | D9: 0 | E9: 0 | F9: 0 | G9: 0 | H9: 0 | I9: 0 | J9: 0 | K9: 0 | L9: 0 | M9: 0 | N9: 0 | O9: 0 | P9: 0 | Q9: 0 | R9: 0 | S9: 0 | T9: 0 | U9: 0 | V9: 0 | W9: 0 | X9: 0 | Y9: 0 | Z9: 0 | AA9: 0 | AB9: 0 | AC9: 0 | AD9: 0 | AE9: 0 | AF9: 0 | AG9: 0
A10: petroleum gasoline | B10: 0 | C10: 0 | D10: 2.5157914e+08 | E10: 2.5557361e+08 | F10: 2.5956808e+08 | G10: 2.6356255e+08 | H10: 2.6755701e+08 | I10: 2.7155148e+08 | J10: 2.7554595e+08 | K10: 2.7954042e+08 | L10: 2.8353488e+08 | M10: 2.8752935e+08 | N10: 2.9152382e+08 | O10: 2.9551829e+08 | P10: 2.9951275e+08 | Q10: 3.0350722e+08 | R10: 3.0750169e+08 | S10: 3.1149616e+08 | T10: 3.1549062e+08 | U10: 3.1948509e+08 | V10: 3.2347956e+08 | W10: 3.2747403e+08 | X10: 3.3146849e+08 | Y10: 3.3546296e+08 | Z10: 3.3945743e+08 | AA10: 3.434519e+08 | AB10: 3.4744636e+08 | AC10: 3.5144083e+08 | AD10: 3.554353e+08 | AE10: 3.5942977e+08 | AF10: 3.6342423e+08 | AG10: 3.674187e+08
A11: petroleum diesel | B11: 0 | C11: 4042600000 | D11: 1.731579e+09 | E11: 1.7287144e+09 | F11: 1.7258498e+09 | G11: 1.7229852e+09 | H11: 1.7201206e+09 | I11: 1.717256e+09 | J11: 1.7143914e+09 | K11: 1.7115268e+09 | L11: 1.7086622e+09 | M11: 1.7057976e+09 | N11: 1.702933e+09 | O11: 1.7000684e+09 | P11: 1.6972038e+09 | Q11: 1.6943392e+09 | R11: 1.6914746e+09 | S11: 1.68861e+09 | T11: 1.6857454e+09 | U11: 1.6828808e+09 | V11: 1.6800162e+09 | W11: 1.6771516e+09 | X11: 1.674287e+09 | Y11: 1.6714224e+09 | Z11: 1.6685578e+09 | AA11: 1.6656932e+09 | AB11: 1.6628286e+09 | AC11: 1.659964e+09 | AD11: 1.6570994e+09 | AE11: 1.6542348e+09 | AF11: 1.6513702e+09 | AG11: 1.6485056e+09
A12: biofuel gasoline | B12: 0 | C12: 1 | D12: 2 | E12: 3 | F12: 4 | G12: 5 | H12: 6 | I12: 7 | J12: 8 | K12: 9 | L12: 10 | M12: 11 | N12: 12 | O12: 13 | P12: 14 | Q12: 15 | R12: 16 | S12: 17 | T12: 18 | U12: 19 | V12: 20 | W12: 21 | X12: 22 | Y12: 23 | Z12: 24 | AA12: 25 | AB12: 26 | AC12: 27 | AD12: 28 | AE12: 29 | AF12: 30 | AG12: 31
... A22: hydrogen | B22: 0 | C22: 0 | D22: 0 | E22: 0 | F22: 0 | G22: 0 | H22: 0 | I22: 0 | J22: 0 | K22: 0 | L22: 0 | M22: 0 | N22: 0 | O22: 0 | P22: 0 | Q22: 0 | R22: 0 | S22: 0 | T22: 0 | U22: 0 | V22: 0 | W22: 0 | X22: 0 | Y22: 0 | Z22: 0 | AA22: 0 | AB22: 0 | AC22: 0 | AD22: 0 | AE22: 0 | AF22: 0 | AG22: 0

Sheet China BIFUbC
B1: BTU/yr | C1: 2020 | D1: 2021 | E1: 2022 | F1: 2023 | G1: 2024 | H1: 2025 | I1: 2026 | J1: 2027 | K1: 2028 | L1: 2029 | M1: 2030 | N1: 2031 | O1: 2032 | P1: 2033 | Q1: 2034 | R1: 2035 | S1: 2036 | T1: 2037 | U1: 2038 | V1: 2039 | W1: 2040 | X1: 2041 | Y1: 2042 | Z1: 2043 | AA1: 2044 | AB1: 2045 | AC1: 2046 | AD1: 2047 | AE1: 2048 | AF1: 2049 | AG1: 2050
A2: electricity | B2: agriculture and forestry 01T03 | C2: 449642493570200 | D2: 4.7662104e+14 | E2: 5.0521831e+14 | F2: 5.355314e+14 | G2: 5.6766329e+14 | H2: 6.0172309e+14 | I2: 6.3782647e+14 | J2: 6.7609606e+14 | K2: 716661822604110 | L2: 7.5966153e+14 | M2: 7.9954376e+14 | N2: 8.4151981e+14 | O2: 8.856996e+14 | P2: 9.3219883e+14 | Q2: 9.8113927e+14 | R2: 1.0326491e+15 | S2: 1.0868632e+15 | T2: 1.1439235e+15 | U2: 1.2039795e+15 | V2: 1.2671884e+15 | W2: 1.3204103e+15 | X2: 1.3758675e+15 | Y2: 1.433654e+15 | Z2: 1.4938674e+15 | AA2: 1.5566099e+15 | AB2: 1.6219875e+15 | AC2: 1.6901109e+15 | AD2: 1.7610956e+15 | AE2: 1.8350616e+15 | AF2: 1.9121342e+15 | AG2: 1.9733225e+15 | AH2: 2.0364688e+15 | AI2: 2.1103187e+15 | AJ2: 2.1759158e+15 | AK2: 2.2409999e+15 | AL2: 2.3098457e+15 | AM2: 2.3779402e+15 | AN2: 2.4437559e+15 | AO2: 2.5114777e+15 | AP2: 2.5792636e+15 | AQ2: 2.6461686e+15 | AR2: 2.7133106e+15
A3: electricity | B3: coal mining 05 | C3: 1.48422e+15 | D3: 3.5038592e+14 | E3: 3.7206459e+14 | F3: 3.9260107e+14 | G3: 4.1292319e+14 | H3: 4.3637532e+14 | I3: 4.5788083e+14 | J3: 4.819483e+14 | K3: 5.0423628e+14 | L3: 5.3000956e+14 | M3: 5.5436206e+14 | N3: 5.8436784e+14 | O3: 5.971666e+14 | P3: 6.1096719e+14 | Q3: 6.2313192e+14 | R3: 6.3684838e+14 | S3: 6.4984639e+14 | T3: 6.6140742e+14 | U3: 6.749041e+14 | V3: 6.8968927e+14 | W3: 7.0483569e+14 | X3: 7.1789864e+14 | Y3: 7.3213729e+14 | Z3: 7.4327996e+14 | AA3: 756211890068079 | AB3: 771740711950645 | AC3: 7.8833725e+14 | AD3: 8.0692015e+14 | AE3: 8.2325705e+14 | AF3: 8.4400239e+14 | AG3: 8.6576399e+14 | AH3: 8.8936918e+14 | AI3: 908084047310000 | AJ3: 930601562978608 | AK3: 952219752845336 | AL3: 973450880313456 | AM3: 994434818252584 | AN3: 1.0164235e+15 | AO3: 1.0375838e+15 | AP3: 1.0589327e+15 | AQ3: 1.0803989e+15 | AR3: 1.101886e+15
A4: electricity | B4: oil and gas extraction 06 | C4: 1.5186205e+14 | D4: 1.6134973e+14 | E4: 1.7133257e+14 | F4: 1.8078944e+14 | G4: 1.901476e+14 | H4: 2.0094711e+14 | I4: 2.1085022e+14 | J4: 2.2193308e+14 | K4: 2.3219651e+14 | L4: 2.4406488e+14 | M4: 2.55279e+14 | N4: 2.690964e+14 | O4: 2.7499012e+14 | P4: 2.8134518e+14 | Q4: 2.8694693e+14 | R4: 2.9326324e+14 | S4: 2.9924872e+14 | T4: 3.0457247e+14 | U4: 3.1078758e+14 | V4: 3.1759602e+14 | W4: 3.2457082e+14 | X4: 3.305862e+14 | Y4: 3.3714297e+14 | Z4: 3.4227408e+14 | AA4: 3.4822912e+14 | AB4: 3.5538001e+14 | AC4: 363022574738842 | AD4: 3.7157984e+14 | AE4: 3.7910285e+14 | AF4: 3.886559e+14 | AG4: 3.9867693e+14 | AH4: 4.0954692e+14 | AI4: 418164954404520 | AJ4: 428534078210580 | AK4: 438489070159516 | AL4: 448265823176992 | AM4: 457928747525828 | AN4: 468054334058200 | AO4: 477798467344688 | AP4: 487629480028508 | AQ4: 497514480483412 | AR4: 507409085453772
A5: electricity | B5: other mining and quarrying 07T08 | C5: 4.5611021e+14 | D5: 4.8460599e+14 | E5: 5.1458897e+14 | F5: 5.4299222e+14 | G5: 5.71099e+14 | H5: 6.0353479e+14 | I5: 6.3327828e+14 | J5: 6.6656513e+14 | K5: 6.9739082e+14 | L5: 7.3303689e+14 | M5: 7.6671796e+14 | N5: 808217851131625 | O5: 8.2591935e+14 | P5: 8.4500644e+14 | Q5: 8.6183104e+14 | R5: 880801767857354 | S5: 8.9877885e+14 | T5: 9.1476849e+14 | U5: 9.3343525e+14 | V5: 9.5388409e+14 | W5: 9.7483254e+14 | X5: 9.9289944e+14 | Y5: 1.0125924e+15 | Z5: 1.0280034e+15 | AA5: 1.0458891e+15 | AB5: 1.0673664e+15 | AC5: 1.0903205e+15 | AD5: 1.1160218e+15 | AE5: 1.1386168e+15 | AF5: 1.1673089e+15 | AG5: 1.1974066e+15 | AH5: 1.2300541e+15 | AI5: 1.2559379e+15 | AJ5: 1.2870811e+15 | AK5: 1.3169804e+15 | AL5: 1.3463444e+15 | AM5: 1.3753665e+15 | AN5: 1.4057782e+15 | AO5: 1.4350443e+15 | AP5: 1.4645712e+15 | AQ5: 1.4942603e+15 | AR5: 1.5239783e+15
A6: electricity | B6: food beverage and tobacco 10T12 | C6: 4.4861784e+14 | D6: 4.6524269e+14 | E6: 4.9131914e+14 | F6: 5.1587424e+14 | G6: 5.4012181e+14 | H6: 5.6839901e+14 | I6: 5.9404825e+14 | J6: 6.2290518e+14 | K6: 6.493207e+14 | L6: 6.8005336e+14 | M6: 7.087602e+14 | N6: 7.4444954e+14 | O6: 7.5245078e+14 | P6: 7.60641e+14 | Q6: 7.6563595e+14 | R6: 7.7128595e+14 | S6: 774708409784248 | T6: 7.7501318e+14 | U6: 7.7608633e+14 | V6: 7.7698656e+14 | W6: 7.7651451e+14 | X6: 7.719296e+14 | Y6: 7.6833688e+14 | Z6: 7.5973253e+14 | AA6: 7.5116617e+14 | AB6: 7.431975e+14 | AC6: 734092414109407 | AD6: 7.2449594e+14 | AE6: 7.1047076e+14 | AF6: 6.976771e+14 | AG6: 6.8286314e+14 | AH6: 6.6643327e+14 | AI6: 653268154730324 | AJ6: 638447773930804 | AK6: 623321798445676 | AL6: 608746372946516 | AM6: 594447427440716 | AN6: 579443448829756 | AO6: 564816457956572 | AP6: 550261019595356 | AQ6: 535562442497844 | AR6: 520820439528004
A7: electricity | B7: textiles apparel and leather 13T15 | C7: 759697535189126 | D7: 787850350761658 | E7: 8.3200869e+14 | F7: 873590734446982 | G7: 9.1465201e+14 | H7: 9.6253712e+14 | I7: 1.005972e+15 | J7: 1.0548388e+15 | K7: 1.0995714e+15 | L7: 1.1516146e+15 | M7: 1.2002273e+15 | N7: 1.2606643e+15 | O7: 1.2742137e+15 | P7: 1.2880832e+15 | Q7: 1.2965417e+15 | R7: 1.3061095e+15 | S7: 1.3119052e+15 | T7: 1.3124213e+15 | U7: 1.3142386e+15 | V7: 1.315763e+15 | W7: 1.3149637e+15 | X7: 1.3071995e+15 | Y7: 1.3011155e+15 | Z7: 1.2865448e+15 | AA7: 1.2720383e+15 | AB7: 1.258544e+15 | AC7: 1.2431253e+15 | AD7: 1.2268745e+15 | AE7: 1.203124e+15 | AF7: 1.181459e+15 | AG7: 1.1563727e+15 | AH7: 1.1285501e+15 | AI7: 1.1062561e+15 | AJ7: 1.081159e+15 | AK7: 1.0555444e+15 | AL7: 1.0308621e+15 | AM7: 1.006648e+15 | AN7: 981239972104784 | AO7: 956470362326008 | AP7: 931821920859664 | AQ7: 906931085679336 | AR7: 881966712344704
A8: electricity | B8: wood products 16 | C8: 9.5830853e+13 | D8: 9.9382146e+13 | E8: 1.0495243e+14 | F8: 1.1019773e+14 | G8: 1.1537734e+14 | H8: 1.2141773e+14 | I8: 1.2689676e+14 | J8: 1.3306099e+14 | K8: 1.387037e+14 | L8: 1.4526862e+14 | M8: 1.5140079e+14 | N8: 1.5902451e+14 | O8: 1.6073369e+14 | P8: 1.6248323e+14 | Q8: 1.6355022e+14 | R8: 1.6475714e+14 | S8: 1.6548822e+14 | T8: 1.6555332e+14 | U8: 1.6578256e+14 | V8: 1.6597486e+14 | W8: 1.6587403e+14 | X8: 1.6489463e+14 | Y8: 1.6412717e+14 | Z8: 1.6228917e+14 | AA8: 1.6045928e+14 | AB8: 1.5875706e+14 | AC8: 1.5681209e+14 | AD8: 1.5476216e+14 | AE8: 1.5176619e+14 | AF8: 1.4903329e+14 | AG8: 1.4586882e+14 | AH8: 1.4235918e+14 | AI8: 139546934126198 | AJ8: 136381099869347 | AK8: 133149986444739 | AL8: 130036477960871 | AM8: 126982029351792 | AN8: 123776976113403 | AO8: 120652452566580 | AP8: 117543213606341 | AQ8: 114403398271516 | AR8: 111254306581642
A9: electricity | B9: pulp paper and printing 17T18 | C9: 2.5861183e+14 | D9: 2.6819545e+14 | E9: 2.8322757e+14 | F9: 2.9738269e+14 | G9: 3.1136053e+14 | H9: 3.276613e+14 | I9: 3.4244716e+14 | J9: 3.5908213e+14 | K9: 3.7430971e+14 | L9: 3.9202597e+14 | M9: 4.0857442e+14 | N9: 4.2914802e+14 | O9: 4.3376044e+14 | P9: 4.384818e+14 | Q9: 4.4136121e+14 | R9: 4.4461823e+14 | S9: 4.4659115e+14 | T9: 4.4676684e+14 | U9: 4.4738548e+14 | V9: 4.4790442e+14 | W9: 4.476323e+14 | X9: 4.4498927e+14 | Y9: 4.429182e+14 | Z9: 437958105882138 | AA9: 433019908113792 | AB9: 4.2842626e+14 | AC9: 4.2317751e+14 | AD9: 4.176455e+14 | AE9: 4.0956049e+14 | AF9: 4.0218541e+14 | AG9: 3.936457e+14 | AH9: 3.8417448e+14 | AI9: 376585273761336 | AJ9: 368041864565250 | AK9: 359322291174558 | AL9: 350920089778322 | AM9: 342677269018104 | AN9: 334028022377496 | AO9: 325596095423158 | AP9: 317205415883240 | AQ9: 308732222080532 | AR9: 300233994845686
A10: electricity | B10: refined petroleum and coke 19 | C10: 2.9749675e+14 | D10: 2.601339e+14 | E10: 2.8186446e+14 | F10: 2.9550009e+14 | G10: 3.0751975e+14 | H10: 3.2482349e+14 | I10: 3.3821802e+14 | J10: 3.535405e+14 | K10: 3.6769566e+14 | L10: 3.8472332e+14 | M10: 3.9766981e+14 | N10: 4.1354034e+14 | O10: 4.1157669e+14 | P10: 4.1148386e+14 | Q10: 4.0907637e+14 | R10: 4.0848672e+14 | S10: 4.0632433e+14 | T10: 4.0384722e+14 | U10: 4.0203811e+14 | V10: 4.0130323e+14 | W10: 4.025602e+14 | X10: 4.0353713e+14 | Y10: 4.0580534e+14 | Z10: 4.0823404e+14 | AA10: 412552434676746 | AB10: 4.2075795e+14 | AC10: 4.2962491e+14 | AD10: 4.4027106e+14 | AE10: 4.5037988e+14 | AF10: 463067574298048 | AG10: 4.7690112e+14 | AH10: 4.9513573e+14 | AI10: 0 | AJ10: 0 | AK10: 0 | AL10: 0 | AM10: 0 | AN10: 0 | AO10: 0 | AP10: 0 | AQ10: 0 | AR10: 0
A11: electricity | B11: chemicals 20 | C11: 2.2987292e+15 | D11: 2.4885465e+15 | E11: 2.6374195e+15 | F11: 2.7818779e+15 | G11: 2.9251111e+15 | H11: 3.078398e+15 | I11: 3.2203396e+15 | J11: 3.3711128e+15 | K11: 3.4973392e+15 | L11: 3.6327099e+15 | M11: 3.740447e+15 | N11: 3.8652263e+15 | O11: 3.8929777e+15 | P11: 3.9267988e+15 | Q11: 3.9514015e+15 | R11: 3.9890328e+15 | S11: 4.0273256e+15 | T11: 4.0641769e+15 | U11: 4.1063874e+15 | V11: 4.184149e+15 | W11: 4.2785737e+15 | X11: 4.377411e+15 | Y11: 4.3865235e+15 | Z11: 4.3697873e+15 | AA11: 4.3545458e+15 | AB11: 4.3426317e+15 | AC11: 4.3223438e+15 | AD11: 4.2956865e+15 | AE11: 4.2373929e+15 | AF11: 4.1562769e+15 | AG11: 4.0764532e+15 | AH11: 3.9768138e+15 | AI11: 3.9089191e+15 | AJ11: 3.820248e+15 | AK11: 3.7358646e+15 | AL11: 3.6523368e+15 | AM11: 3.5722339e+15 | AN11: 3.485536e+15 | AO11: 3.4033275e+15 | AP11: 3.3202973e+15 | AQ11: 3.2368507e+15 | AR11: 3.1528475e+15
A12: electricity | B12: rubber and plastic products 22 | C12: 5.079911e+14 | D12: 5.5453951e+14 | E12: 5.8897177e+14 | F12: 6.2230193e+14 | G12: 655068984368677 | H12: 6.916877e+14 | I12: 7.2324753e+14 | J12: 756041180773824 | K12: 7.8242919e+14 | L12: 809800508753601 | M12: 8.2977984e+14 | N12: 852100221319868 | O12: 8.57659e+14 | P12: 8.6433955e+14 | Q12: 868851591565769 | R12: 8.761724e+14 | S12: 8.8367166e+14 | T12: 8.9098696e+14 | U12: 9.032702e+14 | V12: 9.2023782e+14 | W12: 9.4130509e+14 | X12: 9.6388356e+14 | Y12: 9.6250073e+14 | Z12: 9.5487663e+14 | AA12: 9.4691791e+14 | AB12: 9.3888018e+14 | AC12: 9.2807015e+14 | AD12: 9.1475246e+14 | AE12: 8.9339366e+14 | AF12: 8.7056474e+14 | AG12: 8.4162928e+14 | AH12: 8.0661987e+14 | AI12: 784983129553032 | AJ12: 755208356091352 | AK12: 725593400096048 | AL12: 697761826813672 | AM12: 670901572893680 | AN12: 641206764310648 | AO12: 613325880811944 | AP12: 585430858663832 | AQ12: 557054092184328 | AR12: 528542573653232
A13: electricity | B13: glass and glass products 231 | C13: 1.9527126e+13 | D13: 1.9764394e+13 | E13: 1.9758149e+13 | F13: 1.9657285e+13 | G13: 1.9522734e+13 | H13: 1.9511469e+13 | I13: 1.9391232e+13 | J13: 1.936191e+13 | K13: 1.9246701e+13 | L13: 1.925168e+13 | M13: 1.9192798e+13 | N13: 1.9315089e+13 | O13: 1.8557511e+13 | P13: 1.7863708e+13 | Q13: 1.7154101e+13 | R13: 1.6517757e+13 | S13: 1.5890313e+13 | T13: 1.5256751e+13 | U13: 1.4694452e+13 | V13: 1.4181088e+13 | W13: 1.3692749e+13 | X13: 1.3182119e+13 | Y13: 1.2888452e+13 | Z13: 1.2554945e+13 | AA13: 1.2265909e+13 | AB13: 1.2029032e+13 | AC13: 1.1815479e+13 | AD13: 1.1635736e+13 | AE13: 1.1427044e+13 | AF13: 1.1281241e+13 | AG13: 1.1147529e+13 | AH13: 1.1034548e+13 | AI13: 1.0860653e+13 | AJ13: 1.073636e+13 | AK13: 1.0599075e+13 | AL13: 1.0457104e+13 | AM13: 10312608454441 | AN13: 1.0180557e+13 | AO13: 1.0037719e+13 | AP13: 9.8976348e+12 | AQ13: 9.7589761e+12 | AR13: 9620442992578
... A251: hydrogen | B251: construction 41T43 | C251: 0 | D251: 0 | E251: 0 | F251: 0 | G251: 0 | H251: 0 | I251: 0 | J251: 0 | K251: 0 | L251: 0 | M251: 0 | N251: 0 | O251: 0 | P251: 0 | Q251: 0 | R251: 0 | S251: 0 | T251: 0 | U251: 0 | V251: 0 | W251: 0 | X251: 0 | Y251: 0 | Z251: 0 | AA251: 0 | AB251: 0 | AC251: 0 | AD251: 0 | AE251: 0 | AF251: 0 | AG251: 0 | AH251: 0 | AI251: 0 | AJ251: 0 | AK251: 0 | AL251: 0 | AM251: 0 | AN251: 0 | AO251: 0 | AP251: 0 | AQ251: 0 | AR251: 0

Sheet Population comparison
B1: 2020
A2: Indonesia population | B2: 271857970
A3: China population | B3: 1410000000

Sheet non energy percent
D1: output energy | E1: output nonenergy
D2: 2020 | E2: 2020 | G2: percent nonenergy
A3: ISIC 01T03 | B3: hard coal | C3: agriculture and forestry 01T03 | D3: =SUMIFS('BIFUBC Output_energy'!G:G,'BIFUBC Output_energy'!A:A,B3,'BIFUBC Output_energy'!B:B,C3) -> 0 | E3: =SUMIFS('BIFUBC Output_nonenergy'!E:E,'BIFUBC Output_nonenergy'!A:A,B3,'BIFUBC Output_nonenergy'!B:B,C3) -> 0 | F3: =SUM(D3:E3)=calcs!D30 -> TRUE | G3: =IFERROR(E3/SUM(D3:E3),0) -> 0
A4: ISIC 05 | B4: hard coal | C4: coal mining 05 | D4: =SUMIFS('BIFUBC Output_energy'!G:G,'BIFUBC Output_energy'!A:A,B4,'BIFUBC Output_energy'!B:B,C4) -> 0 | E4: =SUMIFS('BIFUBC Output_nonenergy'!E:E,'BIFUBC Output_nonenergy'!A:A,B4,'BIFUBC Output_nonenergy'!B:B,C4) -> 0 | F4: =SUM(D4:E4)=calcs!D31 -> FALSE | G4: =IFERROR(E4/SUM(D4:E4),0) -> 0
A5: ISIC 06 | B5: hard coal | C5: oil and gas extraction 06 | D5: =SUMIFS('BIFUBC Output_energy'!G:G,'BIFUBC Output_energy'!A:A,B5,'BIFUBC Output_energy'!B:B,C5) -> 0 | E5: =SUMIFS('BIFUBC Output_nonenergy'!E:E,'BIFUBC Output_nonenergy'!A:A,B5,'BIFUBC Output_nonenergy'!B:B,C5) -> 0 | F5: =SUM(D5:E5)=calcs!D32 -> FALSE | G5: =IFERROR(E5/SUM(D5:E5),0) -> 0
A6: ISIC 07T08 | B6: hard coal | C6: other mining and quarrying 07T08 | D6: =SUMIFS('BIFUBC Output_energy'!G:G,'BIFUBC Output_energy'!A:A,B6,'BIFUBC Output_energy'!B:B,C6) -> 0 | E6: =SUMIFS('BIFUBC Output_nonenergy'!E:E,'BIFUBC Output_nonenergy'!A:A,B6,'BIFUBC Output_nonenergy'!B:B,C6) -> 0 | F6: =SUM(D6:E6)=calcs!D33 -> TRUE | G6: =IFERROR(E6/SUM(D6:E6),0) -> 0
A7: ISIC 10T12 | B7: hard coal | C7: food beverage and tobacco 10T12 | D7: =SUMIFS('BIFUBC Output_energy'!G:G,'BIFUBC Output_energy'!A:A,B7,'BIFUBC Output_energy'!B:B,C7) -> 0 | E7: =SUMIFS('BIFUBC Output_nonenergy'!E:E,'BIFUBC Output_nonenergy'!A:A,B7,'BIFUBC Output_nonenergy'!B:B,C7) -> 0 | F7: =SUM(D7:E7)=calcs!D34 -> FALSE | G7: =IFERROR(E7/SUM(D7:E7),0) -> 0
A8: ISIC 13T15 | B8: hard coal | C8: textiles apparel and leather 13T15 | D8: =SUMIFS('BIFUBC Output_energy'!G:G,'BIFUBC Output_energy'!A:A,B8,'BIFUBC Output_energy'!B:B,C8) -> 0 | E8: =SUMIFS('BIFUBC Output_nonenergy'!E:E,'BIFUBC Output_nonenergy'!A:A,B8,'BIFUBC Output_nonenergy'!B:B,C8) -> 0 | F8: =SUM(D8:E8)=calcs!D35 -> FALSE | G8: =IFERROR(E8/SUM(D8:E8),0) -> 0
A9: ISIC 16 | B9: hard coal | C9: wood products 16 | D9: =SUMIFS('BIFUBC Output_energy'!G:G,'BIFUBC Output_energy'!A:A,B9,'BIFUBC Output_energy'!B:B,C9) -> 0 | E9: =SUMIFS('BIFUBC Output_nonenergy'!E:E,'BIFUBC Output_nonenergy'!A:A,B9,'BIFUBC Output_nonenergy'!B:B,C9) -> 0 | F9: =SUM(D9:E9)=calcs!D36 -> FALSE | G9: =IFERROR(E9/SUM(D9:E9),0) -> 0
A10: ISIC 17T18 | B10: hard coal | C10: pulp paper and printing 17T18 | D10: =SUMIFS('BIFUBC Output_energy'!G:G,'BIFUBC Output_energy'!A:A,B10,'BIFUBC Output_energy'!B:B,C10) -> 35604022784000 | E10: =SUMIFS('BIFUBC Output_nonenergy'!E:E,'BIFUBC Output_nonenergy'!A:A,B10,'BIFUBC Output_nonenergy'!B:B,C10) -> 0 | F10: =SUM(D10:E10)=calcs!D37 -> FALSE | G10: =IFERROR(E10/SUM(D10:E10),0) -> 0
A11: ISIC 19 | B11: hard coal | C11: refined petroleum and coke 19 | D11: =SUMIFS('BIFUBC Output_energy'!G:G,'BIFUBC Output_energy'!A:A,B11,'BIFUBC Output_energy'!B:B,C11) -> 0 | E11: =SUMIFS('BIFUBC Output_nonenergy'!E:E,'BIFUBC Output_nonenergy'!A:A,B11,'BIFUBC Output_nonenergy'!B:B,C11) -> 0 | F11: =SUM(D11:E11)=calcs!D38 -> FALSE | G11: =IFERROR(E11/SUM(D11:E11),0) -> 0
A12: ISIC 20 | B12: hard coal | C12: chemicals 20 | D12: =SUMIFS('BIFUBC Output_energy'!G:G,'BIFUBC Output_energy'!A:A,B12,'BIFUBC Output_energy'!B:B,C12) -> 0 | E12: =SUMIFS('BIFUBC Output_nonenergy'!E:E,'BIFUBC Output_nonenergy'!A:A,B12,'BIFUBC Output_nonenergy'!B:B,C12) -> 0 | F12: =SUM(D12:E12)=calcs!D39 -> FALSE | G12: =IFERROR(E12/SUM(D12:E12),0) -> 0
A13: ISIC 22 | B13: hard coal | C13: rubber and plastic products 22 | D13: =SUMIFS('BIFUBC Output_energy'!G:G,'BIFUBC Output_energy'!A:A,B13,'BIFUBC Output_energy'!B:B,C13) -> 0 | E13: =SUMIFS('BIFUBC Output_nonenergy'!E:E,'BIFUBC Output_nonenergy'!A:A,B13,'BIFUBC Output_nonenergy'!B:B,C13) -> 0 | F13: =SUM(D13:E13)=calcs!D40 -> FALSE | G13: =IFERROR(E13/SUM(D13:E13),0) -> 0
A14: ISIC 231 | B14: hard coal | C14: glass and glass products 231 | D14: =SUMIFS('BIFUBC Output_energy'!G:G,'BIFUBC Output_energy'!A:A,B14,'BIFUBC Output_energy'!B:B,C14) -> 0 | E14: =SUMIFS('BIFUBC Output_nonenergy'!E:E,'BIFUBC Output_nonenergy'!A:A,B14,'BIFUBC Output_nonenergy'!B:B,C14) -> 0 | F14: =SUM(D14:E14)=calcs!D41 -> TRUE | G14: =IFERROR(E14/SUM(D14:E14),0) -> 0
... A177: ISIC 41T43 | B177: residual fuel oil | C177: construction 41T43 | D177: =SUMIFS('BIFUBC Output_energy'!G:G,'BIFUBC Output_energy'!A:A,B177,'BIFUBC Output_energy'!B:B,C177) -> 0 | E177: =SUMIFS('BIFUBC Output_nonenergy'!E:E,'BIFUBC Output_nonenergy'!A:A,B177,'BIFUBC Output_nonenergy'!B:B,C177) -> 0 | F177: =SUM(D177:E177)=calcs!D204 -> TRUE | G177: =IFERROR(E177/SUM(D177:E177),0) -> 0

Sheet Adjusted Elec
C1: 2018 | D1: 2019 | E1: 2020 | G1: splits | I1: ASSIGNED EPS ISIC CODE | J1: 2018 | K1: 2019 | L1: 2020
A2: electricity | B2: agriculture and forestry 1T3 | C2: 8383400000000 | D2: 7732300000000 | E2: 7738900000000 | G2: =SUMIFS('Electricity consumption'!H:H,'Electricity consumption'!A:A,'Adjusted Elec'!B2) -> 0 | I2: {=IFERROR(INDEX(crosswalk!C:C,MATCH(B2,crosswalk!B:B,0)),"")} -> agriculture and forestry 01T03 | J2: =C2 -> 8383400000000 | K2: =D2 -> 7732300000000 | L2: =E2 -> 7738900000000
A3: electricity | B3: cement and other nonmetallic minerals 239 & glass and glass products 231 | C3: 0 | D3: 0 | E3: 0 | G3: =SUMIFS('Electricity consumption'!H:H,'Electricity consumption'!A:A,'Adjusted Elec'!B3) -> 0.15349797 | I3: {=IFERROR(INDEX(crosswalk!C:C,MATCH(B3,crosswalk!B:B,0)),"")} -> cement and other nonmetallic minerals 239 | J3: =$G3*C$13 -> 5.1030144e+13 | K3: =$G3*D$13 -> 5.1034594e+13 | L3: =$G3*E$13 -> 4.8223072e+13
A4: electricity | B4: chemicals 2 | C4: 0 | D4: 0 | E4: 0 | G4: =SUMIFS('Electricity consumption'!H:H,'Electricity consumption'!A:A,'Adjusted Elec'!B4) -> 0.10094691 | I4: {=IFERROR(INDEX(crosswalk!C:C,MATCH(B4,crosswalk!B:B,0)),"")} -> chemicals 20 | J4: =$G4*C$13 -> 3.3559632e+13 | K4: =$G4*D$13 -> 3.3562558e+13 | L4: =$G4*E$13 -> 3.171358e+13
A5: electricity | B5: coal mining 05 | C5: 0 | D5: 0 | E5: 0 | G5: =SUMIFS('Electricity consumption'!H:H,'Electricity consumption'!A:A,'Adjusted Elec'!B5) -> 0 | I5: {=IFERROR(INDEX(crosswalk!C:C,MATCH(B5,crosswalk!B:B,0)),"")} -> coal mining 05 | J5: =$G5*C$13 -> 0 | K5: =$G5*D$13 -> 0 | L5: =$G5*E$13 -> 0
A6: electricity | B6: construction 41T43 | C6: 0 | D6: 0 | E6: 0 | G6: =SUMIFS('Electricity consumption'!H:H,'Electricity consumption'!A:A,'Adjusted Elec'!B6) -> 0 | I6: {=IFERROR(INDEX(crosswalk!C:C,MATCH(B6,crosswalk!B:B,0)),"")} -> construction 41T43 | J6: =$G6*C$13 -> 0 | K6: =$G6*D$13 -> 0 | L6: =$G6*E$13 -> 0
A7: electricity | B7: energy pipelines and gas processing 352T353 | C7: 0 | D7: 0 | E7: 0 | G7: =SUMIFS('Electricity consumption'!H:H,'Electricity consumption'!A:A,'Adjusted Elec'!B7) -> 0 | I7: {=IFERROR(INDEX(crosswalk!C:C,MATCH(B7,crosswalk!B:B,0)),"")} -> energy pipelines and gas processing 352T353 | J7: =$G7*C$13 -> 0 | K7: =$G7*D$13 -> 0 | L7: =$G7*E$13 -> 0
A8: electricity | B8: food beverage and tobacco 1T12 | C8: 0 | D8: 0 | E8: 0 | G8: =SUMIFS('Electricity consumption'!H:H,'Electricity consumption'!A:A,'Adjusted Elec'!B8) -> 0.13026228 | I8: {=IFERROR(INDEX(crosswalk!C:C,MATCH(B8,crosswalk!B:B,0)),"")} -> food beverage and tobacco 10T12 | J8: =$G8*C$13 -> 4.330548e+13 | K8: =$G8*D$13 -> 4.3309257e+13 | L8: =$G8*E$13 -> 4.0923327e+13
A9: electricity | B9: iron and steel 241 | C9: 0 | D9: 0 | E9: 0 | G9: =SUMIFS('Electricity consumption'!H:H,'Electricity consumption'!A:A,'Adjusted Elec'!B9) -> 0.18403268 | I9: {=IFERROR(INDEX(crosswalk!C:C,MATCH(B9,crosswalk!B:B,0)),"")} -> iron and steel 241 | J9: =$G9*C$13 -> 6.1181359e+13 | K9: =$G9*D$13 -> 6.1186694e+13 | L9: =$G9*E$13 -> 5.7815888e+13
A10: electricity | B10: many | C10: 0 | D10: 0 | E10: 0 | G10: =SUMIFS('Electricity consumption'!H:H,'Electricity consumption'!A:A,'Adjusted Elec'!B10) -> 0 | I10: {=IFERROR(INDEX(crosswalk!C:C,MATCH(B10,crosswalk!B:B,0)),"")} | J10: =$G10*C$13 -> 0 | K10: =$G10*D$13 -> 0 | L10: =$G10*E$13 -> 0
A11: electricity | B11: metal products except machinery and vehicles 25, computers and electronics 26, appliances and electrical equipment 27, and other machinery 28 | C11: 0 | D11: 0 | E11: 0 | G11: =SUMIFS('Electricity consumption'!H:H,'Electricity consumption'!A:A,'Adjusted Elec'!B11) -> 0.050032045 | I11: {=IFERROR(INDEX(crosswalk!C:C,MATCH(B11,crosswalk!B:B,0)),"")} -> metal products except machinery and vehicles 25 | J11: =$G11*C$13 -> 1.663307e+13 | K11: =$G11*D$13 -> 1.6634521e+13 | L11: =$G11*E$13 -> 1.5718117e+13
A12: electricity | B12: oil and gas extraction 06 | C12: 0 | D12: 0 | E12: 0 | G12: =SUMIFS('Electricity consumption'!H:H,'Electricity consumption'!A:A,'Adjusted Elec'!B12) -> 0 | I12: {=IFERROR(INDEX(crosswalk!C:C,MATCH(B12,crosswalk!B:B,0)),"")} -> oil and gas extraction 06 | J12: =$G12*C$13 -> 0 | K12: =$G12*D$13 -> 0 | L12: =$G12*E$13 -> 0
A13: electricity | B13: other manufacturing 31T33 and rubber and plastic products 22 | C13: 332448344960000 | D13: 332477335168000 | E13: 314160987648000 | G13: =SUMIFS('Electricity consumption'!H:H,'Electricity consumption'!A:A,'Adjusted Elec'!B13) -> 0.084541154 | I13: {=IFERROR(INDEX(crosswalk!C:C,MATCH(B13,crosswalk!B:B,0)),"")} -> other manufacturing 31T33 | J13: =$G13*C$13 -> 2.8105567e+13 | K13: =$G13*D$13 -> 2.8108018e+13 | L13: =$G13*E$13 -> 2.6559532e+13
A14: electricity | B14: other metals 242 | C14: 0 | D14: 0 | E14: 0 | G14: =SUMIFS('Electricity consumption'!H:H,'Electricity consumption'!A:A,'Adjusted Elec'!B14) -> 0 | I14: {=IFERROR(INDEX(crosswalk!C:C,MATCH(B14,crosswalk!B:B,0)),"")} -> other metals 242 | J14: =$G14*C$13 -> 0 | K14: =$G14*D$13 -> 0 | L14: =$G14*E$13 -> 0
... A20: electricity | B20: wood products 16 | C20: 0 | D20: 0 | E20: 0 | G20: =SUMIFS('Electricity consumption'!H:H,'Electricity consumption'!A:A,'Adjusted Elec'!B20) -> 0.016629667 | I20: {=IFERROR(INDEX(crosswalk!C:C,MATCH(B20,crosswalk!B:B,0)),"")} -> wood products 16 | J20: =$G20*C$13 -> 5.5285054e+12 | K20: =$G20*D$13 -> 5.5289875e+12 | L20: =$G20*E$13 -> 5.2243927e+12
H22: =SUM(G1:G20) -> 1
B26: 2000 | C26: 2001 | D26: 2002 | E26: 2003 | F26: 2004 | G26: 2005 | H26: 2006 | I26: 2007 | J26: 2008 | K26: 2009 | L26: 2010 | M26: 2011 | N26: 2012 | O26: 2013 | P26: 2014 | Q26: 2015 | R26: 2016 | S26: 2017 | T26: 2018 | U26: 2019 | V26: 2020 | W26: 2021 | X26: 2022 | Y26: 2023 | Z26: 2024 | AA26: 2025 | AB26: 2026 | AC26: 2027 | AD26: 2028 | AE26: 2029 | AF26: 2030 | AG26: 2031 | AH26: 2032 | AI26: 2033 | AJ26: 2034 | AK26: 2035 | AL26: 2036 | AM26: 2037 | AN26: 2038 | AO26: 2039 | AP26: 2040 | AQ26: 2041 | AR26: 2042 | AS26: 2043 | AT26: 2044 | AU26: 2045 | AV26: 2046 | AW26: 2047 | AX26: 2048 | AY26: 2049 | AZ26: 2050
A27: Elec Consumption Agr&Forestry (TJ) | B27: 7815 | C27: 7599 | D27: 7754 | E27: 7851 | F27: 8146 | G27: 8153 | H27: 8200 | I27: 8607 | J27: 8945 | K27: 8625 | L27: 8485 | M27: 8654 | N27: 8668 | O27: 8607 | P27: 8434 | Q27: 8586 | R27: 8809 | S27: 8774 | T27: 8845 | U27: 8158 | V27: 8165 | W27: 8130 | X27: 8130 | Y27: =_xlfn.FORECAST.LINEAR(Y26,U27:X27,U26:X26) -> 8116 | Z27: =_xlfn.FORECAST.LINEAR(Z26,V27:Y27,V26:Y26) -> 8098.5 | AA27: =_xlfn.FORECAST.LINEAR(AA26,W27:Z27,W26:Z26) -> 8091.5 | AB27: =_xlfn.FORECAST.LINEAR(AB26,X27:AA27,X26:AA26) -> 8075.75 | AC27: =_xlfn.FORECAST.LINEAR(AC26,Y27:AB27,Y26:AB26) -> 8063.5 | AD27: =_xlfn.FORECAST.LINEAR(AD26,Z27:AC27,Z26:AC26) -> 8052.125 | AE27: =_xlfn.FORECAST.LINEAR(AE26,AA27:AD27,AA26:AD26) -> 8038.125 | AF27: =_xlfn.FORECAST.LINEAR(AF26,AB27:AE27,AB26:AE26) -> 8026.3125 | ... AZ27: =_xlfn.FORECAST.LINEAR(AZ26,AV27:AY27,AV26:AY26) -> 7774.1198
A28: TJ to BTU | B28: 947800000
A29: Elec Consumption Agr&Forestry (BTU) | B29: =B27*$B$28 -> 7407057000000 | C29: =C27*$B$28 -> 7202332200000 | D29: =D27*$B$28 -> 7349241200000 | E29: =E27*$B$28 -> 7441177800000 | F29: =F27*$B$28 -> 7720778800000 | G29: =G27*$B$28 -> 7727413400000 | H29: =H27*$B$28 -> 7771960000000 | I29: =I27*$B$28 -> 8157714600000 | ... AZ29: =AZ27*$B$28 -> 7.3683108e+12
B32: 2017 | C32: 2018 | D32: 2019 | E32: 2020 | F32: 2021 | G32: 2022 | H32: 2023 | I32: 2024 | J32: 2025 | K32: 2026 | L32: 2027 | M32: 2028 | N32: 2029 | O32: 2030 | P32: 2031 | Q32: 2032 | R32: 2033 | S32: 2034 | T32: 2035 | U32: 2036 | V32: 2037 | W32: 2038 | X32: 2039 | Y32: 2040 | Z32: 2041 | AA32: 2042 | AB32: 2043 | AC32: 2044 | AD32: 2045 | AE32: 2046 | AF32: 2047 | AG32: 2048 | AH32: 2049 | AI32: 2050
A33: Total Crude oil consumption (bpd) | B33: 1565 | C33: 1616 | D33: 1582 | E33: 1400 | F33: 1461 | G33: 1585 | H33: 1480.1333 | I33: 1464.5048 | J33: 1448.8762 | K33: 1433.2476 | L33: 1417.619 | M33: 1401.9905 | N33: 1386.3619 | O33: 1370.7333 | P33: 1355.1048 | Q33: 1339.4762 | R33: 1323.8476 | S33: 1308.219 | T33: 1292.5905 | U33: 1276.9619 | V33: 1261.3333 | W33: 1245.7048 | X33: 1230.0762 | Y33: 1214.4476 | Z33: 1198.819 | AA33: 1183.1905 | AB33: 1167.5619 | AC33: 1151.9333 | AD33: 1136.3048 | AE33: 1120.6762 | AF33: 1105.0476 | AG33: 1089.419 | AH33: 1073.7905 | AI33: 1058.1619
A34: 1 bpd to BTU
A35: 21170000
A36: Total Crude oil consumption (BTU) | B36: =B33*$A$35 -> 33131050000 | C36: =C33*$A$35 -> 34210720000 | D36: =D33*$A$35 -> 33490940000 | E36: =E33*$A$35 -> 29638000000 | F36: =F33*$A$35 -> 30929370000 | G36: =G33*$A$35 -> 33554450000 | H36: =H33*$A$35 -> 3.1334423e+10 | I36: =I33*$A$35 -> 3.1003566e+10 | ... AI36: =AI33*$A$35 -> 2.2401288e+10
A38: Energy Consumption by Sector (TJ) | B38: 2017 | C38: 2018 | D38: 2019 | E38: 2020 | F38: 2021 | G38: 2022 | H38: 2023 | I38: 2024 | J38: 2025 | K38: 2026 | L38: 2027 | M38: 2028 | N38: 2029 | O38: 2030 | P38: 2031 | Q38: 2032 | R38: 2033 | S38: 2034 | T38: 2035 | U38: 2036 | V38: 2037 | W38: 2038 | X38: 2039 | Y38: 2040 | Z38: 2041 | AA38: 2042 | AB38: 2043 | AC38: 2044 | AD38: 2045 | AE38: 2046 | AF38: 2047 | AG38: 2048 | AH38: 2049 | AI38: 2050
A39: Transport Sector | B39: 1973852 | C39: 2188534 | D39: 2265160 | E39: 2014030 | F39: 2150804 | G39: 2362942 | H39: =_xlfn.FORECAST.LINEAR(H38,$B$39:$G$39,$B$38:$G$38) -> 2317333.3 | I39: =_xlfn.FORECAST.LINEAR(I38,$B$39:$G$39,$B$38:$G$38) -> 2362508.5 | J39: =_xlfn.FORECAST.LINEAR(J38,$B$39:$G$39,$B$38:$G$38) -> 2407683.6 | K39: =_xlfn.FORECAST.LINEAR(K38,$B$39:$G$39,$B$38:$G$38) -> 2452858.8 | L39: =_xlfn.FORECAST.LINEAR(L38,$B$39:$G$39,$B$38:$G$38) -> 2498033.9 | M39: =_xlfn.FORECAST.LINEAR(M38,$B$39:$G$39,$B$38:$G$38) -> 2543209 | N39: =_xlfn.FORECAST.LINEAR(N38,$B$39:$G$39,$B$38:$G$38) -> 2588384.2 | O39: =_xlfn.FORECAST.LINEAR(O38,$B$39:$G$39,$B$38:$G$38) -> 2633559.3 | ... AI39: =_xlfn.FORECAST.LINEAR(AI38,$B$39:$G$39,$B$38:$G$38) -> 3537062.2
A40: Industry Sector | B40: 1773762 | C40: 2078890 | D40: 2444222 | E40: 2334016 | F40: 2360609 | G40: 2862750 | H40: =_xlfn.FORECAST.LINEAR(H$38,$B$40:$G$40,$B$38:$G$38) -> 2927030.6 | I40: =_xlfn.FORECAST.LINEAR(I$38,$B$40:$G$40,$B$38:$G$38) -> 3103598.9 | J40: =_xlfn.FORECAST.LINEAR(J$38,$B$40:$G$40,$B$38:$G$38) -> 3280167.2 | K40: =_xlfn.FORECAST.LINEAR(K$38,$B$40:$G$40,$B$38:$G$38) -> 3456735.5 | L40: =_xlfn.FORECAST.LINEAR(L$38,$B$40:$G$40,$B$38:$G$38) -> 3633303.9 | M40: =_xlfn.FORECAST.LINEAR(M$38,$B$40:$G$40,$B$38:$G$38) -> 3809872.2 | N40: =_xlfn.FORECAST.LINEAR(N$38,$B$40:$G$40,$B$38:$G$38) -> 3986440.5 | O40: =_xlfn.FORECAST.LINEAR(O$38,$B$40:$G$40,$B$38:$G$38) -> 4163008.8 | ... AI40: =_xlfn.FORECAST.LINEAR(AI$38,$B$40:$G$40,$B$38:$G$38) -> 7694375.1
A41: Commercial and Public Services | B41: 248533 | C41: 264024 | D41: 272494 | E41: 252761 | F41: 262855 | G41: 290355 | H41: =_xlfn.FORECAST.LINEAR(H$38,$B$41:$G$41,$B$38:$G$38) -> 283757.33 | I41: =_xlfn.FORECAST.LINEAR(I$38,$B$41:$G$41,$B$38:$G$38) -> 289067.9 | J41: =_xlfn.FORECAST.LINEAR(J$38,$B$41:$G$41,$B$38:$G$38) -> 294378.48 | K41: =_xlfn.FORECAST.LINEAR(K$38,$B$41:$G$41,$B$38:$G$38) -> 299689.05 | L41: =_xlfn.FORECAST.LINEAR(L$38,$B$41:$G$41,$B$38:$G$38) -> 304999.62 | M41: =_xlfn.FORECAST.LINEAR(M$38,$B$41:$G$41,$B$38:$G$38) -> 310310.19 | N41: =_xlfn.FORECAST.LINEAR(N$38,$B$41:$G$41,$B$38:$G$38) -> 315620.76 | O41: =_xlfn.FORECAST.LINEAR(O$38,$B$41:$G$41,$B$38:$G$38) -> 320931.33 | ... AI41: =_xlfn.FORECAST.LINEAR(AI$38,$B$41:$G$41,$B$38:$G$38) -> 427142.76
A42: Residential | B42: 852900 | C42: 906438 | D42: 894830 | E42: 945578 | F42: 950585 | G42: 942898 | H42: =_xlfn.FORECAST.LINEAR(H$38,$B$42:$G$42,$B$38:$G$38) -> 978856.07 | I42: =_xlfn.FORECAST.LINEAR(I$38,$B$42:$G$42,$B$38:$G$38) -> 996946.9 | J42: =_xlfn.FORECAST.LINEAR(J$38,$B$42:$G$42,$B$38:$G$38) -> 1015037.7 | K42: =_xlfn.FORECAST.LINEAR(K$38,$B$42:$G$42,$B$38:$G$38) -> 1033128.6 | L42: =_xlfn.FORECAST.LINEAR(L$38,$B$42:$G$42,$B$38:$G$38) -> 1051219.4 | M42: =_xlfn.FORECAST.LINEAR(M$38,$B$42:$G$42,$B$38:$G$38) -> 1069310.2 | N42: =_xlfn.FORECAST.LINEAR(N$38,$B$42:$G$42,$B$38:$G$38) -> 1087401 | O42: =_xlfn.FORECAST.LINEAR(O$38,$B$42:$G$42,$B$38:$G$38) -> 1105491.9 | ... AI42: =_xlfn.FORECAST.LINEAR(AI$38,$B$42:$G$42,$B$38:$G$38) -> 1467308.4
A43: Agriculture/Forestry | B43: 80330 | C43: 62038 | D43: 41369 | E43: 38946 | F43: 45475 | G43: 41173 | H43: =_xlfn.FORECAST.LINEAR(H$38,$B$43:$G$43,$B$38:$G$38) -> 26765.467 | I43: =_xlfn.FORECAST.LINEAR(I$38,$B$43:$G$43,$B$38:$G$38) -> 19682.695 | J43: =_xlfn.FORECAST.LINEAR(J$38,$B$43:$G$43,$B$38:$G$38) -> 12599.924 | K43: =_xlfn.FORECAST.LINEAR(K$38,$B$43:$G$43,$B$38:$G$38) -> 5517.1524 | L43: 5517.1524 | M43: 5517.1524 | N43: 5517.1524 | O43: 5517.1524 | P43: 5517.1524 | Q43: 5517.1524 | R43: 5517.1524 | S43: 5517.1524 | T43: 5517.1524 | U43: 5517.1524 | V43: 5517.1524 | W43: 5517.1524 | X43: 5517.1524 | Y43: 5517.1524 | Z43: 5517.1524 | AA43: 5517.1524 | AB43: 5517.1524 | AC43: 5517.1524 | AD43: 5517.1524 | AE43: 5517.1524 | AF43: 5517.1524 | AG43: 5517.1524 | AH43: 5517.1524 | AI43: 5517.1524
A44: Non-specified (Other) | B44: 11611 | C44: 12389 | D44: 16832 | E44: 17145 | F44: 18567 | G44: 27403 | H44: =_xlfn.FORECAST.LINEAR(H$38,$B$44:$G$44,$B$38:$G$38) -> 27105.2 | I44: =_xlfn.FORECAST.LINEAR(I$38,$B$44:$G$44,$B$38:$G$38) -> 29899.686 | J44: =_xlfn.FORECAST.LINEAR(J$38,$B$44:$G$44,$B$38:$G$38) -> 32694.171 | K44: =_xlfn.FORECAST.LINEAR(K$38,$B$44:$G$44,$B$38:$G$38) -> 35488.657 | L44: =_xlfn.FORECAST.LINEAR(L$38,$B$44:$G$44,$B$38:$G$38) -> 38283.143 | M44: =_xlfn.FORECAST.LINEAR(M$38,$B$44:$G$44,$B$38:$G$38) -> 41077.629 | N44: =_xlfn.FORECAST.LINEAR(N$38,$B$44:$G$44,$B$38:$G$38) -> 43872.114 | O44: =_xlfn.FORECAST.LINEAR(O$38,$B$44:$G$44,$B$38:$G$38) -> 46666.6 | ... AI44: =_xlfn.FORECAST.LINEAR(AI$38,$B$44:$G$44,$B$38:$G$38) -> 102556.31
A45: Non-energy use | B45: 299845 | C45: 328315 | D45: 368102 | E45: 328907 | F45: 273230 | G45: 274066 | H45: =_xlfn.FORECAST.LINEAR(H$38,$B$45:$G$45,$B$38:$G$38) -> 278743 | I45: =_xlfn.FORECAST.LINEAR(I$38,$B$45:$G$45,$B$38:$G$38) -> 269218.86 | J45: =_xlfn.FORECAST.LINEAR(J$38,$B$45:$G$45,$B$38:$G$38) -> 259694.71 | K45: =_xlfn.FORECAST.LINEAR(K$38,$B$45:$G$45,$B$38:$G$38) -> 250170.57 | L45: =_xlfn.FORECAST.LINEAR(L$38,$B$45:$G$45,$B$38:$G$38) -> 240646.43 | M45: =_xlfn.FORECAST.LINEAR(M$38,$B$45:$G$45,$B$38:$G$38) -> 231122.29 | N45: =_xlfn.FORECAST.LINEAR(N$38,$B$45:$G$45,$B$38:$G$38) -> 221598.14 | O45: =_xlfn.FORECAST.LINEAR(O$38,$B$45:$G$45,$B$38:$G$38) -> 212074 | ... AI45: =_xlfn.FORECAST.LINEAR(AI$38,$B$45:$G$45,$B$38:$G$38) -> 21591.143
A46: Total | B46: =SUM(B39:B45) -> 5240833 | C46: =SUM(C39:C45) -> 5840628 | D46: =SUM(D39:D45) -> 6303009 | E46: =SUM(E39:E45) -> 5931383 | F46: =SUM(F39:F45) -> 6062125 | G46: =SUM(G39:G45) -> 6801587 | H46: =SUM(H39:H45) -> 6839591 | I46: =SUM(I39:I45) -> 7070923.4 | ... AI46: =SUM(AI39:AI45) -> 13255553
B48: =B38 -> 2017 | C48: =C38 -> 2018 | D48: =D38 -> 2019 | E48: =E38 -> 2020 | F48: =F38 -> 2021 | G48: =G38 -> 2022 | H48: =H38 -> 2023 | I48: =I38 -> 2024 | ... AI48: =AI38 -> 2050
A49: Share of Industry Sector | B49: =ROUND((B40/B46),3) -> 0.338 | C49: =ROUND((C40/C46),3) -> 0.356 | D49: =ROUND((D40/D46),3) -> 0.388 | E49: =ROUND((E40/E46),3) -> 0.394 | F49: =ROUND((F40/F46),3) -> 0.389 | G49: =ROUND((G40/G46),3) -> 0.421 | H49: =ROUND((H40/H46),3) -> 0.428 | I49: =ROUND((I40/I46),3) -> 0.439 | ... AI49: =ROUND((AI40/AI46),3) -> 0.58
A50: Industry Crude oil consumption (BTU) | B50: =B36*$B$49 -> 11198294900 | C50: =C36*$B$49 -> 11563223360 | D50: =D36*$B$49 -> 11319937720 | E50: =E36*$B$49 -> 10017644000 | F50: =F36*$B$49 -> 10454127060 | G50: =G36*$B$49 -> 11341404100 | H50: =H36*$B$49 -> 1.0591035e+10 | I50: =I36*$B$49 -> 1.0479205e+10 | ... AI50: =AI36*$B$49 -> 7.5716352e+09

Sheet Bureau of Stat KBLI
D1: Energy consumption 2019 in original unit | O1: Energy consumption 2019 in BOE
B3: KBLI Category | C3: ISIC Code | D3: Electricity generated (kWh) | E3: Electricity Purchased (kWh) | F3: Benzene (litre) | G3: Diesel Fuel (litre) | H3: Coal (kg) | I3: Briquettes (kg) | J3: Gas (PGN) | K3: Gas (non PGN) | L3: LPG (kg) | N3: ISIC Code | O3: KBLI Category | P3: Electricity generated | Q3: Electricity Purchased | R3: Benzene | S3: Diesel Fuel | T3: Coal | U3: Briquettes | V3: Gas | W3: Gas | X3: LPG | Y3: TOTAL | Z3: Total (ratio to HEESI)
A4: Food Industry | B4: 10 | C4: food beverage and tobacco 10T12 | D4: 1496401159 | E4: 4458775153 | F4: 50620554 | G4: 393024926 | H4: 46542433 | I4: 15939527 | J4: 180420137 | K4: 60632018 | L4: 29678438 | N4: food beverage and tobacco 10T12 | O4: 10 | P4: =0.613*D4/1000 -> 917293.91 | Q4: =0.613*E4/1000 -> 2733229.2 | R4: =5.8275*F4/1000 -> 294991.28 | S4: =6.4871*G4/1000 -> 2549592 | T4: =4.9893*H4/1000 -> 232214.16 | U4: =3.5638*I4/1000 -> 56805.286 | V4: =0.1796*J4 -> 32403457 | W4: =0.1796*K4 -> 10889510 | X4: =8.5246*L4/1000 -> 252996.81 | Y4: =SUM(P4:X4) -> 50330090 | Z4: =(Y4/$Y$28)*$Z$28 -> 52573.676 | AA4: 36412.653
A5: Beverages | B5: 11 | C5: food beverage and tobacco 10T12 | D5: 14896793 | E5: 310857352 | F5: 5055445 | G5: 19403866 | H5: 1412091 | J5: 8715038 | K5: 2080732 | L5: 688846 | N5: food beverage and tobacco 10T12 | O5: 11 | P5: =0.613*D5/1000 -> 9131.7341 | Q5: =0.613*E5/1000 -> 190555.56 | R5: =5.8275*F5/1000 -> 29460.606 | S5: =6.4871*G5/1000 -> 125874.82 | T5: =4.9893*H5/1000 -> 7045.3456 | U5: =3.5638*I5/1000 -> 0 | V5: =0.1796*J5 -> 1565220.8 | W5: =0.1796*K5 -> 373699.47 | X5: =8.5246*L5/1000 -> 5872.1366 | Y5: =SUM(P5:X5) -> 2306860.5 | Z5: =(Y5/$Y$28)*$Z$28 -> 2409.6944 | AA5: 859.85107
A6: Tobacco | B6: 12 | C6: food beverage and tobacco 10T12 | D6: 4042559 | E6: 163792422 | F6: 11802652 | G6: 14285566 | H6: 6754 | J6: 2481253 | K6: 111068 | L6: 130799 | N6: food beverage and tobacco 10T12 | O6: 12 | P6: =0.613*D6/1000 -> 2478.0887 | Q6: =0.613*E6/1000 -> 100404.75 | R6: =5.8275*F6/1000 -> 68779.955 | S6: =6.4871*G6/1000 -> 92671.895 | T6: =4.9893*H6/1000 -> 33.697732 | U6: =3.5638*I6/1000 -> 0 | V6: =0.1796*J6 -> 445633.04 | W6: =0.1796*K6 -> 19947.813 | X6: =8.5246*L6/1000 -> 1115.0092 | Y6: =SUM(P6:X6) -> 731064.25 | Z6: =(Y6/$Y$28)*$Z$28 -> 763.65323 | AA6: 292.91848
A7: Textiles | B7: 13 | C7: textiles apparel and leather 13T15 | D7: 34745749 | E7: 4426630117 | F7: 29883917 | G7: 15400595 | H7: 217007655 | I7: 4464418 | J7: 30254047 | K7: 4175875 | L7: 3373217 | N7: textiles apparel and leather 13T15 | O7: 13 | P7: =0.613*D7/1000 -> 21299.144 | Q7: =0.613*E7/1000 -> 2713524.3 | R7: =5.8275*F7/1000 -> 174148.53 | S7: =6.4871*G7/1000 -> 99905.2 | T7: =4.9893*H7/1000 -> 1082716.3 | U7: =3.5638*I7/1000 -> 15910.293 | V7: =0.1796*J7 -> 5433626.8 | W7: =0.1796*K7 -> 749987.15 | X7: =8.5246*L7/1000 -> 28755.326 | Y7: =SUM(P7:X7) -> 10319873 | Z7: =(Y7/$Y$28)*$Z$28 -> 10779.907 | AA7: 25870.247
A8: Wearing Apparels | B8: 14 | C8: textiles apparel and leather 13T15 | D8: 23252184 | E8: 1001368483 | F8: 12911943 | G8: 51419921 | H8: 23565178 | I8: 2686444 | J8: 185766 | K8: 869368 | L8: 2344725 | N8: textiles apparel and leather 13T15 | O8: 14 | P8: =0.613*D8/1000 -> 14253.589 | Q8: =0.613*E8/1000 -> 613838.88 | R8: =5.8275*F8/1000 -> 75244.348 | S8: =6.4871*G8/1000 -> 333566.17 | T8: =4.9893*H8/1000 -> 117573.74 | U8: =3.5638*I8/1000 -> 9573.9491 | V8: =0.1796*J8 -> 33363.574 | W8: =0.1796*K8 -> 156138.49 | X8: =8.5246*L8/1000 -> 19987.843 | Y8: =SUM(P8:X8) -> 1373540.6 | Z8: =(Y8/$Y$28)*$Z$28 -> 1434.7695 | AA8: 2108.3733
A9: Leather and Related Products | B9: 15 | C9: textiles apparel and leather 13T15 | D9: 143903997 | E9: 2267168459 | F9: 4429021 | G9: 95738090 | H9: 560515 | J9: 4216616 | K9: 2076033 | L9: 1295880 | N9: textiles apparel and leather 13T15 | O9: 15 | P9: =0.613*D9/1000 -> 88213.15 | Q9: =0.613*E9/1000 -> 1389774.3 | R9: =5.8275*F9/1000 -> 25810.12 | S9: =6.4871*G9/1000 -> 621062.56 | T9: =4.9893*H9/1000 -> 2796.5775 | U9: =3.5638*I9/1000 -> 0 | V9: =0.1796*J9 -> 757304.23 | W9: =0.1796*K9 -> 372855.53 | X9: =8.5246*L9/1000 -> 11046.859 | Y9: =SUM(P9:X9) -> 3268863.3 | Z9: =(Y9/$Y$28)*$Z$28 -> 3414.5809 | AA9: 1450.4648
A10: Wood and of Products of Wood | B10: 16 | C10: wood products 16 | D10: 185459645 | E10: 731507232 | F10: 81356948 | G10: 44416206 | H10: 3705730 | J10: 325507 | K10: 10180 | L10: 100475570 | N10: wood products 16 | O10: 16 | P10: =0.613*D10/1000 -> 113686.76 | Q10: =0.613*E10/1000 -> 448413.93 | R10: =5.8275*F10/1000 -> 474107.61 | S10: =6.4871*G10/1000 -> 288132.37 | T10: =4.9893*H10/1000 -> 18488.999 | U10: =3.5638*I10/1000 -> 0 | V10: =0.1796*J10 -> 58461.057 | W10: =0.1796*K10 -> 1828.328 | X10: =8.5246*L10/1000 -> 856514.04 | Y10: =SUM(P10:X10) -> 2259633.1 | Z10: =(Y10/$Y$28)*$Z$28 -> 2360.3618 | AA10: 1581.8851
A11: Paper and Paper Product | B11: 17 | C11: pulp paper and printing 17T18 | D11: 5303030895 | E11: 856665914 | F11: 2260996 | G11: 38554343 | H11: 60266426 | I11: 9589012 | J11: 151634074 | K11: 42021596 | L11: 500290 | N11: pulp paper and printing 17T18 | O11: 17 | P11: =0.613*D11/1000 -> 3250757.9 | Q11: =0.613*E11/1000 -> 525136.21 | R11: =5.8275*F11/1000 -> 13175.954 | S11: =6.4871*G11/1000 -> 250105.88 | T11: =4.9893*H11/1000 -> 300687.28 | U11: =3.5638*I11/1000 -> 34173.321 | V11: =0.1796*J11 -> 27233480 | W11: =0.1796*K11 -> 7547078.6 | X11: =8.5246*L11/1000 -> 4264.7721 | Y11: =SUM(P11:X11) -> 39158860 | Z11: =(Y11/$Y$28)*$Z$28 -> 40904.462 | AA11: 24234.22
A12: Printing | B12: 18 | C12: pulp paper and printing 17T18 | D12: 10700838 | E12: 197931824 | F12: 6455321 | G12: 4336327 | H12: 6999193 | I12: 1565922 | J12: 2936 | K12: 381445 | L12: 108912 | N12: pulp paper and printing 17T18 | O12: 18 | P12: =0.613*D12/1000 -> 6559.6137 | Q12: =0.613*E12/1000 -> 121332.21 | R12: =5.8275*F12/1000 -> 37618.383 | S12: =6.4871*G12/1000 -> 28130.187 | T12: =4.9893*H12/1000 -> 34921.074 | U12: =3.5638*I12/1000 -> 5580.6328 | V12: =0.1796*J12 -> 527.3056 | W12: =0.1796*K12 -> 68507.522 | X12: =8.5246*L12/1000 -> 928.43124 | Y12: =SUM(P12:X12) -> 304105.36 | Z12: =(Y12/$Y$28)*$Z$28 -> 317.6616 | AA12: 1528.0123
A13: Coke and Refined | B13: 19 | C13: refined petroleum and coke 19 | D13: 112231757 | E13: 45524528 | F13: 310367 | G13: 18465083 | H13: 780428 | J13: 1321186 | K13: 31139807 | L13: 72485 | N13: refined petroleum and coke 19 | O13: 19 | P13: =0.613*D13/1000 -> 68798.067 | Q13: =0.613*E13/1000 -> 27906.536 | R13: =5.8275*F13/1000 -> 1808.6637 | S13: =6.4871*G13/1000 -> 119784.84 | T13: =4.9893*H13/1000 -> 3893.7894 | U13: =3.5638*I13/1000 -> 0 | V13: =0.1796*J13 -> 237285.01 | W13: =0.1796*K13 -> 5592709.3 | X13: =8.5246*L13/1000 -> 617.90563 | Y13: =SUM(P13:X13) -> 6052804.1 | Z13: =(Y13/$Y$28)*$Z$28 -> 6322.6227 | AA13: 8572.919
A14: Chemicals | B14: 20 | C14: chemicals 20 | D14: 633275773 | E14: 3957717438 | F14: 10934919 | G14: 53532220 | H14: 190445935 | I14: 7064744 | J14: 79780640 | K14: 649838293 | L14: 1566995 | N14: chemicals 20 | O14: 20 | P14: =0.613*D14/1000 -> 388198.05 | Q14: =0.613*E14/1000 -> 2426080.8 | R14: =5.8275*F14/1000 -> 63723.24 | S14: =6.4871*G14/1000 -> 347268.86 | T14: =4.9893*H14/1000 -> 950191.9 | U14: =3.5638*I14/1000 -> 25177.335 | V14: =0.1796*J14 -> 14328603 | W14: =0.1796*K14 -> 1.1671096e+08 | X14: =8.5246*L14/1000 -> 13358.006 | Y14: =SUM(P14:X14) -> 1.3525356e+08 | Z14: =(Y14/$Y$28)*$Z$28 -> 141282.82 | AA14: 19308.892
A15: Pharmaceuticals | B15: 21 | C15: chemicals 20 | D15: 8603493 | E15: 268248639 | F15: 3546497 | G15: 11679915 | H15: 1730399 | I15: 26653 | J15: 12943222 | K15: 1428396 | L15: 379696 | N15: chemicals 20 | O15: 21 | P15: =0.613*D15/1000 -> 5273.9412 | Q15: =0.613*E15/1000 -> 164436.42 | R15: =5.8275*F15/1000 -> 20667.211 | S15: =6.4871*G15/1000 -> 75768.777 | T15: =4.9893*H15/1000 -> 8633.4797 | U15: =3.5638*I15/1000 -> 94.985961 | V15: =0.1796*J15 -> 2324602.7 | W15: =0.1796*K15 -> 256539.92 | X15: =8.5246*L15/1000 -> 3236.7565 | Y15: =SUM(P15:X15) -> 2859254.2 | Z15: =(Y15/$Y$28)*$Z$28 -> 2986.7124 | AA15: 1204.3783
A16: Rubber and Plastic Products | B16: 22 | C16: rubber and plastic products 22 | D16: 56302774 | E16: 2219871271 | F16: 8290277 | G16: 58665927 | H16: 7553489 | I16: 2600183 | J16: 37585875 | K16: 5621104 | L16: 1458288 | N16: rubber and plastic products 22 | O16: 22 | P16: =0.613*D16/1000 -> 34513.6 | Q16: =0.613*E16/1000 -> 1360781.1 | R16: =5.8275*F16/1000 -> 48311.589 | S16: =6.4871*G16/1000 -> 380571.74 | T16: =4.9893*H16/1000 -> 37686.623 | U16: =3.5638*I16/1000 -> 9266.5322 | V16: =0.1796*J16 -> 6750423.2 | W16: =0.1796*K16 -> 1009550.3 | X16: =8.5246*L16/1000 -> 12431.322 | Y16: =SUM(P16:X16) -> 9643535.9 | Z16: =(Y16/$Y$28)*$Z$28 -> 10073.42 | AA16: 4937.5472
A17: Non-Metallic Mineral | B17: 23 | D17: 1226972884 | E17: 5240621844 | F17: 22942287 | G17: 376542329 | H17: 1455822653 | I17: 176923 | J17: 178259565 | K17: 52621661 | L17: 3342344 | O17: 23 | P17: =0.613*D17/1000 -> 752134.38 | Q17: =0.613*E17/1000 -> 3212501.2 | R17: =5.8275*F17/1000 -> 133696.18 | S17: =6.4871*G17/1000 -> 2442667.7 | T17: =4.9893*H17/1000 -> 7263536 | U17: =3.5638*I17/1000 -> 630.51819 | V17: =0.1796*J17 -> 32015418 | W17: =0.1796*K17 -> 9450850.3 | X17: =8.5246*L17/1000 -> 28492.146 | Y17: =SUM(P17:X17) -> 55299926 | Z17: =(Y17/$Y$28)*$Z$28 -> 57765.056 | AA17: 112716.22
A18: Basic metals | B18: 24 | D18: 276769433 | E18: 1003657556 | F18: 7784829 | G18: 169828958 | H18: 7146750 | I18: 129786 | J18: 83413483 | K18: 10181944 | L18: 2399925 | O18: 24 | P18: =0.613*D18/1000 -> 169659.66 | Q18: =0.613*E18/1000 -> 615242.08 | R18: =5.8275*F18/1000 -> 45366.091 | S18: =6.4871*G18/1000 -> 1101697.4 | T18: =4.9893*H18/1000 -> 35657.28 | U18: =3.5638*I18/1000 -> 462.53135 | V18: =0.1796*J18 -> 14981062 | W18: =0.1796*K18 -> 1828677.1 | X18: =8.5246*L18/1000 -> 20458.401 | Y18: =SUM(P18:X18) -> 18798282 | Z18: =(Y18/$Y$28)*$Z$28 -> 19636.262 | AA18: 62478.334
A19: Fabricated Metal | B19: 25 | D19: 73052953 | E19: 455004458 | F19: 15206604 | G19: 17864574 | H19: 4017180 | I19: 775162 | J19: 38164334 | K19: 1966324 | L19: 2674940 | O19: 25 | P19: =0.613*D19/1000 -> 44781.46 | Q19: =0.613*E19/1000 -> 278917.73 | R19: =5.8275*F19/1000 -> 88616.485 | S19: =6.4871*G19/1000 -> 115889.28 | T19: =4.9893*H19/1000 -> 20042.916 | U19: =3.5638*I19/1000 -> 2762.5223 | V19: =0.1796*J19 -> 6854314.4 | W19: =0.1796*K19 -> 353151.79 | X19: =8.5246*L19/1000 -> 22802.794 | Y19: =SUM(P19:X19) -> 7781279.4 | Z19: =(Y19/$Y$28)*$Z$28 -> 8128.1489 | AA19: 27722.258
A20: Computers, Electronic | B20: 26 | C20: computers and electronics 26 | D20: 4306462 | E20: 230515720 | F20: 933092 | G20: 5183050 | H20: 271173 | J20: 5035399 | L20: 1029562 | N20: computers and electronics 26 | O20: 26 | P20: =0.613*D20/1000 -> 2639.8612 | Q20: =0.613*E20/1000 -> 141306.14 | R20: =5.8275*F20/1000 -> 5437.5936 | S20: =6.4871*G20/1000 -> 33622.964 | T20: =4.9893*H20/1000 -> 1352.9634 | U20: =3.5638*I20/1000 -> 0 | V20: =0.1796*J20 -> 904357.66 | W20: =0.1796*K20 -> 0 | X20: =8.5246*L20/1000 -> 8776.6042 | Y20: =SUM(P20:X20) -> 1097493.8 | Z20: =(Y20/$Y$28)*$Z$28 -> 1146.4172 | AA20: 400.1257
A21: Electrical equipment | B21: 27 | C21: appliances and electrical equipment 27 | D21: 24590699 | E21: 257164864 | F21: 5294515 | G21: 11000682 | H21: 66 | I21: 518 | J21: 9018249 | K21: 5644 | L21: 531540 | N21: appliances and electrical equipment 27 | O21: 27 | P21: =0.613*D21/1000 -> 15074.098 | Q21: =0.613*E21/1000 -> 157642.06 | R21: =5.8275*F21/1000 -> 30853.786 | S21: =6.4871*G21/1000 -> 71362.524 | T21: =4.9893*H21/1000 -> 0.3292938 | U21: =3.5638*I21/1000 -> 1.8460484 | V21: =0.1796*J21 -> 1619677.5 | W21: =0.1796*K21 -> 1013.6624 | X21: =8.5246*L21/1000 -> 4531.1659 | Y21: =SUM(P21:X21) -> 1900157 | Z21: =(Y21/$Y$28)*$Z$28 -> 1984.8611 | AA21: 2972.5589
A22: Machinery | B22: 28 | C22: other machinery 28 | D22: 20968154 | E22: 280603985 | F22: 4415018 | G22: 17558319 | H22: 563849 | I22: 91746 | J22: 8267977 | K22: 1408008 | L22: 1051426 | N22: other machinery 28 | O22: 28 | P22: =0.613*D22/1000 -> 12853.478 | Q22: =0.613*E22/1000 -> 172010.24 | R22: =5.8275*F22/1000 -> 25728.517 | S22: =6.4871*G22/1000 -> 113902.57 | T22: =4.9893*H22/1000 -> 2813.2118 | U22: =3.5638*I22/1000 -> 326.96439 | V22: =0.1796*J22 -> 1484928.7 | W22: =0.1796*K22 -> 252878.24 | X22: =8.5246*L22/1000 -> 8962.9861 | Y22: =SUM(P22:X22) -> 2074404.9 | Z22: =(Y22/$Y$28)*$Z$28 -> 2166.8765 | AA22: 483.7435
A23: Motor vehicle | B23: 29 | C23: road vehicles 29 | D23: 15650091 | E23: 704257519 | F23: 27004708 | G23: 284556200 | I23: 78641 | J23: 30938135 | K23: 16969245 | L23: 2559160 | N23: road vehicles 29 | O23: 29 | P23: =0.613*D23/1000 -> 9593.5058 | Q23: =0.613*E23/1000 -> 431709.86 | R23: =5.8275*F23/1000 -> 157369.94 | S23: =6.4871*G23/1000 -> 1845944.5 | T23: =4.9893*H23/1000 -> 0 | U23: =3.5638*I23/1000 -> 280.2608 | V23: =0.1796*J23 -> 5556489 | W23: =0.1796*K23 -> 3047676.4 | X23: =8.5246*L23/1000 -> 21815.815 | Y23: =SUM(P23:X23) -> 11070879 | Z23: =(Y23/$Y$28)*$Z$28 -> 11564.391 | AA23: 3381.683
A24: Other transport | B24: 30 | C24: nonroad vehicles 30 | D24: 72865025 | E24: 386567127 | F24: 7110536 | G24: 25008986 | H24: 1153 | J24: 32748313 | K24: 2080036 | L24: 3718332 | N24: nonroad vehicles 30 | O24: 30 | P24: =0.613*D24/1000 -> 44666.26 | Q24: =0.613*E24/1000 -> 236965.65 | R24: =5.8275*F24/1000 -> 41436.649 | S24: =6.4871*G24/1000 -> 162235.79 | T24: =4.9893*H24/1000 -> 5.7526629 | U24: =3.5638*I24/1000 -> 0 | V24: =0.1796*J24 -> 5881597 | W24: =0.1796*K24 -> 373574.47 | X24: =8.5246*L24/1000 -> 31697.293 | Y24: =SUM(P24:X24) -> 6772178.9 | Z24: =(Y24/$Y$28)*$Z$28 -> 7074.0653 | AA24: 633.56383
A25: Furniture | B25: 31 | C25: other manufacturing 31T33 | D25: 12716648 | E25: 247726182 | F25: 7830895 | G25: 8704412 | H25: 29 | I25: 8974 | J25: 106073 | K25: 236277 | L25: 2024626 | N25: other manufacturing 31T33 | O25: 31 | P25: =0.613*D25/1000 -> 7795.3052 | Q25: =0.613*E25/1000 -> 151856.15 | R25: =5.8275*F25/1000 -> 45634.541 | S25: =6.4871*G25/1000 -> 56466.391 | T25: =4.9893*H25/1000 -> 0.1446897 | U25: =3.5638*I25/1000 -> 31.981541 | V25: =0.1796*J25 -> 19050.711 | W25: =0.1796*K25 -> 42435.349 | X25: =8.5246*L25/1000 -> 17259.127 | Y25: =SUM(P25:X25) -> 340529.7 | Z25: =(Y25/$Y$28)*$Z$28 -> 355.70964 | AA25: 272.47173
A26: Mother manufacturing | B26: 32 | C26: other manufacturing 31T33 | D26: 8517157 | E26: 139518340 | F26: 2502063 | G26: 5104746 | H26: 259714 | J26: 2865724 | K26: 77741 | L26: 1611710 | N26: other manufacturing 31T33 | O26: 32 | P26: =0.613*D26/1000 -> 5221.0172 | Q26: =0.613*E26/1000 -> 85524.742 | R26: =5.8275*F26/1000 -> 14580.772 | S26: =6.4871*G26/1000 -> 33114.998 | T26: =4.9893*H26/1000 -> 1295.7911 | U26: =3.5638*I26/1000 -> 0 | V26: =0.1796*J26 -> 514684.03 | W26: =0.1796*K26 -> 13962.284 | X26: =8.5246*L26/1000 -> 13739.183 | Y26: =SUM(P26:X26) -> 682122.82 | Z26: =(Y26/$Y$28)*$Z$28 -> 712.53011 | AA26: 381.32682
A27: Repair and installation | B27: 33 | D27: 412695311 | E27: 376304644 | F27: 4395983 | G27: 9653054 | J27: 180882 | K27: 116137 | L27: 1486286 | O27: 33 | P27: =0.613*D27/1000 -> 252982.23 | Q27: =0.613*E27/1000 -> 230674.75 | R27: =5.8275*F27/1000 -> 25617.591 | S27: =6.4871*G27/1000 -> 62620.327 | T27: =4.9893*H27/1000 -> 0 | U27: =3.5638*I27/1000 -> 0 | V27: =0.1796*J27 -> 32486.407 | W27: =0.1796*K27 -> 20858.205 | X27: =8.5246*L27/1000 -> 12669.994 | Y27: =SUM(P27:X27) -> 637909.5 | Z27: =(Y27/$Y$28)*$Z$28 -> 666.34587 | AA27: 104.3518
D28: =SUM(D4:D27) -> 10175952433 | E28: =SUM(E4:E27) -> 30228001071 | F28: =SUM(F4:F27) -> 333279387 | G28: =SUM(G4:G27) -> 1749928295 | H28: =SUM(H4:H27) -> 2028658793 | I28: =SUM(I4:I27) -> 45198653 | J28: =SUM(J4:J27) -> 898864431 | K28: =SUM(K4:K27) -> 886048932 | L28: =SUM(L4:L27) -> 164503992 | P28: =SUM(P4:P27) -> 6237858.8 | Q28: =SUM(Q4:Q27) -> 18529765 | R28: =SUM(R4:R27) -> 1942185.6 | S28: =SUM(S4:S27) -> 11351960 | T28: =SUM(T4:T27) -> 10121587 | U28: =SUM(U4:U27) -> 161078.96 | V28: =SUM(V4:V27) -> 1.6143605e+08 | W28: =SUM(W4:W27) -> 1.5913439e+08 | ... Y28: =SUM(Y4:Y27) -> 3.7031721e+08 | Z28: 386825 | AA28: =SUM(AA4:AA27) -> 339909
B29: Check BPS | D29: 10175862433 | E29: 30228001071 | F29: 333279397 | G29: 1750928295 | H29: 2028658793 | I29: 45198653 | J29: 898864431 | K29: 886048932 | L29: 164503992
E30: =E29/1000000 -> 30228.001 | R30: Electricity | S30: =P28+Q28 -> 24767623
D31: Electricity generated (kWh) | E31: 10175952433 | R31: Benzene | S31: =R28 -> 1942185.6
D32: Electricity Purchased (kWh) | E32: 30228001071 | R32: Diesel Fuel | S32: =S28 -> 11351960
D33: Benzene (litre) | E33: 333279387 | R33: Coal | S33: =T28 -> 10121587
D34: Diesel Fuel (litre) | E34: 1749928295 | R34: Briquettes | S34: =U28 -> 161078.96
D35: Coal (kg) | E35: 2028658793 | R35: Natural Gas | S35: =V28+W28 -> 3.2057044e+08
D36: Briquettes (kg) | E36: 45198653 | R36: LPG | S36: =X28 -> 1402330.7
D37: Gas (PGN) | E37: 898864431
D38: Gas (non PGN) | E38: 886048932
D39: LPG (kg) | E39: 164503992

Sheet crosswalk
B1: original sector | C1: bifubc sector used | D1: bifubc sector grouped
B2: agriculture and forestry 1T3 | C2: agriculture and forestry 01T03
B3: cement and other nonmetallic minerals 239 & glass and glass products 231 | C3: cement and other nonmetallic minerals 239 | D3: glass and glass products 231
B4: chemicals 2 | C4: chemicals 20
B5: coal mining 05 | C5: coal mining 05
B6: construction 41T43 | C6: construction 41T43
B7: energy pipelines and gas processing 352T353 | C7: energy pipelines and gas processing 352T353
B8: food beverage and tobacco 1T12 | C8: food beverage and tobacco 10T12
B9: iron and steel 241 | C9: iron and steel 241
B10: metal products except machinery and vehicles 25, computers and electronics 26, appliances and electrical equipment 27, and other machinery 28 | C10: metal products except machinery and vehicles 25 | D10: computers and electronics 26 | E10: appliances and electrical equipment 27 | F10: other machinery 28
B11: oil and gas extraction 06 | C11: oil and gas extraction 06
B12: other manufacturing 31T33 and rubber and plastic products 22 | C12: other manufacturing 31T33 | D12: rubber and plastic products 22
B13: other metals 242 | C13: other metals 242
B14: other mining and quarrying 7T8 | C14: other mining and quarrying 07T08
B15: pulp paper and printing 17T18 | C15: pulp paper and printing 17T18
B16: refined petroleum and coke 19 | C16: refined petroleum and coke 19
B17: road vehicles 29 and nonroad vehicles 3 | C17: road vehicles 29 | D17: nonroad vehicles 30
B18: textiles apparel and leather 13T15 | C18: textiles apparel and leather 13T15
B19: wood products 16 | C19: wood products 16

Sheet BPCiObIC
A1: Unit: dimensionless (% change) | B1: 2019 | C1: 2020 | D1: 2021 | E1: 2022 | F1: 2023 | G1: 2024 | H1: 2025 | I1: 2026 | J1: 2027 | K1: 2028 | L1: 2029 | M1: 2030 | N1: 2031 | O1: 2032 | P1: 2033 | Q1: 2034 | R1: 2035 | S1: 2036 | T1: 2037 | U1: 2038 | V1: 2039 | W1: 2040 | X1: 2041 | Y1: 2042 | Z1: 2043 | AA1: 2044 | AB1: 2045 | AC1: 2046 | AD1: 2047 | AE1: 2048 | AF1: 2049 | AG1: 2050
A2: ISIC 01T03 | B2: =B49 -> 0.0285 | C2: =C49 -> 0.0437 | D2: =D49 -> 0.0321 | E2: =E49 -> 0.0463 | F2: =F49 -> 0.0418 | G2: =G49 -> 0.0825 | H2: 0.037652657 | I2: 0.036286378 | J2: 0.035015782 | K2: 0.033831158 | L2: 0.032724065 | M2: 0.031687133 | N2: 0.030713898 | O2: 0.029798665 | P2: 0.028936399 | Q2: 0.028122631 | R2: 0.027353382 | S2: 0.026625095 | T2: 0.025934585 | U2: 0.025278985 | V2: 0.024655713 | W2: 0.024062437 | X2: 0.023497041 | Y2: 0.022957605 | Z2: 0.022442382 | AA2: 0.021949776 | AB2: 0.021478332 | AC2: 0.021026713 | AD2: 0.020593695 | AE2: 0.020178153 | AF2: 0.019779048 | AG2: 0.019395425
A3: ISIC 05 | B3: =B50 -> 0.0251 | C3: =C50 -> 0.1247 | D3: =D50 -> 0.2718 | E3: =E50 -> 0.3371 | F3: =F50 -> 0.0329 | G3: =G50 -> 0.0177 | H3: 0.037753709 | I3: 0.036380221 | J3: 0.03510316 | K3: 0.033912717 | L3: 0.032800367 | M3: 0.031758671 | N3: 0.030781104 | O3: 0.029861921 | P3: 0.028996044 | Q3: 0.028178965 | R3: 0.027406673 | S3: 0.026675584 | T3: 0.025982486 | U3: 0.025324493 | V3: 0.024699003 | W3: 0.024103667 | X3: 0.023536354 | Y3: 0.022995133 | Z3: 0.022478243 | AA3: 0.021984079 | AB3: 0.021511176 | AC3: 0.021058189 | AD3: 0.020623888 | AE3: 0.020207138 | AF3: 0.019806897 | AG3: 0.019422204
A4: ISIC 06 | B4: =B50 -> 0.0251 | C4: =C50 -> 0.1247 | D4: =D50 -> 0.2718 | E4: =E50 -> 0.3371 | F4: =F50 -> 0.0329 | G4: =G50 -> 0.0177 | H4: 0.037753709 | I4: 0.036380221 | J4: 0.03510316 | K4: 0.033912717 | L4: 0.032800367 | M4: 0.031758671 | N4: 0.030781104 | O4: 0.029861921 | P4: 0.028996044 | Q4: 0.028178965 | R4: 0.027406673 | S4: 0.026675584 | T4: 0.025982486 | U4: 0.025324493 | V4: 0.024699003 | W4: 0.024103667 | X4: 0.023536354 | Y4: 0.022995133 | Z4: 0.022478243 | AA4: 0.021984079 | AB4: 0.021511176 | AC4: 0.021058189 | AD4: 0.020623888 | AE4: 0.020207138 | AF4: 0.019806897 | AG4: 0.019422204
A5: ISIC 07T08 | B5: =B4 -> 0.0251 | C5: =C4 -> 0.1247 | D5: =D4 -> 0.2718 | E5: =E4 -> 0.3371 | F5: =F4 -> 0.0329 | G5: =G4 -> 0.0177 | H5: 0.037535402 | I5: 0.036177466 | J5: 0.034914354 | K5: 0.033736467 | L5: 0.032635461 | M5: 0.031604049 | N5: 0.030635832 | O5: 0.029725177 | P5: 0.028867097 | Q5: 0.028057168 | R5: 0.027291448 | S5: 0.026566412 | T5: 0.025878902 | U5: 0.025226079 | V5: 0.024605382 | W5: 0.024014496 | X5: 0.023451324 | Y5: 0.022913961 | Z5: 0.022400673 | AA5: 0.021909877 | AB5: 0.021440127 | AC5: 0.020990096 | AD5: 0.02055857 | AE5: 0.020144429 | AF5: 0.019746644 | AG5: 0.019364265
A6: ISIC 09 | B6: =B5 -> 0.0251 | C6: =C5 -> 0.1247 | D6: =D5 -> 0.2718 | E6: =E5 -> 0.3371 | F6: =F5 -> 0.0329 | G6: =G5 -> 0.0177 | H6: 0.039431149 | I6: 0.037935316 | J6: 0.036548825 | K6: 0.035260109 | L6: 0.034059179 | M6: 0.032937359 | N6: 0.031887083 | O6: 0.030901717 | P6: 0.029975425 | Q6: 0.029103049 | R6: 0.028280014 | S6: 0.02750225 | T6: 0.026766122 | U6: 0.026068373 | V6: 0.025406077 | W6: 0.024776601 | X6: 0.024177563 | Y6: 0.023606808 | Z6: 0.023062379 | AA6: 0.022542496 | AB6: 0.022045534 | AC6: 0.021570012 | AD6: 0.02111457 | AE6: 0.020677964 | AF6: 0.020259048 | AG6: 0.019856769
A7: ISIC 10T12 | B7: =B51 -> 0.0357 | C7: =C51 -> 0.0124 | D7: =D51 -> 0.0129 | E7: =E51 -> 0.0129 | F7: =F51 -> 0.0211 | G7: =G51 -> 0.0076 | H7: 0.038043337 | I7: 0.036649084 | J7: 0.035353413 | K7: 0.034146228 | L7: 0.033018762 | M7: 0.031963371 | N7: 0.030973358 | O7: 0.03004283 | P7: 0.029166584 | Q7: 0.028340003 | R7: 0.027558981 | S7: 0.026819853 | T7: 0.026119336 | U7: 0.025454482 | V7: 0.024822635 | W7: 0.024221396 | X7: 0.023648594 | Y7: 0.023102258 | Z7: 0.022580595 | AA7: 0.022081971 | AB7: 0.021604893 | AC7: 0.021147993 | AD7: 0.020710017 | AE7: 0.020289815 | AF7: 0.019886325 | AG7: 0.01949857
A8: ISIC 13T15 | B8: =B7 -> 0.0357 | C8: =C7 -> 0.0124 | D8: =D7 -> 0.0129 | E8: =E7 -> 0.0129 | F8: =F7 -> 0.0211 | G8: =G7 -> 0.0076 | H8: 0.037286364 | I8: 0.035946066 | J8: 0.034698781 | K8: 0.033535153 | L8: 0.032447036 | M8: 0.031427313 | N8: 0.030469731 | O8: 0.029568779 | P8: 0.028719576 | Q8: 0.027917789 | R8: 0.027159554 | S8: 0.026441417 | T8: 0.025760279 | U8: 0.025113352 | V8: 0.024498122 | W8: 0.023912315 | X8: 0.02335387 | Y8: 0.022820913 | Z8: 0.022311739 | AA8: 0.02182479 | AB8: 0.021358642 | AC8: 0.02091199 | AD8: 0.020483637 | AE8: 0.020072479 | AF8: 0.019677503 | AG8: 0.019297771
A9: ISIC 16 | B9: =B51 -> 0.0357 | C9: =C51 -> 0.0124 | D9: =D51 -> 0.0129 | E9: =E51 -> 0.0129 | F9: =F51 -> 0.0211 | G9: =G51 -> 0.0076 | H9: 0.038072573 | I9: 0.036676215 | J9: 0.03537866 | K9: 0.034169779 | L9: 0.033040783 | M9: 0.031984006 | N9: 0.030992734 | O9: 0.03006106 | P9: 0.029183765 | Q9: 0.028356224 | R9: 0.02757432 | S9: 0.02683438 | T9: 0.026133114 | U9: 0.025467567 | V9: 0.024835078 | W9: 0.024233244 | X9: 0.023659888 | Y9: 0.023113036 | Z9: 0.022590892 | AA9: 0.022091818 | AB9: 0.021614319 | AC9: 0.021157024 | AD9: 0.020718678 | AE9: 0.020298128 | AF9: 0.019894311 | AG9: 0.019506247
A10: ISIC 17T18 | B10: =B9 -> 0.0357 | C10: =C9 -> 0.0124 | D10: =D9 -> 0.0129 | E10: =E9 -> 0.0129 | F10: =F9 -> 0.0211 | G10: =G9 -> 0.0076 | H10: 0.038431751 | I10: 0.037009414 | J10: 0.0356886 | K10: 0.034458813 | L10: 0.033310957 | M10: 0.032237108 | N10: 0.031230333 | O10: 0.030284537 | P10: 0.029394343 | Q10: 0.028554987 | R10: 0.027762237 | S10: 0.027012315 | T10: 0.026301841 | U10: 0.025627783 | V10: 0.024987411 | W10: 0.024378262 | X10: 0.023798105 | Y10: 0.02324492 | Z10: 0.022716868 | AA10: 0.022212275 | AB10: 0.021729611 | AC10: 0.021267477 | AD10: 0.02082459 | AE10: 0.020399774 | AF10: 0.019991942 | AG10: 0.019600098
A11: ISIC 19 | B11: =B9 -> 0.0357 | C11: =C9 -> 0.0124 | D11: =D9 -> 0.0129 | E11: =E9 -> 0.0129 | F11: =F9 -> 0.0211 | G11: =G9 -> 0.0076 | H11: 0.038170603 | I11: 0.036767178 | J11: 0.035463293 | K11: 0.03424872 | L11: 0.033114588 | M11: 0.032053161 | N11: 0.031057664 | O11: 0.030122141 | P11: 0.02924133 | Q11: 0.028410567 | R11: 0.027625705 | S11: 0.026883042 | T11: 0.026179264 | U11: 0.025511394 | V11: 0.024876754 | W11: 0.024272922 | X11: 0.023697709 | Y11: 0.023149128 | Z11: 0.02262537 | AA11: 0.022124789 | AB11: 0.021645878 | AC11: 0.021187262 | AD11: 0.020747675 | AE11: 0.020325959 | AF11: 0.019921044 | AG11: 0.019531948
A12: ISIC 20 | B12: =B9 -> 0.0357 | C12: =C9 -> 0.0124 | D12: =D9 -> 0.0129 | E12: =E9 -> 0.0129 | F12: =F9 -> 0.0211 | G12: =G9 -> 0.0076 | H12: 0.038072572 | I12: 0.036676214 | J12: 0.035378659 | K12: 0.034169778 | L12: 0.033040782 | M12: 0.031984005 | N12: 0.030992734 | O12: 0.030061059 | P12: 0.029183764 | Q12: 0.028356223 | R12: 0.027574319 | S12: 0.02683438 | T12: 0.026133114 | U12: 0.025467567 | V12: 0.024835078 | W12: 0.024233243 | X12: 0.023659888 | Y12: 0.023113036 | Z12: 0.022590892 | AA12: 0.022091818 | AB12: 0.021614318 | AC12: 0.021157024 | AD12: 0.020718678 | AE12: 0.020298128 | AF12: 0.01989431 | AG12: 0.019506247
A13: ISIC 21 | B13: =B9 -> 0.0357 | C13: =C9 -> 0.0124 | D13: =D9 -> 0.0129 | E13: =E9 -> 0.0129 | F13: =F9 -> 0.0211 | G13: =G9 -> 0.0076 | H13: 0.032516019 | I13: 0.031492024 | J13: 0.030530555 | K13: 0.029626055 | L13: 0.028773607 | M13: 0.027968842 | N13: 0.02720787 | O13: 0.026487209 | P13: 0.02580374 | Q13: 0.025154656 | R13: 0.024537425 | S13: 0.02394976 | T13: 0.023389585 | U13: 0.022855016 | V13: 0.022344335 | W13: 0.021855978 | X13: 0.021388511 | Y13: 0.020940623 | Z13: 0.020511107 | AA13: 0.020098857 | AB13: 0.019702853 | AC13: 0.019322151 | AD13: 0.018955883 | AE13: 0.018603242 | AF13: 0.018263482 | AG13: 0.01793591
A14: ISIC 22 | B14: =B9 -> 0.0357 | C14: =C9 -> 0.0124 | D14: =D9 -> 0.0129 | E14: =E9 -> 0.0129 | F14: =F9 -> 0.0211 | G14: =G9 -> 0.0076 | H14: 0.038072622 | I14: 0.036676261 | J14: 0.035378702 | K14: 0.034169818 | L14: 0.03304082 | M14: 0.031984041 | N14: 0.030992767 | O14: 0.03006109 | P14: 0.029183794 | Q14: 0.028356251 | R14: 0.027574346 | S14: 0.026834405 | T14: 0.026133137 | U14: 0.025467589 | V14: 0.024835099 | W14: 0.024233264 | X14: 0.023659907 | Y14: 0.023113054 | Z14: 0.022590909 | AA14: 0.022091835 | AB14: 0.021614334 | AC14: 0.021157039 | AD14: 0.020718693 | AE14: 0.020298142 | AF14: 0.019894324 | AG14: 0.01950626
A15: ISIC 231 | B15: =B9 -> 0.0357 | C15: =C9 -> 0.0124 | D15: =D9 -> 0.0129 | E15: =E9 -> 0.0129 | F15: =F9 -> 0.0211 | G15: =G9 -> 0.0076 | H15: 0.03807268 | I15: 0.036676314 | J15: 0.035378752 | K15: 0.034169865 | L15: 0.033040863 | M15: 0.031984081 | N15: 0.030992805 | O15: 0.030061126 | P15: 0.029183827 | Q15: 0.028356283 | R15: 0.027574376 | S15: 0.026834433 | T15: 0.026133164 | U15: 0.025467615 | V15: 0.024835124 | W15: 0.024233287 | X15: 0.023659929 | Y15: 0.023113075 | Z15: 0.02259093 | AA15: 0.022091854 | AB15: 0.021614353 | AC15: 0.021157057 | AD15: 0.02071871 | AE15: 0.020298158 | AF15: 0.01989434 | AG15: 0.019506275
A16: ISIC 239 | B16: =B9 -> 0.0357 | C16: =C9 -> 0.0124 | D16: =D9 -> 0.0129 | E16: =E9 -> 0.0129 | F16: =F9 -> 0.0211 | G16: =G9 -> 0.0076 | H16: 0.03807268 | I16: 0.036676314 | J16: 0.035378752 | K16: 0.034169865 | L16: 0.033040863 | M16: 0.031984081 | N16: 0.030992805 | O16: 0.030061126 | P16: 0.029183827 | Q16: 0.028356283 | R16: 0.027574376 | S16: 0.026834433 | T16: 0.026133164 | U16: 0.025467615 | V16: 0.024835124 | W16: 0.024233287 | X16: 0.023659929 | Y16: 0.023113075 | Z16: 0.02259093 | AA16: 0.022091854 | AB16: 0.021614353 | AC16: 0.021157057 | AD16: 0.02071871 | AE16: 0.020298158 | AF16: 0.01989434 | AG16: 0.019506275
A17: ISIC 241 | B17: =B9 -> 0.0357 | C17: =C9 -> 0.0124 | D17: =D9 -> 0.0129 | E17: =E9 -> 0.0129 | F17: =F9 -> 0.0211 | G17: =G9 -> 0.0076 | H17: 0.038043192 | I17: 0.036648949 | J17: 0.035353288 | K17: 0.034146111 | L17: 0.033018653 | M17: 0.031963269 | N17: 0.030973262 | O17: 0.03004274 | P17: 0.029166499 | Q17: 0.028339922 | R17: 0.027558905 | S17: 0.026819781 | T17: 0.026119268 | U17: 0.025454417 | V17: 0.024822573 | W17: 0.024221337 | X17: 0.023648538 | Y17: 0.023102205 | Z17: 0.022580544 | AA17: 0.022081923 | AB17: 0.021604846 | AC17: 0.021147948 | AD17: 0.020709974 | AE17: 0.020289774 | AF17: 0.019886286 | AG17: 0.019498532
A18: ISIC 242 | B18: =B9 -> 0.0357 | C18: =C9 -> 0.0124 | D18: =D9 -> 0.0129 | E18: =E9 -> 0.0129 | F18: =F9 -> 0.0211 | G18: =G9 -> 0.0076 | H18: 0.038043192 | I18: 0.036648949 | J18: 0.035353288 | K18: 0.034146111 | L18: 0.033018653 | M18: 0.031963269 | N18: 0.030973262 | O18: 0.03004274 | P18: 0.029166499 | Q18: 0.028339922 | R18: 0.027558905 | S18: 0.026819781 | T18: 0.026119268 | U18: 0.025454417 | V18: 0.024822573 | W18: 0.024221337 | X18: 0.023648538 | Y18: 0.023102205 | Z18: 0.022580544 | AA18: 0.022081923 | AB18: 0.021604846 | AC18: 0.021147948 | AD18: 0.020709974 | AE18: 0.020289774 | AF18: 0.019886286 | AG18: 0.019498532
A19: ISIC 25 | B19: =B9 -> 0.0357 | C19: =C9 -> 0.0124 | D19: =D9 -> 0.0129 | E19: =E9 -> 0.0129 | F19: =F9 -> 0.0211 | G19: =G9 -> 0.0076 | H19: 0.038072609 | I19: 0.036676248 | J19: 0.035378691 | K19: 0.034169808 | L19: 0.033040809 | M19: 0.031984031 | N19: 0.030992758 | O19: 0.030061082 | P19: 0.029183786 | Q19: 0.028356243 | R19: 0.027574339 | S19: 0.026834398 | T19: 0.026133131 | U19: 0.025467583 | V19: 0.024835094 | W19: 0.024233258 | X19: 0.023659902 | Y19: 0.023113049 | Z19: 0.022590905 | AA19: 0.02209183 | AB19: 0.02161433 | AC19: 0.021157035 | AD19: 0.020718689 | AE19: 0.020298138 | AF19: 0.01989432 | AG19: 0.019506257
A20: ISIC 26 | B20: =B9 -> 0.0357 | C20: =C9 -> 0.0124 | D20: =D9 -> 0.0129 | E20: =E9 -> 0.0129 | F20: =F9 -> 0.0211 | G20: =G9 -> 0.0076 | H20: 0.035434443 | I20: 0.034221812 | J20: 0.033089431 | K20: 0.03202959 | L20: 0.031035535 | M20: 0.030101324 | N20: 0.029221712 | O20: 0.028392048 | P20: 0.027608195 | Q20: 0.02686646 | R20: 0.026163539 | S20: 0.025496461 | T20: 0.024862554 | U20: 0.024259403 | V20: 0.023684823 | W20: 0.023136832 | X20: 0.022613624 | Y20: 0.022113556 | Z20: 0.021635127 | AA20: 0.021176961 | AB20: 0.020737797 | AC20: 0.020316478 | AD20: 0.019911938 | AE20: 0.019523193 | AF20: 0.019149337 | AG20: 0.01878953
A21: ISIC 27 | B21: =B9 -> 0.0357 | C21: =C9 -> 0.0124 | D21: =D9 -> 0.0129 | E21: =E9 -> 0.0129 | F21: =F9 -> 0.0211 | G21: =G9 -> 0.0076 | H21: 0.038387155 | I21: 0.036968057 | J21: 0.03565014 | K21: 0.034422957 | L21: 0.033277449 | M21: 0.032205725 | N21: 0.031200878 | O21: 0.030256838 | P21: 0.029368247 | Q21: 0.028530361 | R21: 0.027738958 | S21: 0.026990276 | T21: 0.026280946 | U21: 0.025607945 | V21: 0.024968552 | W21: 0.02436031 | X21: 0.023780998 | Y21: 0.023228598 | Z21: 0.02270128 | AA21: 0.022197371 | AB21: 0.021715347 | AC21: 0.021253813 | AD21: 0.02081149 | AE21: 0.020387202 | AF21: 0.019979868 | AG21: 0.019588493
A22: ISIC 28 | B22: =B9 -> 0.0357 | C22: =C9 -> 0.0124 | D22: =D9 -> 0.0129 | E22: =E9 -> 0.0129 | F22: =F9 -> 0.0211 | G22: =G9 -> 0.0076 | H22: 0.038072668 | I22: 0.036676304 | J22: 0.035378742 | K22: 0.034169856 | L22: 0.033040854 | M22: 0.031984073 | N22: 0.030992797 | O22: 0.030061119 | P22: 0.029183821 | Q22: 0.028356276 | R22: 0.02757437 | S22: 0.026834427 | T22: 0.026133159 | U22: 0.02546761 | V22: 0.024835119 | W22: 0.024233282 | X22: 0.023659925 | Y22: 0.023113071 | Z22: 0.022590926 | AA22: 0.02209185 | AB22: 0.021614349 | AC22: 0.021157053 | AD22: 0.020718707 | AE22: 0.020298155 | AF22: 0.019894337 | AG22: 0.019506272
A23: ISIC 29 | B23: =B9 -> 0.0357 | C23: =C9 -> 0.0124 | D23: =D9 -> 0.0129 | E23: =E9 -> 0.0129 | F23: =F9 -> 0.0211 | G23: =G9 -> 0.0076 | H23: 0.03807258 | I23: 0.036676221 | J23: 0.035378666 | K23: 0.034169784 | L23: 0.033040788 | M23: 0.031984011 | N23: 0.030992739 | O23: 0.030061064 | P23: 0.029183769 | Q23: 0.028356227 | R23: 0.027574324 | S23: 0.026834384 | T23: 0.026133117 | U23: 0.02546757 | V23: 0.024835081 | W23: 0.024233247 | X23: 0.023659891 | Y23: 0.023113039 | Z23: 0.022590894 | AA23: 0.02209182 | AB23: 0.021614321 | AC23: 0.021157026 | AD23: 0.02071868 | AE23: 0.02029813 | AF23: 0.019894313 | AG23: 0.019506249
A24: ISIC 30 | B24: =B9 -> 0.0357 | C24: =C9 -> 0.0124 | D24: =D9 -> 0.0129 | E24: =E9 -> 0.0129 | F24: =F9 -> 0.0211 | G24: =G9 -> 0.0076 | H24: 0.036423092 | I24: 0.035143072 | J24: 0.033949966 | K24: 0.032835212 | L24: 0.031791337 | M24: 0.030811789 | N24: 0.0298908 | O24: 0.029023271 | P24: 0.028204679 | Q24: 0.027430996 | R24: 0.026698627 | S24: 0.026004346 | T24: 0.025345259 | U24: 0.024718756 | V24: 0.024122478 | W24: 0.023554291 | X24: 0.023012253 | Y24: 0.022494602 | Z24: 0.021999727 | AA24: 0.021526157 | AB24: 0.021072546 | AC24: 0.020637658 | AD24: 0.020220357 | AE24: 0.019819598 | AF24: 0.019434416 | AG24: 0.01906392
A25: ISIC 31T33 | B25: =B9 -> 0.0357 | C25: =C9 -> 0.0124 | D25: =D9 -> 0.0129 | E25: =E9 -> 0.0129 | F25: =F9 -> 0.0211 | G25: =G9 -> 0.0076 | H25: 0.038585994 | I25: 0.037152431 | J25: 0.035821572 | K25: 0.034582763 | L25: 0.033426773 | M25: 0.032345565 | N25: 0.03133211 | O25: 0.030380234 | P25: 0.029484488 | Q25: 0.028640051 | R25: 0.027842636 | S25: 0.027088423 | T25: 0.026373993 | U25: 0.02569628 | V25: 0.025052523 | W25: 0.024440234 | X25: 0.023857159 | Y25: 0.023301257 | Z25: 0.022770672 | AA25: 0.022263712 | AB25: 0.021778835 | AC25: 0.021314627 | AD25: 0.020869795 | AE25: 0.020443151 | AF25: 0.020033601 | AG25: 0.019640138
A26: ISIC 351 | B26: =B52 -> 0.0058 | C26: =C52 -> 0.0006 | D26: =D52 -> 0.0096 | E26: =E52 -> 0.0154 | F26: =F52 -> 0.0076 | G26: =G52 -> 0.003 | H26: 0.037900574 | I26: 0.036516575 | J26: 0.035230092 | K26: 0.034031171 | L26: 0.032911165 | M26: 0.031862532 | N26: 0.03087866 | O26: 0.029953729 | P26: 0.029082597 | Q26: 0.028260702 | R26: 0.027483986 | S26: 0.026748821 | T26: 0.026051962 | U26: 0.02539049 | V26: 0.024761776 | W26: 0.024163446 | X26: 0.02359335 | Y26: 0.023049534 | Z26: 0.022530223 | AA26: 0.022033797 | AB26: 0.021558775 | AC26: 0.021103803 | AD26: 0.020667637 | AE26: 0.020249135 | AF26: 0.019847246 | AG26: 0.019460999
A27: ISIC 352T353 | B27: =B52 -> 0.0058 | C27: =C52 -> 0.0006 | D27: =D52 -> 0.0096 | E27: =E52 -> 0.0154 | F27: =F52 -> 0.0076 | G27: =G52 -> 0.003 | H27: 0.037900574 | I27: 0.036516575 | J27: 0.035230092 | K27: 0.034031171 | L27: 0.032911165 | M27: 0.031862532 | N27: 0.03087866 | O27: 0.029953729 | P27: 0.029082597 | Q27: 0.028260702 | R27: 0.027483986 | S27: 0.026748821 | T27: 0.026051962 | U27: 0.02539049 | V27: 0.024761776 | W27: 0.024163446 | X27: 0.02359335 | Y27: 0.023049534 | Z27: 0.022530223 | AA27: 0.022033797 | AB27: 0.021558775 | AC27: 0.021103803 | AD27: 0.020667637 | AE27: 0.020249135 | AF27: 0.019847246 | AG27: 0.019460999
A28: ISIC 36T39 | B28: 0.047235747 | C28: 0.04513776 | D28: 0.044074053 | E28: 0.042213532 | F28: 0.040503727 | G28: 0.038927037 | H28: 0.037468499 | I28: 0.036115312 | J28: 0.03485646 | K28: 0.033682411 | L28: 0.032584874 | M28: 0.031556606 | N28: 0.03059125 | O28: 0.029683203 | P28: 0.028827511 | Q28: 0.02801977 | R28: 0.027256062 | S28: 0.02653288 | T28: 0.025847082 | U28: 0.025195843 | V28: 0.024576615 | W28: 0.023987093 | X28: 0.023425191 | Y28: 0.022889012 | Z28: 0.022376828 | AA28: 0.021887065 | AB28: 0.021418282 | AC28: 0.020969158 | AD28: 0.020538484 | AE28: 0.020125144 | AF28: 0.019728113 | AG28: 0.019346444
A29: ISIC 41T43 | B29: =B54 -> 0.03 | C29: =C54 -> 0.0038 | D29: =D54 -> 0.0427 | E29: =E54 -> 0.0584 | F29: =F54 -> 0.0326 | G29: =G54 -> 0.0071 | H29: 0.037900558 | I29: 0.03651656 | J29: 0.035230079 | K29: 0.034031159 | L29: 0.032911154 | M29: 0.031862522 | N29: 0.03087865 | O29: 0.029953719 | P29: 0.029082588 | Q29: 0.028260694 | R29: 0.027483977 | S29: 0.026748814 | T29: 0.026051955 | U29: 0.025390483 | V29: 0.02476177 | W29: 0.02416344 | X29: 0.023593344 | Y29: 0.023049528 | Z29: 0.022530218 | AA29: 0.022033791 | AB29: 0.02155877 | AC29: 0.021103798 | AD29: 0.020667632 | AE29: 0.020249131 | AF29: 0.019847241 | AG29: 0.019460994
A30: ISIC 45T47 | B30: 0.047913033 | C30: 0.045756503 | D30: 0.044673101 | E30: 0.042762756 | F30: 0.041009095 | G30: 0.039393599 | H30: 0.037900559 | I30: 0.036516561 | J30: 0.03523008 | K30: 0.034031159 | L30: 0.032911155 | M30: 0.031862522 | N30: 0.030878651 | O30: 0.02995372 | P30: 0.029082588 | Q30: 0.028260694 | R30: 0.027483978 | S30: 0.026748814 | T30: 0.026051955 | U30: 0.025390483 | V30: 0.02476177 | W30: 0.024163441 | X30: 0.023593344 | Y30: 0.023049529 | Z30: 0.022530218 | AA30: 0.022033792 | AB30: 0.02155877 | AC30: 0.021103798 | AD30: 0.020667633 | AE30: 0.020249131 | AF30: 0.019847242 | AG30: 0.019460995
A31: ISIC 49T53 | B31: =B56 -> 0.0576 | C31: =C56 -> 0.0434 | D31: =D56 -> 0.0238 | E31: =E56 -> 0.0484 | F31: =F56 -> 0.0409 | G31: =G56 -> 0.0106 | H31: 0.040724277 | I31: 0.039130708 | J31: 0.037657156 | K31: 0.036290557 | L31: 0.035019674 | M31: 0.03383479 | N31: 0.032727464 | O31: 0.03169032 | P31: 0.030716892 | Q31: 0.029801483 | R31: 0.028939056 | S31: 0.028125141 | T31: 0.027355756 | U31: 0.026627345 | V31: 0.025936719 | W31: 0.025281013 | X31: 0.024657643 | Y31: 0.024064274 | Z31: 0.023498793 | AA31: 0.022959278 | AB31: 0.02244398 | AC31: 0.021951305 | AD31: 0.021479796 | AE31: 0.021028116 | AF31: 0.020595041 | AG31: 0.020179445
A32: ISIC 55T56 | B32: =B57 -> 0.0091 | C32: =C57 -> 0.006 | D32: =D57 -> 0.0073 | E32: =E57 -> 0.018 | F32: =F57 -> 0.012 | G32: =G57 -> 0.0227 | H32: 0.037900569 | I32: 0.03651657 | J32: 0.035230088 | K32: 0.034031167 | L32: 0.032911162 | M32: 0.031862529 | N32: 0.030878657 | O32: 0.029953726 | P32: 0.029082594 | Q32: 0.028260699 | R32: 0.027483983 | S32: 0.026748819 | T32: 0.02605196 | U32: 0.025390488 | V32: 0.024761774 | W32: 0.024163444 | X32: 0.023593348 | Y32: 0.023049532 | Z32: 0.022530221 | AA32: 0.022033795 | AB32: 0.021558773 | AC32: 0.021103801 | AD32: 0.020667636 | AE32: 0.020249134 | AF32: 0.019847244 | AG32: 0.019460997
A33: ISIC 58T60 | B33: =B58 -> 0.0244 | C33: =C58 -> 0.0043 | D33: =D58 -> 0.0073 | E33: =E58 -> 0.0075 | F33: =F58 -> 0.0105 | G33: =G58 -> 0.01 | H33: 0.03684493 | I33: 0.035535622 | J33: 0.034316175 | K33: 0.033177646 | L33: 0.032112237 | M33: 0.031113125 | N33: 0.030174308 | O33: 0.029290488 | P33: 0.028456969 | Q33: 0.027669577 | R33: 0.026924585 | S33: 0.026218659 | T33: 0.025548803 | U33: 0.024912323 | V33: 0.024306785 | W33: 0.023729985 | X33: 0.023179926 | Y33: 0.022654789 | Z33: 0.02215292 | AA33: 0.021672804 | AB33: 0.021213057 | AC33: 0.020772411 | AD33: 0.020349699 | AE33: 0.019943847 | AF33: 0.019553868 | AG33: 0.019178847
A34: ISIC 61 | B34: =B58 -> 0.0244 | C34: =C58 -> 0.0043 | D34: =D58 -> 0.0073 | E34: =E58 -> 0.0075 | F34: =F58 -> 0.0105 | G34: =G58 -> 0.01 | H34: 0.036893947 | I34: 0.035581215 | J34: 0.034358691 | K34: 0.033217386 | L34: 0.032149464 | M34: 0.031148071 | N34: 0.030207175 | O34: 0.029321457 | P34: 0.0284862 | Q34: 0.027697212 | R34: 0.026950751 | S34: 0.02624347 | T34: 0.025572362 | U34: 0.024934723 | V34: 0.024328108 | W34: 0.023750308 | X34: 0.023199317 | Y34: 0.022673312 | Z34: 0.02217063 | AA34: 0.021689755 | AB34: 0.021229296 | AC34: 0.020787982 | AD34: 0.020364642 | AE34: 0.019958201 | AF34: 0.019567665 | AG34: 0.01919212
A35: ISIC 62T63 | B35: =B58 -> 0.0244 | C35: =C58 -> 0.0043 | D35: =D58 -> 0.0073 | E35: =E58 -> 0.0075 | F35: =F58 -> 0.0105 | G35: =G58 -> 0.01 | H35: 0.041656001 | I35: 0.03999017 | J35: 0.03845245 | K35: 0.037028609 | L35: 0.035706449 | M35: 0.034475453 | N35: 0.033326507 | O35: 0.032251671 | P35: 0.031244 | Q35: 0.030297388 | R35: 0.02940645 | S35: 0.028566413 | T35: 0.027773037 | U35: 0.027022539 | V35: 0.026311535 | W35: 0.025636986 | X35: 0.02499616 | Y35: 0.024386589 | Z35: 0.023806041 | AA35: 0.023252491 | AB35: 0.022724099 | AC35: 0.022219188 | AD35: 0.021736227 | AE35: 0.021273814 | AF35: 0.020830667 | AG35: 0.020405604
A36: ISIC 64T66 | B36: =B59 -> 0.0257 | C36: =C59 -> 0.0041 | D36: =D59 -> 0.0414 | E36: =E59 -> 0.0422 | F36: =F59 -> 0.0368 | G36: =G59 -> 0.0217 | H36: 0.03856984 | I36: 0.037137455 | J36: 0.03580765 | K36: 0.034569787 | L36: 0.03341465 | M36: 0.032334213 | N36: 0.031321458 | O36: 0.030370219 | P36: 0.029475055 | Q36: 0.02863115 | R36: 0.027834224 | S36: 0.027080461 | T36: 0.026366445 | U36: 0.025689115 | V36: 0.025045712 | W36: 0.024433752 | X36: 0.023850983 | Y36: 0.023295365 | Z36: 0.022765045 | AA36: 0.022258333 | AB36: 0.021773687 | AC36: 0.021309697 | AD36: 0.020865068 | AE36: 0.020438615 | AF36: 0.020029245 | AG36: 0.019635952
A37: ISIC 68 | B37: =B60 -> 0.0234 | C37: =C60 -> 0.0092 | D37: =D60 -> 0.0039 | E37: =E60 -> 0.0253 | F37: =F60 -> 0.0205 | G37: =G60 -> 0.0051 | H37: 0.037652859 | I37: 0.036286566 | J37: 0.035015957 | K37: 0.033831321 | L37: 0.032724218 | M37: 0.031687276 | N37: 0.030714032 | O37: 0.029798791 | P37: 0.028936518 | Q37: 0.028122744 | R37: 0.027353489 | S37: 0.026625197 | T37: 0.025934681 | U37: 0.025279076 | V37: 0.0246558 | W37: 0.024062519 | X37: 0.023497119 | Y37: 0.02295768 | Z37: 0.022442453 | AA37: 0.021949845 | AB37: 0.021478398 | AC37: 0.021026776 | AD37: 0.020593756 | AE37: 0.020178211 | AF37: 0.019779104 | AG37: 0.019395479
A38: ISIC 69T82 | B38: =B61 -> 0.0333 | C38: =C61 -> 0.0227 | D38: =D61 -> 0.0158 | E38: =E61 -> 0.0425 | F38: =F61 -> 0.0366 | G38: =G61 -> 0.0216 | H38: 0.038193372 | I38: 0.036788303 | J38: 0.035482946 | K38: 0.03426705 | L38: 0.033131723 | M38: 0.032069215 | N38: 0.031072737 | O38: 0.030136319 | P38: 0.02925469 | Q38: 0.028423179 | R38: 0.02763763 | S38: 0.026894334 | T38: 0.026189972 | U38: 0.025521563 | V38: 0.024886423 | W38: 0.024282127 | X38: 0.023706484 | Y38: 0.023157501 | Z38: 0.022633368 | AA38: 0.022132437 | AB38: 0.021653199 | AC38: 0.021194275 | AD38: 0.0207544 | AE38: 0.020332413 | AF38: 0.019927244 | AG38: 0.019537908
A39: ISIC 84 | B39: =B62 -> 0.0083 | C39: =C62 -> 0.0254 | D39: =D62 -> 0.0047 | E39: =E62 -> 0.0063 | F39: =F62 -> 0.0032 | G39: =F39 -> 0.0032 | H39: 0.037900552 | I39: 0.036516555 | J39: 0.035230074 | K39: 0.034031154 | L39: 0.032911149 | M39: 0.031862517 | N39: 0.030878646 | O39: 0.029953716 | P39: 0.029082584 | Q39: 0.02826069 | R39: 0.027483974 | S39: 0.026748811 | T39: 0.026051952 | U39: 0.02539048 | V39: 0.024761767 | W39: 0.024163438 | X39: 0.023593342 | Y39: 0.023049526 | Z39: 0.022530215 | AA39: 0.022033789 | AB39: 0.021558768 | AC39: 0.021103796 | AD39: 0.020667631 | AE39: 0.020249129 | AF39: 0.01984724 | AG39: 0.019460993
A40: ISIC 85 | B40: =B63 -> 0.0201 | C40: =C63 -> 0.0284 | D40: =D63 -> 0.0106 | E40: =E63 -> 0.0101 | F40: =F63 -> 0.0121 | G40: =G63 -> 0.0267 | H40: 0.037900558 | I40: 0.03651656 | J40: 0.035230079 | K40: 0.034031159 | L40: 0.032911154 | M40: 0.031862522 | N40: 0.03087865 | O40: 0.029953719 | P40: 0.029082588 | Q40: 0.028260694 | R40: 0.027483977 | S40: 0.026748814 | T40: 0.026051955 | U40: 0.025390483 | V40: 0.02476177 | W40: 0.02416344 | X40: 0.023593344 | Y40: 0.023049528 | Z40: 0.022530218 | AA40: 0.022033791 | AB40: 0.02155877 | AC40: 0.021103798 | AD40: 0.020667632 | AE40: 0.020249131 | AF40: 0.019847242 | AG40: 0.019460994
A41: ISIC 86T88 | B41: =B64 -> 0.017 | C41: =C64 -> 0.0338 | D41: =D64 -> 0.0211 | E41: =E64 -> 0.0117 | F41: =F64 -> 0.0193 | G41: =G64 -> 0.0212 | H41: 0.037900484 | I41: 0.036516491 | J41: 0.035230015 | K41: 0.034031099 | L41: 0.032911098 | M41: 0.031862469 | N41: 0.030878601 | O41: 0.029953673 | P41: 0.029082544 | Q41: 0.028260652 | R41: 0.027483938 | S41: 0.026748777 | T41: 0.02605192 | U41: 0.02539045 | V41: 0.024761738 | W41: 0.02416341 | X41: 0.023593315 | Y41: 0.023049501 | Z41: 0.022530191 | AA41: 0.022033766 | AB41: 0.021558746 | AC41: 0.021103775 | AD41: 0.02066761 | AE41: 0.02024911 | AF41: 0.019847221 | AG41: 0.019460975
A42: ISIC 90T96 | B42: =B65 -> 0.0405 | C42: =C65 -> 0.0211 | D42: =D65 -> 0.0103 | E42: =E65 -> 0.0364 | F42: =F65 -> 0.0352 | G42: =G65 -> 0.0212 | H42: 0.038474339 | I42: 0.037048907 | J42: 0.035725323 | K42: 0.034493048 | L42: 0.033342948 | M42: 0.032267069 | N42: 0.03125845 | O42: 0.030310976 | P42: 0.02941925 | Q42: 0.028578492 | R42: 0.027784454 | S42: 0.027033347 | T42: 0.026321782 | U42: 0.025646714 | V42: 0.025005408 | W42: 0.024395391 | X42: 0.023814429 | Y42: 0.023260493 | Z42: 0.022731742 | AA42: 0.022226495 | AB42: 0.021743219 | AC42: 0.021280513 | AD42: 0.020837089 | AE42: 0.020411767 | AF42: 0.020003461 | AG42: 0.01961117
A43: ISIC 97T98 | B43: =B65 -> 0.0405 | C43: =C65 -> 0.0211 | D43: =D65 -> 0.0103 | E43: =E65 -> 0.0364 | F43: =F65 -> 0.0352 | G43: =G65 -> 0.0212 | H43: 0.036607404 | I43: 0.035314628 | J43: 0.034110044 | K43: 0.032984927 | L43: 0.031931663 | M43: 0.030943583 | N43: 0.030014817 | O43: 0.02914018 | P43: 0.028315074 | Q43: 0.027535407 | R43: 0.026797526 | S43: 0.02609816 | T43: 0.025434369 | U43: 0.024803508 | V43: 0.024203184 | W43: 0.023631233 | X43: 0.02308569 | Y43: 0.022564766 | Z43: 0.022066833 | AA43: 0.021590402 | AB43: 0.021134108 | AC43: 0.020696701 | AD43: 0.020277034 | AE43: 0.019874047 | AF43: 0.019486766 | AG43: 0.01911429
A48: GDP Growth by industry (Percent) | B48: 2019 | C48: 2020 | D48: 2021 | E48: 2022 | F48: 2023 | G48: 2024 | H48: 2025 | I48: 2026 | J48: 2027 | K48: 2028 | L48: 2029 | M48: 2030 | N48: 2031 | O48: 2032 | P48: 2033 | Q48: 2034 | R48: 2035 | S48: 2036 | T48: 2037 | U48: 2038 | V48: 2039 | W48: 2040 | X48: 2041 | Y48: 2042 | Z48: 2043 | AA48: 2044 | AB48: 2045 | AC48: 2046 | AD48: 2047 | AE48: 2048 | AF48: 2049 | AG48: 2050 | AH48: 2051 | AI48: 2052 | AJ48: 2053 | AK48: 2054 | AL48: 2055 | AM48: 2056 | AN48: 2057 | AO48: 2058 | AP48: 2059 | AQ48: 2060 | AR48: 2061 | AS48: 2062 | AT48: 2063 | AU48: 2064 | AV48: 2065 | AW48: 2066 | AX48: 2067 | AY48: 2068 | AZ48: 2069 | BA48: 2070
A49: Agriculture, Forestry and Fishing | B49: 0.0285 | C49: 0.0437 | D49: 0.0321 | E49: 0.0463 | F49: 0.0418 | G49: 0.0825 | H49: 0.073666667 | I49: 0.08162381 | J49: 0.089580952 | K49: 0.097538095 | L49: 0.10549524 | M49: 0.11345238 | N49: 0.12140952 | O49: 0.12936667 | P49: 0.13732381 | Q49: 0.14528095 | R49: 0.1532381 | S49: 0.16119524 | T49: 0.16915238 | U49: 0.17710952 | V49: 0.18506667 | W49: 0.19302381 | X49: 0.20098095 | Y49: 0.2089381 | Z49: 0.21689524 | AA49: 0.22485238 | AB49: 0.23280952 | AC49: 0.24076667 | AD49: 0.24872381 | AE49: 0.25668095 | AF49: 0.2646381 | AG49: 0.27259524 | AH49: 0.28055238 | AI49: 0.28850952 | AJ49: 0.29646667 | AK49: 0.30442381 | AL49: 0.31238095 | AM49: 0.3203381 | AN49: 0.32829524 | AO49: 0.33625238 | AP49: 0.34420952 | AQ49: 0.35216667 | AR49: 0.36012381 | AS49: 0.36808095 | AT49: 0.3760381 | AU49: 0.38399524 | AV49: 0.39195238 | AW49: 0.39990952 | AX49: 0.40786667 | AY49: 0.41582381 | AZ49: 0.42378095 | BA49: 0.4317381
A50: Mining and Quarrying | B50: 0.0251 | C50: 0.1247 | D50: 0.2718 | E50: 0.3371 | F50: 0.0329 | G50: 0.0177 | H50: =G50 -> 0.0177 | I50: 0.22316571 | J50: 0.23729143 | K50: 0.25141714 | L50: 0.26554286 | M50: 0.27966857 | N50: 0.29379429 | O50: 0.30792 | P50: 0.32204571 | Q50: 0.33617143 | R50: 0.35029714 | S50: 0.36442286 | T50: 0.37854857 | U50: 0.39267429 | V50: 0.4068 | W50: 0.42092571 | X50: 0.43505143 | Y50: 0.44917714 | Z50: 0.46330286 | AA50: 0.47742857 | AB50: 0.49155429 | AC50: 0.50568 | AD50: 0.51980571 | AE50: 0.53393143 | AF50: 0.54805714 | AG50: 0.56218286 | AH50: 0.57630857 | AI50: 0.59043429 | AJ50: 0.60456 | AK50: 0.61868571 | AL50: 0.63281143 | AM50: 0.64693714 | AN50: 0.66106286 | AO50: 0.67518857 | AP50: 0.68931429 | AQ50: 0.70344 | AR50: 0.71756571 | AS50: 0.73169143 | AT50: 0.74581714 | AU50: 0.75994286 | AV50: 0.77406857 | AW50: 0.78819429 | AX50: 0.80232 | AY50: 0.81644571 | AZ50: 0.83057143 | BA50: 0.84469714
A51: Manufacturing | B51: 0.0357 | C51: 0.0124 | D51: 0.0129 | E51: 0.0129 | F51: 0.0211 | G51: 0.0076 | H51: 0.00566 | I51: 0.0023914286 | J51: 0.0023914286 | K51: 0.0023914286 | L51: 0.0023914286 | M51: 0.0023914286 | N51: 0.0023914286 | O51: 0.0023914286 | P51: 0.0023914286 | Q51: 0.0023914286 | R51: 0.0023914286 | S51: 0.0023914286 | T51: 0.0023914286 | U51: 0.0023914286 | V51: 0.0023914286 | W51: 0.0023914286 | X51: 0.0023914286 | Y51: 0.0023914286 | Z51: 0.0023914286 | AA51: 0.0023914286 | AB51: 0.0023914286 | AC51: 0.0023914286 | AD51: 0.0023914286 | AE51: 0.0023914286 | AF51: 0.0023914286 | AG51: 0.0023914286 | AH51: 0.0023914286 | AI51: 0.0023914286 | AJ51: 0.0023914286 | AK51: 0.0023914286 | AL51: 0.0023914286 | AM51: 0.0023914286 | AN51: 0.0023914286 | AO51: 0.0023914286 | AP51: 0.0023914286 | AQ51: 0.0023914286 | AR51: 0.0023914286 | AS51: 0.0023914286 | AT51: 0.0023914286 | AU51: 0.0023914286 | AV51: 0.0023914286 | AW51: 0.0023914286 | AX51: 0.0023914286 | AY51: 0.0023914286 | AZ51: 0.0023914286 | BA51: 0.0023914286
A52: Electricity and Gas | B52: 0.0058 | C52: 0.0006 | D52: 0.0096 | E52: 0.0154 | F52: 0.0076 | G52: 0.003 | H52: 0.00828 | I52: 0.0086457143 | J52: 0.0090114286 | K52: 0.0093771429 | L52: 0.0097428571 | M52: 0.010108571 | N52: 0.010474286 | O52: 0.01084 | P52: 0.011205714 | Q52: 0.011571429 | R52: 0.011937143 | S52: 0.012302857 | T52: 0.012668571 | U52: 0.013034286 | V52: 0.0134 | W52: 0.013765714 | X52: 0.014131429 | Y52: 0.014497143 | Z52: 0.014862857 | AA52: 0.015228571 | AB52: 0.015594286 | AC52: 0.01596 | AD52: 0.016325714 | AE52: 0.016691429 | AF52: 0.017057143 | AG52: 0.017422857 | AH52: 0.017788571 | AI52: 0.018154286 | AJ52: 0.01852 | AK52: 0.018885714 | AL52: 0.019251429 | AM52: 0.019617143 | AN52: 0.019982857 | AO52: 0.020348571 | AP52: 0.020714286 | AQ52: 0.02108 | AR52: 0.021445714 | AS52: 0.021811429 | AT52: 0.022177143 | AU52: 0.022542857 | AV52: 0.022908571 | AW52: 0.023274286 | AX52: 0.02364 | AY52: 0.024005714 | AZ52: 0.024371429 | BA52: 0.024737143
A53: Water supply, Sewerage, Waste Management and Remediation Activities | B53: 0.0026 | C53: 0.0035 | D53: 0.0134 | E53: 0.0098 | F53: 0.0102 | G53: 0.0568 | H53: 0.0448 | I53: 0.053014286 | J53: 0.061228571 | K53: 0.069442857 | L53: 0.077657143 | M53: 0.085871429 | N53: 0.094085714 | O53: 0.1023 | P53: 0.11051429 | Q53: 0.11872857 | R53: 0.12694286 | S53: 0.13515714 | T53: 0.14337143 | U53: 0.15158571 | V53: 0.1598 | W53: 0.16801429 | X53: 0.17622857 | Y53: 0.18444286 | Z53: 0.19265714 | AA53: 0.20087143 | AB53: 0.20908571 | AC53: 0.2173 | AD53: 0.22551429 | AE53: 0.23372857 | AF53: 0.24194286 | AG53: 0.25015714 | AH53: 0.25837143 | AI53: 0.26658571 | AJ53: 0.2748 | AK53: 0.28301429 | AL53: 0.29122857 | AM53: 0.29944286 | AN53: 0.30765714 | AO53: 0.31587143 | AP53: 0.32408571 | AQ53: 0.3323 | AR53: 0.34051429 | AS53: 0.34872857 | AT53: 0.35694286 | AU53: 0.36515714 | AV53: 0.37337143 | AW53: 0.38158571 | AX53: 0.3898 | AY53: 0.39801429 | AZ53: 0.40622857 | BA53: 0.41444286
A54: Construction | B54: 0.03 | C54: 0.0038 | D54: 0.0427 | E54: 0.0584 | F54: 0.0326 | G54: 0.0071 | H54: 0.02786 | I54: 0.027505714 | J54: 0.027151429 | K54: 0.026797143 | L54: 0.026442857 | M54: 0.026088571 | N54: 0.025734286 | O54: 0.02538 | P54: 0.025025714 | Q54: 0.024671429 | R54: 0.024317143 | S54: 0.023962857 | T54: 0.023608571 | U54: 0.023254286 | V54: 0.0229 | W54: 0.022545714 | X54: 0.022191429 | Y54: 0.021837143 | Z54: 0.021482857 | AA54: 0.021128571 | AB54: 0.020774286 | AC54: 0.02042 | AD54: 0.020065714 | AE54: 0.019711429 | AF54: 0.019357143 | AG54: 0.019002857 | AH54: 0.018648571 | AI54: 0.018294286 | AJ54: 0.01794 | AK54: 0.017585714 | AL54: 0.017231429 | AM54: 0.016877143 | AN54: 0.016522857 | AO54: 0.016168571 | AP54: 0.015814286 | AQ54: 0.01546 | AR54: 0.015105714 | AS54: 0.014751429 | AT54: 0.014397143 | AU54: 0.014042857 | AV54: 0.013688571 | AW54: 0.013334286 | AX54: 0.01298 | AY54: 0.012625714 | AZ54: 0.012271429 | BA54: 0.011917143
A55: Wholesale and Retail Trade; Repair of Motor Vehicles and Motorcycles | B55: 0.0196 | C55: 0.0059 | D55: 0.0636 | E55: 0.0995 | F55: 0.0255 | G55: 0.0205 | H55: 0.04902 | I55: 0.051854286 | J55: 0.054688571 | K55: 0.057522857 | L55: 0.060357143 | M55: 0.063191429 | N55: 0.066025714 | O55: 0.06886 | P55: 0.071694286 | Q55: 0.074528571 | R55: 0.077362857 | S55: 0.080197143 | T55: 0.083031429 | U55: 0.085865714 | V55: 0.0887 | W55: 0.091534286 | X55: 0.094368571 | Y55: 0.097202857 | Z55: 0.10003714 | AA55: 0.10287143 | AB55: 0.10570571 | AC55: 0.10854 | AD55: 0.11137429 | AE55: 0.11420857 | AF55: 0.11704286 | AG55: 0.11987714 | AH55: 0.12271143 | AI55: 0.12554571 | AJ55: 0.12838 | AK55: 0.13121429 | AL55: 0.13404857 | AM55: 0.13688286 | AN55: 0.13971714 | AO55: 0.14255143 | AP55: 0.14538571 | AQ55: 0.14822 | AR55: 0.15105429 | AS55: 0.15388857 | AT55: 0.15672286 | AU55: 0.15955714 | AV55: 0.16239143 | AW55: 0.16522571 | AX55: 0.16806 | AY55: 0.17089429 | AZ55: 0.17372857 | BA55: 0.17656286
A56: Transportation and Storage | B56: 0.0576 | C56: 0.0434 | D56: 0.0238 | E56: 0.0484 | F56: 0.0409 | G56: 0.0106 | H56: 0.01566 | I56: 0.0094342857 | J56: 0.0032085714 | K56: 0.0032085714 | L56: 0.0032085714 | M56: 0.0032085714 | N56: 0.0032085714 | O56: 0.0032085714 | P56: 0.0032085714 | Q56: 0.0032085714 | R56: 0.0032085714 | S56: 0.0032085714 | T56: 0.0032085714 | U56: 0.0032085714 | V56: 0.0032085714 | W56: 0.0032085714 | X56: 0.0032085714 | Y56: 0.0032085714 | Z56: 0.0032085714 | AA56: 0.0032085714 | AB56: 0.0032085714 | AC56: 0.0032085714 | AD56: 0.0032085714 | AE56: 0.0032085714 | AF56: 0.0032085714 | AG56: 0.0032085714 | AH56: 0.0032085714 | AI56: 0.0032085714 | AJ56: 0.0032085714 | AK56: 0.0032085714 | AL56: 0.0032085714 | AM56: 0.0032085714 | AN56: 0.0032085714 | AO56: 0.0032085714 | AP56: 0.0032085714 | AQ56: 0.0032085714 | AR56: 0.0032085714 | AS56: 0.0032085714 | AT56: 0.0032085714 | AU56: 0.0032085714 | AV56: 0.0032085714 | AW56: 0.0032085714 | AX56: 0.0032085714 | AY56: 0.0032085714 | AZ56: 0.0032085714 | BA56: 0.0032085714
A57: Accommodation and Food Service Activities | B57: 0.0091 | C57: 0.006 | D57: 0.0073 | E57: 0.018 | F57: 0.012 | G57: 0.0227 | H57: 0.022186667 | I57: 0.024949524 | J57: 0.027712381 | K57: 0.030475238 | L57: 0.033238095 | M57: 0.036000952 | N57: 0.03876381 | O57: 0.041526667 | P57: 0.044289524 | Q57: 0.047052381 | R57: 0.049815238 | S57: 0.052578095 | T57: 0.055340952 | U57: 0.05810381 | V57: 0.060866667 | W57: 0.063629524 | X57: 0.066392381 | Y57: 0.069155238 | Z57: 0.071918095 | AA57: 0.074680952 | AB57: 0.07744381 | AC57: 0.080206667 | AD57: 0.082969524 | AE57: 0.085732381 | AF57: 0.088495238 | AG57: 0.091258095 | AH57: 0.094020952 | AI57: 0.09678381 | AJ57: 0.099546667 | AK57: 0.10230952 | AL57: 0.10507238 | AM57: 0.10783524 | AN57: 0.1105981 | AO57: 0.11336095 | AP57: 0.11612381 | AQ57: 0.11888667 | AR57: 0.12164952 | AS57: 0.12441238 | AT57: 0.12717524 | AU57: 0.1299381 | AV57: 0.13270095 | AW57: 0.13546381 | AX57: 0.13822667 | AY57: 0.14098952 | AZ57: 0.14375238 | BA57: 0.14651524
A58: Information and Communication | B58: 0.0244 | C58: 0.0043 | D58: 0.0073 | E58: 0.0075 | F58: 0.0105 | G58: 0.01 | H58: 0.0053466667 | I58: 0.0038266667 | J58: 0.0023066667 | K58: 0.00078666667 | L58: 0.00078666667 | M58: 0.00078666667 | N58: 0.00078666667 | O58: 0.00078666667 | P58: 0.00078666667 | Q58: 0.00078666667 | R58: 0.00078666667 | S58: 0.00078666667 | T58: 0.00078666667 | U58: 0.00078666667 | V58: 0.00078666667 | W58: 0.00078666667 | X58: 0.00078666667 | Y58: 0.00078666667 | Z58: 0.00078666667 | AA58: 0.00078666667 | AB58: 0.00078666667 | AC58: 0.00078666667 | AD58: 0.00078666667 | AE58: 0.00078666667 | AF58: 0.00078666667 | AG58: 0.00078666667 | AH58: 0.00078666667 | AI58: 0.00078666667 | AJ58: 0.00078666667 | AK58: 0.00078666667 | AL58: 0.00078666667 | AM58: 0.00078666667 | AN58: 0.00078666667 | AO58: 0.00078666667 | AP58: 0.00078666667 | AQ58: 0.00078666667 | AR58: 0.00078666667 | AS58: 0.00078666667 | AT58: 0.00078666667 | AU58: 0.00078666667 | AV58: 0.00078666667 | AW58: 0.00078666667 | AX58: 0.00078666667 | AY58: 0.00078666667 | AZ58: 0.00078666667 | BA58: 0.00078666667
A59: Financial and Insurance Activities | B59: 0.0257 | C59: 0.0041 | D59: 0.0414 | E59: 0.0422 | F59: 0.0368 | G59: 0.0217 | H59: 0.03654 | I59: 0.038794286 | J59: 0.041048571 | K59: 0.043302857 | L59: 0.045557143 | M59: 0.047811429 | N59: 0.050065714 | O59: 0.05232 | P59: 0.054574286 | Q59: 0.056828571 | R59: 0.059082857 | S59: 0.061337143 | T59: 0.063591429 | U59: 0.065845714 | V59: 0.0681 | W59: 0.070354286 | X59: 0.072608571 | Y59: 0.074862857 | Z59: 0.077117143 | AA59: 0.079371429 | AB59: 0.081625714 | AC59: 0.08388 | AD59: 0.086134286 | AE59: 0.088388571 | AF59: 0.090642857 | AG59: 0.092897143 | AH59: 0.095151429 | AI59: 0.097405714 | AJ59: 0.09966 | AK59: 0.10191429 | AL59: 0.10416857 | AM59: 0.10642286 | AN59: 0.10867714 | AO59: 0.11093143 | AP59: 0.11318571 | AQ59: 0.11544 | AR59: 0.11769429 | AS59: 0.11994857 | AT59: 0.12220286 | AU59: 0.12445714 | AV59: 0.12671143 | AW59: 0.12896571 | AX59: 0.13122 | AY59: 0.13347429 | AZ59: 0.13572857 | BA59: 0.13798286
A60: Real Estate Activities | B60: 0.0234 | C60: 0.0092 | D60: 0.0039 | E60: 0.0253 | F60: 0.0205 | G60: 0.0051 | H60: 0.010946667 | I60: 0.009912381 | J60: 0.0088780952 | K60: 0.0078438095 | L60: 0.0068095238 | M60: 0.0057752381 | N60: 0.0047409524 | O60: 0.0037066667 | P60: 0.002672381 | Q60: 0.0016380952 | R60: 0.00060380952 | S60: 0.00060380952 | T60: 0.00060380952 | U60: 0.00060380952 | V60: 0.00060380952 | W60: 0.00060380952 | X60: 0.00060380952 | Y60: 0.00060380952 | Z60: 0.00060380952 | AA60: 0.00060380952 | AB60: 0.00060380952 | AC60: 0.00060380952 | AD60: 0.00060380952 | AE60: 0.00060380952 | AF60: 0.00060380952 | AG60: 0.00060380952 | AH60: 0.00060380952 | AI60: 0.00060380952 | AJ60: 0.00060380952 | AK60: 0.00060380952 | AL60: 0.00060380952 | AM60: 0.00060380952 | AN60: 0.00060380952 | AO60: 0.00060380952 | AP60: 0.00060380952 | AQ60: 0.00060380952 | AR60: 0.00060380952 | AS60: 0.00060380952 | AT60: 0.00060380952 | AU60: 0.00060380952 | AV60: 0.00060380952 | AW60: 0.00060380952 | AX60: 0.00060380952 | AY60: 0.00060380952 | AZ60: 0.00060380952 | BA60: 0.00060380952
A61: Business Activities | B61: 0.0333 | C61: 0.0227 | D61: 0.0158 | E61: 0.0425 | F61: 0.0366 | G61: 0.0216 | H61: 0.02974 | I61: 0.030022857 | J61: 0.030305714 | K61: 0.030588571 | L61: 0.030871429 | M61: 0.031154286 | N61: 0.031437143 | O61: 0.03172 | P61: 0.032002857 | Q61: 0.032285714 | R61: 0.032568571 | S61: 0.032851429 | T61: 0.033134286 | U61: 0.033417143 | V61: 0.0337 | W61: 0.033982857 | X61: 0.034265714 | Y61: 0.034548571 | Z61: 0.034831429 | AA61: 0.035114286 | AB61: 0.035397143 | AC61: 0.03568 | AD61: 0.035962857 | AE61: 0.036245714 | AF61: 0.036528571 | AG61: 0.036811429 | AH61: 0.037094286 | AI61: 0.037377143 | AJ61: 0.03766 | AK61: 0.037942857 | AL61: 0.038225714 | AM61: 0.038508571 | AN61: 0.038791429 | AO61: 0.039074286 | AP61: 0.039357143 | AQ61: 0.03964 | AR61: 0.039922857 | AS61: 0.040205714 | AT61: 0.040488571 | AU61: 0.040771429 | AV61: 0.041054286 | AW61: 0.041337143 | AX61: 0.04162 | AY61: 0.041902857 | AZ61: 0.042185714 | BA61: 0.042468571
A62: Public Administration and Defence; Compulsory Social Security | B62: 0.0083 | C62: 0.0254 | D62: 0.0047 | E62: 0.0063 | F62: 0.0032 | G62: 0.0272 | H62: 0.015466667 | I62: 0.016309524 | J62: 0.017152381 | K62: 0.017995238 | L62: 0.018838095 | M62: 0.019680952 | N62: 0.02052381 | O62: 0.021366667 | P62: 0.022209524 | Q62: 0.023052381 | R62: 0.023895238 | S62: 0.024738095 | T62: 0.025580952 | U62: 0.02642381 | V62: 0.027266667 | W62: 0.028109524 | X62: 0.028952381 | Y62: 0.029795238 | Z62: 0.030638095 | AA62: 0.031480952 | AB62: 0.03232381 | AC62: 0.033166667 | AD62: 0.034009524 | AE62: 0.034852381 | AF62: 0.035695238 | AG62: 0.036538095 | AH62: 0.037380952 | AI62: 0.03822381 | AJ62: 0.039066667 | AK62: 0.039909524 | AL62: 0.040752381 | AM62: 0.041595238 | AN62: 0.042438095 | AO62: 0.043280952 | AP62: 0.04412381 | AQ62: 0.044966667 | AR62: 0.045809524 | AS62: 0.046652381 | AT62: 0.047495238 | AU62: 0.048338095 | AV62: 0.049180952 | AW62: 0.05002381 | AX62: 0.050866667 | AY62: 0.051709524 | AZ62: 0.052552381 | BA62: 0.053395238
... A65: Other Services Activities | B65: 0.0405 | C65: 0.0211 | D65: 0.0103 | E65: 0.0364 | F65: 0.0352 | G65: 0.0212 | H65: 0.02464 | I65: 0.023837143 | J65: 0.023034286 | K65: 0.022231429 | L65: 0.021428571 | M65: 0.020625714 | N65: 0.019822857 | O65: 0.01902 | P65: 0.018217143 | Q65: 0.017414286 | R65: 0.016611429 | S65: 0.015808571 | T65: 0.015005714 | U65: 0.014202857 | V65: 0.0134 | W65: 0.012597143 | X65: 0.011794286 | Y65: 0.010991429 | Z65: 0.010188571 | AA65: 0.0093857143 | AB65: 0.0085828571 | AC65: 0.00778 | AD65: 0.0069771429 | AE65: 0.0061742857 | AF65: 0.0053714286 | AG65: 0.0045685714 | AH65: 0.0037657143 | AI65: 0.0029628571 | AJ65: 0.00216 | AK65: 0.0013571429 | AL65: 0.00055428571 | AM65: 0.00055428571 | AN65: 0.00055428571 | AO65: 0.00055428571 | AP65: 0.00055428571 | AQ65: 0.00055428571 | AR65: 0.00055428571 | AS65: 0.00055428571 | AT65: 0.00055428571 | AU65: 0.00055428571 | AV65: 0.00055428571 | AW65: 0.00055428571 | AX65: 0.00055428571 | AY65: 0.00055428571 | AZ65: 0.00055428571 | BA65: 0.00055428571
A68: Historical data
A69: Projections

Sheet ISIC 10T12
A1: food beverage and tobacco 10T12
A4: Variable: Tobacco: Total Final Energy Consumption (Million Gigajoule)
A5: Scenario: Business-as-usual
A6: Branch: Demand\Industry\Tobacco Products\Tobacco
A7: Region: Indonesia
B8: 1000000
A9: Branch | B9: 2022 | C9: 2023 | D9: 2024 | E9: 2025 | F9: 2026 | G9: 2027 | H9: 2028 | I9: 2029 | J9: 2030 | K9: 2031 | L9: 2032 | M9: 2033 | N9: 2034 | O9: 2035 | P9: 2036 | Q9: 2037 | R9: 2038 | S9: 2039 | T9: 2040 | U9: 2041 | V9: 2042 | W9: 2043 | X9: 2044 | Y9: 2045 | Z9: 2046 | AA9: 2047 | AB9: 2048 | AC9: 2049 | AD9: 2050 | AE9: 2051 | AF9: 2052 | AG9: 2053 | AH9: 2054 | AI9: 2055 | AJ9: 2056 | AK9: 2057 | AL9: 2058 | AM9: 2059 | AN9: 2060
A10: Traditional Biomass | B10: 6.4740779e-05 | C10: 6.6806487e-05 | D10: 6.9210016e-05 | E10: 7.1703894e-05 | F10: 7.4863144e-05 | G10: 7.8164255e-05 | H10: 8.1613741e-05 | I10: 8.5218422e-05 | J10: 8.898544e-05 | K10: 9.3347979e-05 | L10: 9.7927469e-05 | M10: 0.00010273488 | N10: 0.00010778173 | O10: 0.00011308015 | P10: 0.00011852949 | Q10: 0.00012424545 | R10: 0.00013024131 | S10: 0.00013653102 | T10: 0.00014312923 | U10: 0.00014965275 | V10: 0.00015647882 | W10: 0.00016362175 | X10: 0.00017109652 | Y10: 0.00017891887 | Z10: 0.00018650634 | AA10: 0.00019442135 | AB10: 0.00020267832 | AC10: 0.00021129232 | AD10: 0.00022027909 | AE10: 0.00022927594 | AF10: 0.00023864808 | AG10: 0.00024841154 | AH10: 0.00025858304 | AI10: 0.00026918003 | AJ10: 0.00028020049 | AK10: 0.00029168131 | AL10: 0.00030364214 | AM10: 0.00031610348 | AN10: 0.00032908674
A11: Industrial Biomass | B11: 5.4654559e-06 | C11: 5.6398442e-06 | D11: 5.8427516e-06 | E11: 6.0532863e-06 | F11: 6.3199922e-06 | G11: 6.598674e-06 | H11: 6.8898816e-06 | I11: 7.194191e-06 | J11: 7.512205e-06 | K11: 7.8804931e-06 | L11: 8.2670965e-06 | M11: 8.6729407e-06 | N11: 9.0989992e-06 | O11: 9.5462955e-06 | P11: 1.0006332e-05 | Q11: 1.0488876e-05 | R11: 1.0995051e-05 | S11: 1.1526032e-05 | T11: 1.2083057e-05 | U11: 1.2633776e-05 | V11: 1.3210037e-05 | W11: 1.3813048e-05 | X11: 1.4444073e-05 | Y11: 1.510444e-05 | Z11: 1.5744979e-05 | AA11: 1.6413169e-05 | AB11: 1.7110227e-05 | AC11: 1.7837426e-05 | AD11: 1.8596095e-05 | AE11: 1.9355614e-05 | AF11: 2.0146816e-05 | AG11: 2.0971053e-05 | AH11: 2.1829737e-05 | AI11: 2.2724342e-05 | AJ11: 2.3654696e-05 | AK11: 2.4623914e-05 | AL11: 2.5633654e-05 | AM11: 2.6685648e-05 | AN11: 2.7781703e-05
A12: Coal | B12: 0.076958281 | C12: 0.079413817 | D12: 0.082270926 | E12: 0.085235435 | F12: 0.08899088 | G12: 0.092914958 | H12: 0.09701541 | I12: 0.10130035 | J12: 0.10577825 | K12: 0.11096407 | L12: 0.11640777 | M12: 0.1221224 | N12: 0.12812167 | O12: 0.13441998 | P12: 0.14089768 | Q12: 0.14769233 | R12: 0.15481969 | S12: 0.16229636 | T12: 0.17013975 | U12: 0.17789435 | V12: 0.1860086 | W12: 0.19449949 | X12: 0.20338486 | Y12: 0.21268339 | Z12: 0.22170273 | AA12: 0.23111141 | AB12: 0.24092659 | AC12: 0.25116617 | AD12: 0.26184887 | AE12: 0.27254356 | AF12: 0.28368436 | AG12: 0.29529032 | AH12: 0.30738132 | AI12: 0.31997811 | AJ12: 0.33307829 | AK12: 0.34672571 | AL12: 0.36094372 | AM12: 0.37575669 | AN12: 0.39119007
A13: Gas | B13: 0.58443223 | C13: 0.60307993 | D13: 0.62477722 | E13: 0.64729012 | F13: 0.67580951 | G13: 0.70560952 | H13: 0.73674895 | I13: 0.76928936 | J13: 0.80329524 | K13: 0.84267703 | L13: 0.88401731 | M13: 0.92741505 | N13: 0.97297434 | O13: 1.0208046 | P13: 1.0699972 | Q13: 1.1215967 | R13: 1.175723 | S13: 1.2325019 | T13: 1.2920657 | U13: 1.3509552 | V13: 1.412576 | W13: 1.4770571 | X13: 1.5445338 | Y13: 1.6151482 | Z13: 1.6836423 | AA13: 1.7550932 | AB13: 1.8296311 | AC13: 1.907392 | AD13: 1.9885179 | AE13: 2.0697349 | AF13: 2.1543397 | AG13: 2.2424771 | AH13: 2.3342979 | AI13: 2.4299597 | AJ13: 2.5294443 | AK13: 2.6330848 | AL13: 2.7410584 | AM13: 2.8535502 | AN13: 2.9707535
A14: Kerosene | B14: 0.011783882 | C14: 0.012159875 | D14: 0.012597357 | E14: 0.013051283 | F14: 0.013626318 | G14: 0.014227175 | H14: 0.014855038 | I14: 0.015511149 | J14: 0.016196808 | K14: 0.016990861 | L14: 0.017824403 | M14: 0.01869943 | N14: 0.01961804 | O14: 0.02058244 | P14: 0.021574308 | Q14: 0.022614707 | R14: 0.023706052 | S14: 0.024850882 | T14: 0.026051865 | U14: 0.027239252 | V14: 0.028481709 | W14: 0.029781839 | X14: 0.03114237 | Y14: 0.032566164 | Z14: 0.033947209 | AA14: 0.03538787 | AB14: 0.036890775 | AC14: 0.038458663 | AD14: 0.040094402 | AE14: 0.041731976 | AF14: 0.04343786 | AG14: 0.045214969 | AH14: 0.047066349 | AI14: 0.048995174 | AJ14: 0.051001078 | AK14: 0.053090776 | AL14: 0.055267843 | AM14: 0.057536012 | AN14: 0.059899177
A15: Gasoil CN48 | B15: 0.09482235 | C15: 0.097847882 | D15: 0.1013682 | E15: 0.10502085 | F15: 0.10964804 | G15: 0.114483 | H15: 0.11953527 | I15: 0.12481486 | J15: 0.13033221 | K15: 0.13672178 | L15: 0.14342912 | M15: 0.15047027 | N15: 0.15786213 | O15: 0.16562244 | P15: 0.17360379 | Q15: 0.18197565 | R15: 0.19075747 | S15: 0.19996967 | T15: 0.20963372 | U15: 0.21918837 | V15: 0.22918615 | W15: 0.23964801 | X15: 0.25059591 | Y15: 0.26205288 | Z15: 0.27316584 | AA15: 0.28475854 | AB15: 0.29685208 | AC15: 0.30946854 | AD15: 0.32263098 | AE15: 0.33580818 | AF15: 0.34953506 | AG15: 0.36383508 | AH15: 0.37873272 | AI15: 0.39425356 | AJ15: 0.41039464 | AK15: 0.42720999 | AL15: 0.44472838 | AM15: 0.46297984 | AN15: 0.48199572
A16: BioGasoil | B16: 3.9212184 | C16: 4.0463342 | D16: 4.1919111 | E16: 4.3429603 | F16: 4.5343097 | G16: 4.7342513 | H16: 4.9431797 | I16: 5.1615079 | J16: 5.3896686 | K16: 5.6538988 | L16: 5.9312693 | M16: 6.2224443 | N16: 6.528122 | O16: 6.8490369 | P16: 7.1790921 | Q16: 7.5252964 | R16: 7.8884537 | S16: 8.2694087 | T16: 8.6690491 | U16: 9.0641655 | V16: 9.4776068 | W16: 9.9102394 | X16: 10.362971 | Y16: 10.836755 | Z16: 11.296313 | AA16: 11.775709 | AB16: 12.275817 | AC16: 12.79755 | AD16: 13.34186 | AE16: 13.886781 | AF16: 14.454433 | AG16: 15.045786 | AH16: 15.661853 | AI16: 16.303691 | AJ16: 16.971178 | AK16: 17.666549 | AL16: 18.390992 | AM16: 19.145751 | AN16: 19.93212
A17: MDF | B17: 0.042576664 | C17: 0.043935173 | D17: 0.04551585 | E17: 0.047155945 | F17: 0.04923362 | G17: 0.05140459 | H17: 0.053673139 | I17: 0.056043751 | J17: 0.058521124 | K17: 0.061390141 | L17: 0.064401835 | M17: 0.067563418 | N17: 0.070882473 | O17: 0.074366973 | P17: 0.077950718 | Q17: 0.081709811 | R17: 0.085652979 | S17: 0.089789396 | T17: 0.094128699 | U17: 0.098418881 | V17: 0.10290803 | W17: 0.10760557 | X17: 0.11252134 | Y17: 0.11766569 | Z17: 0.12265558 | AA17: 0.12786087 | AB17: 0.13329106 | AC17: 0.13895604 | AD17: 0.14486617 | AE17: 0.15078293 | AF17: 0.15694651 | AG17: 0.16336743 | AH17: 0.1700567 | AI17: 0.17702579 | AJ17: 0.18427338 | AK17: 0.19182372 | AL17: 0.19968974 | AM17: 0.20788492 | AN17: 0.21642334
A18: Fuel Oil | B18: 0.16250041 | C18: 0.16768537 | D18: 0.17371827 | E18: 0.17997795 | F18: 0.18790772 | G18: 0.19619356 | H18: 0.20485182 | I18: 0.21389963 | J18: 0.22335491 | K18: 0.23430495 | L18: 0.24579955 | M18: 0.25786622 | N18: 0.2705339 | O18: 0.28383304 | P18: 0.29751095 | Q18: 0.31185811 | R18: 0.32690782 | S18: 0.3426951 | T18: 0.35925672 | U18: 0.37563086 | V18: 0.3927644 | W18: 0.41069327 | X18: 0.42945507 | Y18: 0.44908928 | Z18: 0.46813396 | AA18: 0.48800077 | AB18: 0.5087259 | AC18: 0.53034718 | AD18: 0.55290411 | AE18: 0.57548635 | AF18: 0.59901058 | AG18: 0.62351703 | AH18: 0.64904765 | AI18: 0.67564626 | AJ18: 0.7033078 | AK18: 0.73212485 | AL18: 0.76214674 | AM18: 0.79342491 | AN18: 0.82601309
A19: LPG | B19: 0.13725205 | C19: 0.1416314 | D19: 0.14672694 | E19: 0.15201403 | F19: 0.15871171 | G19: 0.16571015 | H19: 0.17302315 | I19: 0.18066516 | J19: 0.18865133 | K19: 0.19790002 | L19: 0.20760865 | M19: 0.21780048 | N19: 0.22849993 | O19: 0.23973272 | P19: 0.25128544 | Q19: 0.26340342 | R19: 0.2761148 | S19: 0.28944914 | T19: 0.30343751 | U19: 0.31726753 | V19: 0.33173897 | W19: 0.34688215 | X19: 0.36272886 | Y19: 0.37931242 | Z19: 0.39539804 | AA19: 0.41217807 | AB19: 0.42968305 | AC19: 0.44794494 | AD19: 0.46699711 | AE19: 0.48607065 | AF19: 0.50593983 | AG19: 0.5266386 | AH19: 0.54820243 | AI19: 0.5706683 | AJ19: 0.59403195 | AK19: 0.61837158 | AL19: 0.64372884 | AM19: 0.6701472 | AN19: 0.69767202
A20: Electricity | B20: 6.5185192 | C20: 6.726508 | D20: 6.9685108 | E20: 7.2196105 | F20: 7.5377042 | G20: 7.8700814 | H20: 8.2173978 | I20: 8.5803403 | J20: 8.959628 | K20: 9.3988766 | L20: 9.8599692 | M20: 10.34401 | N20: 10.85216 | O20: 11.385639 | P20: 11.934313 | Q20: 12.509833 | R20: 13.113535 | S20: 13.746824 | T20: 14.411174 | U20: 15.068004 | V20: 15.755297 | W20: 16.474493 | X20: 17.227102 | Y20: 18.014705 | Z20: 18.778661 | AA20: 19.575596 | AB20: 20.406961 | AC20: 21.274274 | AD20: 22.179119 | AE20: 23.08498 | AF20: 24.028628 | AG20: 25.011676 | AH20: 26.035808 | AI20: 27.102781 | AJ20: 28.212392 | AK20: 29.368356 | AL20: 30.572649 | AM20: 31.827338 | AN20: 33.134575
A21: Captive Electricity | B21: 0.013233909 | C21: 0.013656169 | D21: 0.014147483 | E21: 0.014657266 | F21: 0.015303061 | G21: 0.015977853 | H21: 0.016682976 | I21: 0.017419823 | J21: 0.018189853 | K21: 0.019081616 | L21: 0.020017727 | M21: 0.021000428 | N21: 0.022032074 | O21: 0.023115146 | P21: 0.024229065 | Q21: 0.025397486 | R21: 0.026623123 | S21: 0.027908827 | T21: 0.029257593 | U21: 0.03059109 | V21: 0.031986433 | W21: 0.033446546 | X21: 0.034974493 | Y21: 0.036573488 | Z21: 0.038124472 | AA21: 0.03974241 | AB21: 0.041430249 | AC21: 0.043191069 | AD21: 0.045028088 | AE21: 0.046867169 | AF21: 0.048782964 | AG21: 0.05077875 | AH21: 0.052857945 | AI21: 0.055024116 | AJ21: 0.05727685 | AK21: 0.059623689 | AL21: 0.062068648 | AM21: 0.064615919 | AN21: 0.067269875
A25: Variable: Beverages: Total Final Energy Consumption (Million Gigajoule)
A26: Scenario: Business-as-usual
A27: Branch: Demand\Industry\Food Products and Beverages\Beverages
A28: Region: Indonesia
B29: 1000000
A30: Branch | B30: 2022 | C30: 2023 | D30: 2024 | E30: 2025 | F30: 2026 | G30: 2027 | H30: 2028 | I30: 2029 | J30: 2030 | K30: 2031 | L30: 2032 | M30: 2033 | N30: 2034 | O30: 2035 | P30: 2036 | Q30: 2037 | R30: 2038 | S30: 2039 | T30: 2040 | U30: 2041 | V30: 2042 | W30: 2043 | X30: 2044 | Y30: 2045 | Z30: 2046 | AA30: 2047 | AB30: 2048 | AC30: 2049 | AD30: 2050 | AE30: 2051 | AF30: 2052 | AG30: 2053 | AH30: 2054 | AI30: 2055 | AJ30: 2056 | AK30: 2057 | AL30: 2058 | AM30: 2059 | AN30: 2060
A31: Traditional Biomass | B31: 0.1773671 | C31: 0.18933339 | D31: 0.20258818 | E31: 0.21646858 | F31: 0.23277668 | G31: 0.25000474 | H31: 0.26819728 | I31: 0.2874004 | J31: 0.30766183 | K31: 0.33053828 | L31: 0.35478549 | M31: 0.38047373 | N31: 0.40767592 | O31: 0.43646754 | P31: 0.46648035 | Q31: 0.49817998 | R31: 0.53164428 | S31: 0.56695312 | T31: 0.60418823 | U31: 0.64172382 | V31: 0.68113891 | W31: 0.72250301 | X31: 0.76588563 | Y31: 0.81135595 | Z31: 0.85623278 | AA31: 0.90301859 | AB31: 0.95175745 | AC31: 1.0024902 | AD31: 1.0552536 | AE31: 1.1082472 | AF31: 1.163148 | AG31: 1.2199666 | AH31: 1.2787057 | AI31: 1.3393595 | AJ31: 1.4018108 | AK31: 1.4661208 | AL31: 1.5322484 | AM31: 1.600138 | AN31: 1.6697175
A32: Industrial Biomass | B32: 0.014973385 | C32: 0.015983584 | D32: 0.017102557 | E32: 0.018274345 | F32: 0.019651079 | G32: 0.021105478 | H32: 0.022641298 | I32: 0.024262431 | J32: 0.025972907 | K32: 0.027904144 | L32: 0.029951101 | M32: 0.032119711 | N32: 0.034416127 | O32: 0.036846725 | P32: 0.039380416 | Q32: 0.042056508 | R32: 0.044881575 | S32: 0.047862358 | T32: 0.051005758 | U32: 0.054174524 | V32: 0.057501958 | W32: 0.060993928 | X32: 0.064656302 | Y32: 0.068494921 | Z32: 0.072283437 | AA32: 0.076233109 | AB32: 0.080347659 | AC32: 0.08463053 | AD32: 0.089084833 | AE32: 0.09355857 | AF32: 0.098193317 | AG32: 0.10298996 | AH32: 0.10794873 | AI32: 0.11306914 | AJ32: 0.1183413 | AK32: 0.12377037 | AL32: 0.12935289 | AM32: 0.13508415 | AN32: 0.14095807
A33: Coal | B33: 0.057437901 | C33: 0.061313022 | D33: 0.065605402 | E33: 0.070100382 | F33: 0.075381534 | G33: 0.080960607 | H33: 0.08685201 | I33: 0.093070678 | J33: 0.099632063 | K33: 0.10704029 | L33: 0.11489241 | M33: 0.1232112 | N33: 0.13202025 | O33: 0.14134402 | P33: 0.15106326 | Q33: 0.16132875 | R33: 0.17216571 | S33: 0.18359999 | T33: 0.19565807 | U33: 0.20781346 | V33: 0.22057749 | W33: 0.23397269 | X33: 0.24802155 | Y33: 0.26274649 | Z33: 0.27727924 | AA33: 0.29243018 | AB33: 0.30821359 | AC33: 0.32464268 | AD33: 0.34172939 | AE33: 0.35889064 | AF33: 0.37666953 | AG33: 0.39506944 | AH33: 0.4140913 | AI33: 0.43373319 | AJ33: 0.45395719 | AK33: 0.47478311 | AL33: 0.49619764 | AM33: 0.51818275 | AN33: 0.5407151
A34: Gas | B34: 2.298127 | C34: 2.4531731 | D34: 2.624914 | E34: 2.804761 | F34: 3.0160632 | G34: 3.2392855 | H34: 3.4750043 | I34: 3.7238172 | J34: 3.9863424 | K34: 4.2827501 | L34: 4.5969187 | M34: 4.9297587 | N34: 5.2822145 | O34: 5.6552646 | P34: 6.0441374 | Q34: 6.4548662 | R34: 6.8884597 | S34: 7.3459527 | T34: 7.8284042 | U34: 8.3147489 | V34: 8.8254462 | W34: 9.3613964 | X34: 9.9235005 | Y34: 10.512655 | Z34: 11.094119 | AA34: 11.700318 | AB34: 12.331822 | AC34: 12.989161 | AD34: 13.672811 | AE34: 14.359444 | AF34: 15.070788 | AG34: 15.80698 | AH34: 16.568057 | AI34: 17.353942 | AJ34: 18.163117 | AK34: 18.996375 | AL34: 19.853184 | AM34: 20.732822 | AN34: 21.634356
A35: Kerosene | B35: 0.018585273 | C35: 0.019839152 | D35: 0.021228044 | E35: 0.022682492 | F35: 0.024391322 | G35: 0.026196552 | H35: 0.028102843 | I35: 0.030115027 | J35: 0.032238105 | K35: 0.034635195 | L35: 0.03717592 | M35: 0.039867643 | N35: 0.042718003 | O35: 0.04573491 | P35: 0.048879779 | Q35: 0.0522014 | R35: 0.055707931 | S35: 0.05940774 | T35: 0.063309392 | U35: 0.06724253 | V35: 0.071372609 | W35: 0.075706913 | X35: 0.080252727 | Y35: 0.0850173 | Z35: 0.089719683 | AA35: 0.094622098 | AB35: 0.099729161 | AC35: 0.10504515 | AD35: 0.11057392 | AE35: 0.11612681 | AF35: 0.12187956 | AG35: 0.12783325 | AH35: 0.13398818 | AI35: 0.14034374 | AJ35: 0.14688765 | AK35: 0.15362632 | AL35: 0.16055546 | AM35: 0.16766921 | AN35: 0.17496004
A36: Gasoil CN48 | B36: 0.14955167 | C36: 0.15964136 | D36: 0.17081748 | E36: 0.1825211 | F36: 0.19627169 | G36: 0.21079798 | H36: 0.22613749 | I36: 0.2423291 | J36: 0.25941305 | K36: 0.27870192 | L36: 0.29914659 | M36: 0.3208063 | N36: 0.34374252 | O36: 0.36801893 | P36: 0.393325 | Q36: 0.42005337 | R36: 0.44826966 | S36: 0.47804123 | T36: 0.50943698 | U36: 0.54108609 | V36: 0.57431994 | W36: 0.60919715 | X36: 0.64577633 | Y36: 0.68411581 | Z36: 0.72195488 | AA36: 0.76140355 | AB36: 0.80249898 | AC36: 0.84527558 | AD36: 0.88976442 | AE36: 0.93444735 | AF36: 0.98073843 | AG36: 1.0286465 | AH36: 1.0781739 | AI36: 1.1293157 | AJ36: 1.1819731 | AK36: 1.2361978 | AL36: 1.291955 | AM36: 1.3491979 | AN36: 1.4078656
A37: BioGasoil | B37: 0.27862864 | C37: 0.29742667 | D37: 0.31824881 | E37: 0.34005375 | F37: 0.36567238 | G37: 0.39273621 | H37: 0.42131514 | I37: 0.45148161 | J37: 0.48331059 | K37: 0.51924754 | L37: 0.55733785 | M37: 0.5976919 | N37: 0.64042422 | O37: 0.68565341 | P37: 0.73280098 | Q37: 0.78259841 | R37: 0.83516798 | S37: 0.89063517 | T37: 0.94912837 | U37: 1.0080936 | V37: 1.0700114 | W37: 1.1349908 | X37: 1.2031412 | Y37: 1.2745712 | Z37: 1.3450689 | AA37: 1.4185655 | AB37: 1.4951301 | AC37: 1.5748268 | AD37: 1.6577137 | AE37: 1.7409621 | AF37: 1.8272067 | AG37: 1.9164638 | AH37: 2.008738 | AI37: 2.1040199 | AJ37: 2.2021256 | AK37: 2.3031512 | AL37: 2.4070321 | AM37: 2.5136809 | AN37: 2.6229843
A38: MDF | B38: 0.011912348 | C38: 0.012716029 | D38: 0.013606248 | E38: 0.014538486 | F38: 0.015633772 | G38: 0.016790845 | H38: 0.018012694 | I38: 0.019302416 | J38: 0.020663216 | K38: 0.022199647 | L38: 0.02382814 | M38: 0.025553417 | N38: 0.027380373 | O38: 0.029314079 | P38: 0.031329802 | Q38: 0.033458816 | R38: 0.035706349 | S38: 0.038077765 | T38: 0.040578554 | U38: 0.043099523 | V38: 0.045746724 | W38: 0.048524823 | X38: 0.051438491 | Y38: 0.054492374 | Z38: 0.057506396 | AA38: 0.06064863 | AB38: 0.063922034 | AC38: 0.06732935 | AD38: 0.070873052 | AE38: 0.074432214 | AF38: 0.07811947 | AG38: 0.081935524 | AH38: 0.085880567 | AI38: 0.089954202 | AJ38: 0.094148564 | AK38: 0.098467761 | AL38: 0.10290903 | AM38: 0.10746864 | AN38: 0.11214174
A39: Fuel Oil | B39: 0.38287525 | C39: 0.40870641 | D39: 0.43731898 | E39: 0.46728206 | F39: 0.50248569 | G39: 0.53967523 | H39: 0.57894673 | I39: 0.62039974 | J39: 0.66413727 | K39: 0.71351974 | L39: 0.76586122 | M39: 0.82131341 | N39: 0.88003367 | O39: 0.94218499 | P39: 1.0069724 | Q39: 1.0754012 | R39: 1.1476392 | S39: 1.223859 | T39: 1.3042369 | U39: 1.3852635 | V39: 1.4703473 | W39: 1.5596383 | X39: 1.6532866 | Y39: 1.7514416 | Z39: 1.8483154 | AA39: 1.9493101 | AB39: 2.0545207 | AC39: 2.1640353 | AD39: 2.2779336 | AE39: 2.3923288 | AF39: 2.510841 | AG39: 2.633493 | AH39: 2.7602908 | AI39: 2.8912216 | AJ39: 3.0260328 | AK39: 3.1648563 | AL39: 3.3076033 | AM39: 3.4541539 | AN39: 3.6043522
A40: LPG | B40: 0.16485736 | C40: 0.17597967 | D40: 0.18829959 | E40: 0.20120101 | F40: 0.21635889 | G40: 0.23237186 | H40: 0.24928127 | I40: 0.26712999 | J40: 0.28596237 | K40: 0.30722534 | L40: 0.32976239 | M40: 0.35363884 | N40: 0.37892245 | O40: 0.40568339 | P40: 0.43357939 | Q40: 0.46304324 | R40: 0.49414729 | S40: 0.52696579 | T40: 0.56157471 | U40: 0.59646291 | V40: 0.63309804 | W40: 0.67154471 | X40: 0.71186755 | Y40: 0.75413084 | Z40: 0.7958425 | AA40: 0.8393285 | AB40: 0.88462979 | AC40: 0.93178431 | AD40: 0.98082631 | AE40: 1.0300823 | AF40: 1.0811109 | AG40: 1.1339221 | AH40: 1.1885183 | AI40: 1.2448942 | AJ40: 1.3029408 | AK40: 1.362715 | AL40: 1.4241786 | AM40: 1.48728 | AN40: 1.551952
A41: Electricity | B41: 6.2184272 | C41: 6.6379614 | D41: 7.1026693 | E41: 7.5893115 | F41: 8.1610674 | G41: 8.7650773 | H41: 9.4029012 | I41: 10.076156 | J41: 10.786514 | K41: 11.588554 | L41: 12.438653 | M41: 13.339274 | N41: 14.292972 | O41: 15.302396 | P41: 16.354635 | Q41: 17.466013 | R41: 18.639259 | S41: 19.877174 | T41: 21.182624 | U41: 22.498609 | V41: 23.880488 | W41: 25.330698 | X41: 26.851677 | Y41: 28.445851 | Z41: 30.019216 | AA41: 31.65951 | AB41: 33.368277 | AC41: 35.146948 | AD41: 36.996814 | AE41: 38.854751 | AF41: 40.779555 | AG41: 42.771594 | AH41: 44.830966 | AI41: 46.957466 | AJ41: 49.146987 | AK41: 51.401673 | AL41: 53.720085 | AM41: 56.10027 | AN41: 58.5397
A42: Captive Electricity | B42: 0.025957996 | C42: 0.027709285 | D42: 0.029649147 | E42: 0.03168057 | F42: 0.034067288 | G42: 0.036588647 | H42: 0.039251158 | I42: 0.04206157 | J42: 0.045026866 | K42: 0.048374876 | L42: 0.051923499 | M42: 0.05568302 | N42: 0.059664109 | O42: 0.063877815 | P42: 0.068270244 | Q42: 0.072909542 | R42: 0.077807103 | S42: 0.082974616 | T42: 0.088424042 | U42: 0.093917444 | V42: 0.099685914 | W42: 0.10573962 | X42: 0.11208875 | Y42: 0.11874341 | Z42: 0.12531122 | AA42: 0.13215841 | AB42: 0.13929143 | AC42: 0.14671625 | AD42: 0.15443827 | AE42: 0.16219398 | AF42: 0.17022882 | AG42: 0.17854432 | AH42: 0.1871409 | AI42: 0.19601769 | AJ42: 0.20515755 | AK42: 0.21456944 | AL42: 0.22424734 | AM42: 0.2341831 | AN42: 0.24436618
A46: Variable: Food: Total Final Energy Consumption (Million Gigajoule)
A47: Scenario: Business-as-usual
A48: Branch: Demand\Industry\Food Products and Beverages\Food
A49: Region: Indonesia
B50: 1000000
A51: Branch | B51: 2022 | C51: 2023 | D51: 2024 | E51: 2025 | F51: 2026 | G51: 2027 | H51: 2028 | I51: 2029 | J51: 2030 | K51: 2031 | L51: 2032 | M51: 2033 | N51: 2034 | O51: 2035 | P51: 2036 | Q51: 2037 | R51: 2038 | S51: 2039 | T51: 2040 | U51: 2041 | V51: 2042 | W51: 2043 | X51: 2044 | Y51: 2045 | Z51: 2046 | AA51: 2047 | AB51: 2048 | AC51: 2049 | AD51: 2050 | AE51: 2051 | AF51: 2052 | AG51: 2053 | AH51: 2054 | AI51: 2055 | AJ51: 2056 | AK51: 2057 | AL51: 2058 | AM51: 2059 | AN51: 2060
A52: Traditional Biomass | B52: 115.39135 | C52: 123.17638 | D52: 131.79966 | E52: 140.82997 | F52: 151.43968 | G52: 162.6479 | H52: 174.48359 | I52: 186.97674 | J52: 200.1584 | K52: 215.04134 | L52: 230.81608 | M52: 247.52832 | N52: 265.22549 | O52: 283.95672 | P52: 303.48243 | Q52: 324.10556 | R52: 345.87674 | S52: 368.84793 | T52: 393.07233 | U52: 417.4922 | V52: 443.13484 | W52: 470.04546 | X52: 498.2693 | Y52: 527.85134 | Z52: 557.04728 | AA52: 587.48516 | AB52: 619.19365 | AC52: 652.19929 | AD52: 686.52608 | AE52: 721.00262 | AF52: 756.71997 | AG52: 793.68494 | AH52: 831.89939 | AI52: 871.35948 | AJ52: 911.98901 | AK52: 953.82777 | AL52: 996.84904 | AM52: 1041.0166 | AN52: 1086.2835
A53: Industrial Biomass | B53: 9.7413738 | C53: 10.398588 | D53: 11.126568 | E53: 11.88891 | F53: 12.784584 | G53: 13.730786 | H53: 14.729958 | I53: 15.784634 | J53: 16.897434 | K53: 18.153857 | L53: 19.485565 | M53: 20.896417 | N53: 22.390418 | O53: 23.971715 | P53: 25.620081 | Q53: 27.361092 | R53: 29.199021 | S53: 31.138257 | T53: 33.183288 | U53: 35.244821 | V53: 37.409581 | W53: 39.681384 | X53: 42.064049 | Y53: 44.561374 | Z53: 47.026104 | AA53: 49.595679 | AB53: 52.27252 | AC53: 55.058867 | AD53: 57.956744 | AE53: 60.867264 | AF53: 63.882534 | AG53: 67.003129 | AH53: 70.229205 | AI53: 73.560438 | AJ53: 76.990395 | AK53: 80.522437 | AL53: 84.154305 | AM53: 87.882944 | AN53: 91.704394
A54: Coal | B54: 32.348141 | C54: 34.53055 | D54: 36.947952 | E54: 39.479455 | F54: 42.453719 | G54: 45.595767 | H54: 48.913715 | I54: 52.415972 | J54: 56.111243 | K54: 60.283441 | L54: 64.705637 | M54: 69.39065 | N54: 74.351773 | O54: 79.602778 | P54: 85.076502 | Q54: 90.857868 | R54: 96.961074 | S54: 103.40069 | T54: 110.19161 | U54: 117.03734 | V54: 124.22585 | W54: 131.76981 | X54: 139.68192 | Y54: 147.97478 | Z54: 156.1594 | AA54: 164.69218 | AB54: 173.58115 | AC54: 182.83376 | AD54: 192.45673 | AE54: 202.12168 | AF54: 212.13448 | AG54: 222.49702 | AH54: 233.20984 | AI54: 244.27185 | AJ54: 255.6617 | AK54: 267.39054 | AL54: 279.45087 | AM54: 291.83255 | AN54: 304.52242
A55: Gas | B55: 42.561968 | C55: 45.433465 | D55: 48.614154 | E55: 51.944972 | F55: 55.85835 | G55: 59.99249 | H55: 64.35807 | I55: 68.966155 | J55: 73.828197 | K55: 79.317752 | L55: 85.136244 | M55: 91.300535 | N55: 97.828118 | O55: 104.73711 | P55: 111.93915 | Q55: 119.54596 | R55: 127.57624 | S55: 136.04914 | T55: 144.98428 | U55: 153.99152 | V55: 163.44978 | W55: 173.37573 | X55: 183.78606 | Y55: 194.69736 | Z55: 205.46625 | AA55: 216.69323 | AB55: 228.38887 | AC55: 240.56296 | AD55: 253.22435 | AE55: 265.94099 | AF55: 279.11529 | AG55: 292.74978 | AH55: 306.84513 | AI55: 321.39994 | AJ55: 336.3861 | AK55: 351.81828 | AL55: 367.68662 | AM55: 383.97778 | AN55: 400.67444
A56: Kerosene | B56: 0.3631103 | C56: 0.387608 | D56: 0.41474352 | E56: 0.44315983 | F56: 0.47654616 | G56: 0.51181589 | H56: 0.5490601 | I56: 0.5883732 | J56: 0.6298529 | K56: 0.67668612 | L56: 0.72632561 | M56: 0.77891523 | N56: 0.83460421 | O56: 0.89354713 | P56: 0.95499009 | Q56: 1.0198864 | R56: 1.0883953 | S56: 1.1606804 | T56: 1.2369091 | U56: 1.3137529 | V56: 1.3944444 | W56: 1.479126 | X56: 1.56794 | Y56: 1.6610279 | Z56: 1.7529009 | AA56: 1.848682 | AB56: 1.9484614 | AC56: 2.0523226 | AD56: 2.1603412 | AE56: 2.268831 | AF56: 2.3812254 | AG56: 2.4975457 | AH56: 2.6177979 | AI56: 2.7419698 | AJ56: 2.8698217 | AK56: 3.0014787 | AL56: 3.1368569 | AM56: 3.2758421 | AN56: 3.4182869
A57: Gasoil CN48 | B57: 2.92187 | C57: 3.1189977 | D57: 3.3373514 | E57: 3.5660113 | F57: 3.8346639 | G57: 4.1184717 | H57: 4.4181678 | I57: 4.7345119 | J57: 5.06829 | K57: 5.4451468 | L57: 5.8445851 | M57: 6.2677623 | N57: 6.7158795 | O57: 7.1901804 | P57: 7.6845986 | Q57: 8.2068048 | R57: 8.7580815 | S57: 9.3397443 | T57: 9.9531397 | U57: 10.571485 | V57: 11.220792 | W57: 11.902207 | X57: 12.616874 | Y57: 13.365932 | Z57: 14.105214 | AA57: 14.875944 | AB57: 15.678847 | AC57: 16.514596 | AD57: 17.383798 | AE57: 18.256792 | AF57: 19.161205 | AG57: 20.09721 | AH57: 21.064853 | AI57: 22.064038 | AJ57: 23.092834 | AK57: 24.15225 | AL57: 25.241608 | AM57: 26.359993 | AN57: 27.506215
A58: BioGasoil | B58: 13.170268 | C58: 14.058817 | D58: 15.043041 | E58: 16.073721 | F58: 17.284667 | G58: 18.563925 | H58: 19.914799 | I58: 21.340713 | J58: 22.845211 | K58: 24.543885 | L58: 26.344345 | M58: 28.251808 | N58: 30.271686 | O58: 32.409588 | P58: 34.638168 | Q58: 36.992001 | R58: 39.476869 | S58: 42.098702 | T58: 44.863569 | U58: 47.650748 | V58: 50.577487 | W58: 53.648949 | X58: 56.870294 | Y58: 60.246661 | Z58: 63.578958 | AA58: 67.053006 | AB58: 70.672075 | AC58: 74.439196 | AD58: 78.357106 | AE58: 82.292109 | AF58: 86.368732 | AG58: 90.587754 | AH58: 94.949385 | AI58: 99.453188 | AJ58: 104.09047 | AK58: 108.86576 | AL58: 113.77602 | AM58: 118.81712 | AN58: 123.98369
A59: MDF | B59: 0.32456711 | C59: 0.34646445 | D59: 0.3707196 | E59: 0.3961196 | F59: 0.42596206 | G59: 0.457488 | H59: 0.49077884 | I59: 0.52591896 | J59: 0.56299569 | K59: 0.6048577 | L59: 0.64922809 | M59: 0.69623546 | N59: 0.7460132 | O59: 0.79869948 | P59: 0.85362044 | Q59: 0.91162814 | R59: 0.97286504 | S59: 1.0374773 | T59: 1.1056145 | U59: 1.1743015 | V59: 1.2464279 | W59: 1.3221207 | X59: 1.4015073 | Y59: 1.4847143 | Z59: 1.5668351 | AA59: 1.6524493 | AB59: 1.7416374 | AC59: 1.834474 | AD59: 1.9310267 | AE59: 2.0280006 | AF59: 2.1284646 | AG59: 2.2324379 | AH59: 2.3399256 | AI59: 2.450917 | AJ59: 2.5651978 | AK59: 2.6828798 | AL59: 2.8038879 | AM59: 2.9281202 | AN59: 3.0554448
A60: Fuel Oil | B60: 23.778759 | C60: 25.383024 | D60: 27.160029 | E60: 29.020909 | F60: 31.207257 | G60: 33.516942 | H60: 35.955928 | I60: 38.530399 | J60: 41.246752 | K60: 44.313688 | L60: 47.564395 | M60: 51.008296 | N60: 54.655163 | O60: 58.515118 | P60: 62.538792 | Q60: 66.78861 | R60: 71.275009 | S60: 76.008696 | T60: 81.00063 | U60: 86.032848 | V60: 91.31704 | W60: 96.862526 | X60: 102.67863 | Y60: 108.77462 | Z60: 114.79104 | AA60: 121.06339 | AB60: 127.59757 | AC60: 134.39907 | AD60: 141.47281 | AE60: 148.5774 | AF60: 155.9377 | AG60: 163.55509 | AH60: 171.42996 | AI60: 179.56153 | AJ60: 187.93408 | AK60: 196.55581 | AL60: 205.42123 | AM60: 214.52286 | AN60: 223.85105
A61: LPG | B61: 2.1050692 | C61: 2.2470904 | D61: 2.4044039 | E61: 2.5691426 | F61: 2.7626941 | G61: 2.9671642 | H61: 3.1830811 | I61: 3.410992 | J61: 3.6514634 | K61: 3.9229709 | L61: 4.2107473 | M61: 4.5156265 | N61: 4.8384737 | O61: 5.1801851 | P61: 5.5363901 | Q61: 5.912615 | R61: 6.3097837 | S61: 6.7288443 | T61: 7.1707667 | U61: 7.6162553 | V61: 8.0840506 | W61: 8.5749775 | X61: 9.0898611 | Y61: 9.6295225 | Z61: 10.16214 | AA61: 10.717414 | AB61: 11.295868 | AC61: 11.897986 | AD61: 12.524205 | AE61: 13.153156 | AF61: 13.804743 | AG61: 14.47909 | AH61: 15.176231 | AI61: 15.896096 | AJ61: 16.637295 | AK61: 17.400554 | AL61: 18.185386 | AM61: 18.991129 | AN61: 19.816928
A62: Electricity | B62: 31.916436 | C62: 34.069719 | D62: 36.454859 | E62: 38.952578 | F62: 41.887148 | G62: 44.987264 | H62: 48.260931 | I62: 51.716449 | J62: 55.362405 | K62: 59.478922 | L62: 63.842101 | M62: 68.46459 | N62: 73.359504 | O62: 78.54043 | P62: 83.941105 | Q62: 89.645315 | R62: 95.66707 | S62: 102.02074 | T62: 108.72104 | U62: 115.4754 | V62: 122.56798 | W62: 130.01127 | X62: 137.81778 | Y62: 145.99997 | Z62: 154.07536 | AA62: 162.49426 | AB62: 171.2646 | AC62: 180.39373 | AD62: 189.88828 | AE62: 199.42425 | AF62: 209.30342 | AG62: 219.52767 | AH62: 230.09751 | AI62: 241.0119 | AJ62: 252.24974 | AK62: 263.82205 | AL62: 275.72143 | AM62: 287.93786 | AN62: 300.45838
