Workbook

Sheet About
A1: DRC BAU Demand Response Capacity
A2: DRC Potential Additional Demand Response Capacity
A4: Source: | B4: McNeil, M.A., Karali, N. and Letschert, V., 2019. Forecasting Indonesia's electricity load through 2030 and peak demand reductions from appliance and lighting efficiency. Energy for sustainable development, 49, pp.65-77.
B5: 2019
B6: https://reader.elsevier.com/reader/sd/pii/S0973082618312559?token=9F76233D84CA1C2B03D1F0C75399ADDF2CB2462D94456D2C281D207CB117C735ED84769C40BAC430C3C45EF9861E1594&originRegion=eu-west-1&originCreation=20211014042640
A8: Notes
A9: Demand response (DR) is the voluntary reduction or shift of electricity use by customers, which can help to keep a power grid stable by balancing its supply and demand of electricity.
A10: This demand response can be considered as energy efficiency improvements in which we use this improvements to lower peak electricity demand (Mc Neil et al., 2019)
A11: Using LOADM and BUENAS model, the study found out how Indonesia's peak demand will surge until 2030 and how much that the DR can reduce the peak demand in 2030.
A12: We assume that current Indonesia's DR capacity is 0 (in 2020) and DR strategies will be effective per 2022
A13: The difference of the estimated DR capacity between BAU and Best Available Technology (BAT) is approx. 25-30%. We assume that the potential additional DRC will be 25% of the estimated total DRC.

Sheet Calculations
B2: Indonesia's Peak Demand 2010-2030 (in MW)
C3: 2010 | D3: 2011 | E3: 2012 | F3: 2013 | G3: 2014 | H3: 2015 | I3: 2016 | J3: 2017 | K3: 2018 | L3: 2019 | M3: 2020 | N3: 2021 | O3: 2022 | P3: 2023 | Q3: 2024 | R3: 2025 | S3: 2026 | T3: 2027 | U3: 2028 | V3: 2029 | W3: 2030
B4: Peak Demand | C4: 25300 | D4: 26366 | E4: 28559 | F4: 30498 | G4: 32943 | H4: 32959 | I4: 36475 | J4: 38797 | K4: 40243 | L4: 41671 | M4: 38799 | N4: =TREND($C$8:$D$8,$C$7:$D$7,N3) -> 43279.2 | O4: =TREND($C$8:$D$8,$C$7:$D$7,O3) -> 47759.4 | P4: =TREND($C$8:$D$8,$C$7:$D$7,P3) -> 52239.6 | Q4: =TREND($C$8:$D$8,$C$7:$D$7,Q3) -> 56719.8 | R4: 61200 | S4: =TREND($D$8:$E$8,$D$7:$E$7,S3) -> 64420 | T4: =TREND($D$8:$E$8,$D$7:$E$7,T3) -> 67640 | U4: =TREND($D$8:$E$8,$D$7:$E$7,U3) -> 70860 | V4: =TREND($D$8:$E$8,$D$7:$E$7,V3) -> 74080 | W4: 77300
C6: For Interpolation
C7: 2020 | D7: 2025 | E7: 2030
B8: Peak Demand | C8: 38799 | D8: 61200 | E8: 77300
B9: Source | C9: RUPTL, McNeil et al., 2019
C10: 2021 | D10: 2025 | E10: 2030
B11: Demand Response (GW) | C11: 0 | D11: 15200 | E11: 22900
B12: Source | C12: McNeil et al., 2019
B13: Note: assuming that DRC in 2021 is still 0

Sheet DRC-BDRC
A1: Year | B1: 2015 | C1: 2016 | D1: 2017 | E1: 2018 | F1: 2019 | G1: 2020 | H1: 2021 | I1: 2022 | J1: 2023 | K1: 2024 | L1: 2025 | M1: 2026 | N1: 2027 | O1: 2028 | P1: 2029 | Q1: 2030 | R1: 2031 | S1: 2032 | T1: 2033 | U1: 2034 | V1: 2035 | W1: 2036 | X1: 2037 | Y1: 2038 | Z1: 2039 | AA1: 2040 | AB1: 2041 | AC1: 2042 | AD1: 2043 | AE1: 2044 | AF1: 2045 | AG1: 2046 | AH1: 2047 | AI1: 2048 | AJ1: 2049 | AK1: 2050 | AL1: 2051 | AM1: 2052 | AN1: 2053 | AO1: 2054 | AP1: 2055 | AQ1: 2056 | AR1: 2057 | AS1: 2058 | AT1: 2059 | AU1: 2060 | AV1: 2061 | AW1: 2062 | AX1: 2063 | AY1: 2064 | AZ1: 2065 | BA1: 2066 | BB1: 2067 | BC1: 2068 | BD1: 2069 | BE1: 2070
A2: DR Capacity (MW) | B2: 0 | C2: 0 | D2: 0 | E2: 0 | F2: 0 | G2: 0 | H2: 0 | I2: {=(TREND(Calculations!$C$11:$E$11,Calculations!$C$10:$E$10,I1))*0.75} -> 3266.8033 | J2: {=(TREND(Calculations!$C$11:$E$11,Calculations!$C$10:$E$10,J1))*0.75} -> 5144.2623 | K2: {=(TREND(Calculations!$C$11:$E$11,Calculations!$C$10:$E$10,K1))*0.75} -> 7021.7213 | L2: {=(TREND(Calculations!$C$11:$E$11,Calculations!$C$10:$E$10,L1))*0.75} -> 8899.1803 | M2: {=(TREND(Calculations!$C$11:$E$11,Calculations!$C$10:$E$10,M1))*0.75} -> 10776.639 | N2: {=(TREND(Calculations!$C$11:$E$11,Calculations!$C$10:$E$10,N1))*0.75} -> 12654.098 | O2: {=(TREND(Calculations!$C$11:$E$11,Calculations!$C$10:$E$10,O1))*0.75} -> 14531.557 | P2: {=(TREND(Calculations!$C$11:$E$11,Calculations!$C$10:$E$10,P1))*0.75} -> 16409.016 | ... BE2: {=(TREND(Calculations!$C$11:$E$11,Calculations!$C$10:$E$10,BE1))*0.75} -> 93384.836

Sheet DRC-PADRC
A1: Year | B1: 2015 | C1: 2016 | D1: 2017 | E1: 2018 | F1: 2019 | G1: 2020 | H1: 2021 | I1: 2022 | J1: 2023 | K1: 2024 | L1: 2025 | M1: 2026 | N1: 2027 | O1: 2028 | P1: 2029 | Q1: 2030 | R1: 2031 | S1: 2032 | T1: 2033 | U1: 2034 | V1: 2035 | W1: 2036 | X1: 2037 | Y1: 2038 | Z1: 2039 | AA1: 2040 | AB1: 2041 | AC1: 2042 | AD1: 2043 | AE1: 2044 | AF1: 2045 | AG1: 2046 | AH1: 2047 | AI1: 2048 | AJ1: 2049 | AK1: 2050 | AL1: 2051 | AM1: 2052 | AN1: 2053 | AO1: 2054 | AP1: 2055 | AQ1: 2056 | AR1: 2057 | AS1: 2058 | AT1: 2059 | AU1: 2060 | AV1: 2061 | AW1: 2062 | AX1: 2063 | AY1: 2064 | AZ1: 2065 | BA1: 2066 | BB1: 2067 | BC1: 2068 | BD1: 2069 | BE1: 2070
A2: Potential Additional DR Capacity (MW) | B2: 0 | C2: 0 | D2: 0 | E2: 0 | F2: 0 | G2: 0 | H2: 0 | I2: {=(TREND(Calculations!$C$11:$E$11,Calculations!$C$10:$E$10,I1))*0.25} -> 1088.9344 | J2: {=(TREND(Calculations!$C$11:$E$11,Calculations!$C$10:$E$10,J1))*0.25} -> 1714.7541 | K2: {=(TREND(Calculations!$C$11:$E$11,Calculations!$C$10:$E$10,K1))*0.25} -> 2340.5738 | L2: {=(TREND(Calculations!$C$11:$E$11,Calculations!$C$10:$E$10,L1))*0.25} -> 2966.3934 | M2: {=(TREND(Calculations!$C$11:$E$11,Calculations!$C$10:$E$10,M1))*0.25} -> 3592.2131 | N2: {=(TREND(Calculations!$C$11:$E$11,Calculations!$C$10:$E$10,N1))*0.25} -> 4218.0328 | O2: {=(TREND(Calculations!$C$11:$E$11,Calculations!$C$10:$E$10,O1))*0.25} -> 4843.8525 | P2: {=(TREND(Calculations!$C$11:$E$11,Calculations!$C$10:$E$10,P1))*0.25} -> 5469.6721 | ... BE2: {=(TREND(Calculations!$C$11:$E$11,Calculations!$C$10:$E$10,BE1))*0.25} -> 31128.279
