Workbook

Sheet About
A1: SYC Start Year Electricity Generation Capacity
A2: SYC Fraction of Peakers that Provide Flexibility Points
A4: Source: | B4: Capacities and Generation by Plant Type
B5: Ministry of Energy and Mineral Resources
B6: 2016
B7: Handbook of Energy and Economic Statistics of Indonesia
B8: Tables 6.4.1 and 6.4.2
B9: IEA
B10: 2019
B11: https://www.iea.org/data-and-statistics/charts/capacity-of-coal-fired-power-plants-in-southeast-asia-2019
B14: CREA
B15: 2023
B16: https://energyandcleanair.org/wp/wp-content/uploads/2023/03/CREA_Trend-Asia_EN_Ambiguities-versus-Ambition.pdf
A21: Notes
A22: For the Indonesia dataset, we classify combined cycle gas plants as preexisting
A23: nonretiring plants to reflect their much higher capacity factor and efficiency
A25: We evaluated capacity factors to determine that gas engine units are operating as peakers

Sheet Generation
A1: 6.4.2. Power Plant Production
A2: (GWh)
A3: Year | B3: Hydro PP | C3: Geo- ther- mal PP | D3: Solar PP | E3: Diesel PP | F3: Coal | G3: oil | H3: gas | I3: Combined Gas- Steam PP | J3: Gas PP | K3: Gas Engine PP | L3: Wind PP
A5: 2000 | B5: 9110 | C5: 2649 | D5: 0 | E5: 6355 | F5: 28776 | G5: 6055 | H5: 3598 | I5: 26397 | J5: 1252 | K5: 0 | L5: 0
A6: 2001 | B6: 10651 | C6: 2982 | D6: 0 | E6: 6520 | F6: 29330 | G6: 6557 | H6: 3489 | I6: 27366 | J6: 1459 | K6: 0 | L6: 0
A7: 2002 | B7: 8834 | C7: 3187 | D7: 0 | E7: 7209 | F7: 29313 | G7: 8884 | H7: 835 | I7: 28803 | J7: 2229 | K7: 0 | L7: 0
A8: 2003 | B8: 8472 | C8: 2959 | D8: 0 | E8: 7977 | F8: 31737 | G8: 9108 | H8: 1334 | I8: 28409 | J8: 2486 | K8: 0 | L8: 0
A9: 2004 | B9: 8943 | C9: 3147 | D9: 0 | E9: 8577 | F9: 30806 | G9: 9636 | H9: 1204 | I9: 30700 | J9: 3179 | K9: 0 | L9: 0
A10: 2005 | B10: 9831 | C10: 3006 | D10: 0 | E10: 8866 | F10: 33253 | G10: 8180 | H10: 835 | I10: 31272 | J10: 6039 | K10: 0 | L10: 0
A11: 2006 | B11: 8759 | C11: 3141 | D11: 0 | E11: 8855 | F11: 38362 | G11: 8575 | H11: 828 | I11: 30918 | J11: 5031 | K11: 0 | L11: 0
A12: 2007 | B12: 10627 | C12: 3188 | D12: 0 | E12: 8694 | F12: 41880 | G12: 9179 | H12: 1151 | I12: 31374 | J12: 5148 | K12: 121.3 | L12: 0.02
A13: 2008 | B13: 10740 | C13: 3391 | D13: 0.1 | E13: 10212 | F13: 41311 | G13: 10186 | H13: 856 | I13: 35731 | J13: 5621 | K13: 0 | L13: 0
A14: 2009 | B14: 10307 | C14: 3504 | D14: 0 | E14: 10432 | F14: 43138 | G14: 9031 | H14: 795 | I14: 34747 | J14: 8674 | K14: 0 | L14: 0
A15: 2010 | B15: 15827 | C15: 3398 | D15: 1 | E15: 11926 | F15: 46685 | G15: 6712 | H15: 1009 | I15: 36812 | J15: 9266 | K15: 74 | L15: 0.03
A16: 2011 | B16: 10316 | C16: 3487 | D16: 1 | E16: 16125 | F16: 54950 | G16: 6383 | H16: 1003 | I16: 40410 | J16: 10018 | K16: 48 | L16: 0
... A24: 2019 | B24: 9877 | C24: 4110 | D24: 5 | E24: 9053 | F24: 119520 | G24: 126 | H24: 3730 | I24: 37758 | J24: 3213 | K24: 6151 | L24: 0
A26: 6.4.2. Power Plant Production (continued)
A27: (GWh)
A28: PLN Purchase from IPP & PPU | J28: PLN Purchase from IPP & PPU
A29: Year | B29: Hydro PP | C29: Geo- thermal PP | D29: Solar PP | E29: Diesel PP | F29: Coal | G29: gas | H29: Bio- mass | I29: Combined Gas-Steam PP | J29: Gas PP | K29: Wind PP | L29: Waste PP | M29: Sub-Total | N29: Grand Total
A31: 2000 | B31: 906 | C31: 0 | D31: 0 | E31: 94 | F31: 5226 | G31: 0 | H31: 6 | I31: 682 | J31: 0 | K31: 0 | L31: 0 | M31: 6915 | N31: 91105
A32: 2001 | B32: 1004 | C32: 0 | D32: 0 | E32: 88 | F32: 8383 | G32: 0 | H32: 8 | I32: 773 | J32: 0 | K32: 0 | L32: 0 | M32: 10256 | N32: 98610
A33: 2002 | B33: 1099 | C33: 0 | D33: 0 | E33: 221 | F33: 13616 | G33: 0 | H33: 11 | I33: 925 | J33: 0 | K33: 0 | L33: 0 | M33: 15873 | N33: 105166
A34: 2003 | B34: 627 | C34: 0 | D34: 0 | E34: 283 | F34: 14722 | G34: 0 | H34: 15 | I34: 1511 | J34: 0 | K34: 0 | L34: 0 | M34: 17158 | N34: 109639
A35: 2004 | B35: 731 | C35: 0 | D35: 0 | E35: 347 | F35: 17405 | G35: 0 | H35: 20 | I35: 1947 | J35: 0 | K35: 0 | L35: 0 | M35: 20449 | N35: 116642
A36: 2005 | B36: 894 | C36: 3598 | D36: 0 | E36: 251 | F36: 18572 | G36: 2.8 | H36: 22 | I36: 2566 | J36: 373 | K36: 0 | L36: 0 | M36: 26278 | N36: 127560
A37: 2006 | B37: 864 | C37: 3517 | D37: 0 | E37: 318 | F37: 20305 | G37: 2.2 | H37: 32 | I37: 2816 | J37: 787 | K37: 0 | L37: 0 | M37: 28640 | N37: 133108
A38: 2007 | B38: 659 | C38: 3833 | D38: 0 | E38: 388 | F38: 22022 | G38: 1.7 | H38: 36 | I38: 2746 | J38: 1514 | K38: 0 | L38: 0 | M38: 31200 | N38: 142442
A39: 2008 | B39: 788 | C39: 4918 | D39: 0 | E39: 428 | F39: 20182 | G39: 89.7 | H39: 55 | I39: 3591 | J39: 1336 | K39: 0.3 | L39: 0 | M39: 31390 | N39: 149437
A40: 2009 | B40: 1077 | C40: 5791 | D40: 0 | E40: 393 | F40: 22776 | G40: 2 | H40: 63 | I40: 4395 | J40: 1669 | K40: 5 | L40: 0 | M40: 36169 | N40: 156797
A41: 2010 | B41: 1629 | C41: 5959 | D41: 0 | E41: 369 | F41: 21792 | G41: 99 | H41: 95 | I41: 6512 | J41: 1618 | K41: 4 | L41: 0 | M41: 38076 | N41: 169786
A42: 2011 | B42: 2103 | C42: 5884 | D42: 0 | E42: 350 | F42: 26140 | G42: 154 | H42: 186 | I42: 4179 | J42: 1647 | K42: 4 | L42: 31 | M42: 40679 | N42: 183419
... A46: 2015 | B46: 3736 | C46: 5656 | D46: 0 | E46: 633 | F46: 39466 | G46: 115 | H46: 461 | I46: 5330 | J46: 2090 | K46: 4 | L46: 19 | M46: 57510 | N46: 233982
A47: 2016 | B47: 4791 | C47: 6698 | D47: 12 | E47: 586 | F47: 42699 | G47: 129 | H47: 584 | I47: 5832 | J47: 2767 | K47: 6 | L47: 6
A48: 2017 | B48: 6207 | C48: 8668 | D48: 23 | E48: 2110 | F48: 46631 | G48: 263 | H48: 0 | I48: 5704 | J48: 3002 | K48: 0 | L48: 590
A49: 2018 | B49: 6099 | C49: 10006 | D49: 15 | E49: 2410 | F49: 49978 | G49: 242 | H49: 0 | I49: 4946 | J49: 3841 | K49: 188 | L49: 622
A50: 2019 | B50: 6669 | C50: 9990 | D50: 49 | E50: 1403 | F50: 54973 | G50: 228 | H50: 0 | I50: 5396 | J50: 5577 | K50: 482 | L50: 21

Sheet Capacity
A1: 6.4.1. Power Plant Installed Capacity
A2: (MW)
A3: Year | B3: Hydro PP | C3: Steam PP | D3: Gas PP | E3: Combined Cycle PP | F3: Geother- mal PP | G3: Diesel PP | H3: Gas Engine PP | I3: Wind PP | J3: Mycro Hydro PP | K3: Mini Hydro PP | L3: Solar PP | M3: Coal Gasifi- cation PP | N3: Waste PP | O3: Biogas PP | P3: Bio Mass PP | Q3: Total
A4: Model Power Plant Type | B4: hydro | C4: hard coal | D4: natural gas nonpeaker | E4: natural gas non peaker | F4: geothermal | G4: petroleum | H4: natural gas peaker | I4: onshore wind | J4: hydro | K4: hydro | L4: solar pv | M4: hard coal | N4: municipal solid waste | O4: biogas | P4: biomass
A5: 2000 | B5: 4199.28 | C5: 10671.56 | D5: 3804.8 | E5: 6863.22 | F5: 525 | G5: 11223.33 | H5: 0 | I5: 0 | J5: 0 | K5: 0 | L5: 0 | M5: 0 | N5: 0 | O5: 0 | P5: 0 | Q5: 37287.19
A6: 2001 | B6: 3112.61 | C6: 7798.73 | D6: 1966.77 | E6: 6998.22 | F6: 785 | G6: 3016.05 | H6: 0 | I6: 0 | J6: 0 | K6: 0 | L6: 0 | M6: 0 | N6: 0 | O6: 0 | P6: 0 | Q6: 23677.39
A7: 2002 | B7: 3155.17 | C7: 6900 | D7: 1224.72 | E7: 6863.22 | F7: 785 | G7: 2589.12 | H7: 0 | I7: 0 | J7: 0 | K7: 0 | L7: 0 | M7: 0 | N7: 0 | O7: 0 | P7: 0 | Q7: 21517.23
A8: 2003 | B8: 3167.92 | C8: 9750 | D8: 1687.72 | E8: 6998.22 | F8: 805 | G8: 2730.6 | H8: 0 | I8: 0 | J8: 0 | K8: 0 | L8: 0 | M8: 0 | N8: 0 | O8: 0 | P8: 0 | Q8: 25139.46
A9: 2004 | B9: 3199.71 | C9: 9750 | D9: 2802.57 | E9: 6846.27 | F9: 820 | G9: 2993.6 | H9: 12 | I9: 0 | J9: 0 | K9: 0 | L9: 0 | M9: 0 | N9: 0 | O9: 0 | P9: 0 | Q9: 26424.15
A10: 2005 | B10: 3407.46 | C10: 9750 | D10: 3099.35 | E10: 6919.97 | F10: 850 | G10: 3208.08 | H10: 3 | I10: 0 | J10: 0.45 | K10: 3.03 | L10: 0 | M10: 0 | N10: 0 | O10: 0 | P10: 0 | Q10: 27241.33
A11: 2006 | B11: 3715.61 | C11: 11170 | D11: 3102.95 | E11: 7659.97 | F11: 850 | G11: 3165.05 | H11: 21 | I11: 0 | J11: 0.55 | K11: 3.03 | L11: 0 | M11: 0 | N11: 0 | O11: 0 | P11: 0 | Q11: 29688.16
A12: 2007 | B12: 3688.04 | C12: 12014 | D12: 3220.18 | E12: 7699.97 | F12: 980 | G12: 3211.91 | H12: 33 | I12: 0.1 | J12: 0.55 | K12: 6.03 | L12: 0 | M12: 0 | N12: 0 | O12: 0 | P12: 0 | Q12: 30853.78
A13: 2008 | B13: 3690.8 | C13: 12294 | D13: 3068.97 | E13: 8009.97 | F13: 1052 | G13: 3272.98 | H13: 66.84 | I13: 0.26 | J13: 0.69 | K13: 6.03 | L13: 0 | M13: 0 | N13: 0 | O13: 0 | P13: 0 | Q13: 31462.54
A14: 2009 | B14: 3694.95 | C14: 12594 | D14: 3135.88 | E14: 8009.97 | F14: 1189 | G14: 3256.36 | H14: 71 | I14: 1.06 | J14: 0.69 | K14: 6.03 | L14: 0 | M14: 0 | N14: 0 | O14: 0 | P14: 0 | Q14: 31958.94
A15: 2010 | B15: 3719.69 | C15: 12981.5 | D15: 3821.57 | E15: 7590.32 | F15: 1189 | G15: 4569.89 | H15: 92.84 | I15: 0.34 | J15: 0.69 | K15: 13.53 | L15: 0.19 | M15: 0 | N15: 0 | O15: 0 | P15: 0 | Q15: 33979.56
A16: 2011 | B16: 3880.83 | C16: 16318 | D16: 4236.02 | E16: 8480.97 | F16: 1226 | G16: 5471.93 | H16: 169.54 | I16: 0.93 | J16: 5.93 | K16: 57.66 | L16: 1.16 | M16: 41 | N16: 26 | O16: 0 | P16: 0 | Q16: 39915.97
... A19: 2014 | B19: 5059.06 | C19: 25104.23 | D19: 4310.5 | E19: 10146.11 | F19: 1403.5 | G19: 6206.99 | H19: 610.74 | I19: 1.12 | J19: 30.46 | K19: 139.87 | L19: 9.02 | M19: 6 | N19: 36 | O19: 0 | P19: 0 | Q19: 53063.6
A20: 2015*) | B20: 5068.59 | C20: 26447.58 | D20: 4495.56 | E20: 10293.47 | F20: 1438.3 | G20: 3824.07 | H20: 1101.23 | I20: 1.46 | J20: 90.15 | K20: 148.71 | L20: 36.94 | M20: 0 | N20: 15.65 | O20: 54.72 | P20: 1671.29 | Q20: 54687.72
A21: 2016*) | B21: 5343.59 | C21: 28351.97 | D21: 4969.24 | E21: 10293.47 | F21: 1533.3 | G21: 3979.4 | H21: 1806.99 | I21: 1.46 | J21: 95.87 | K21: 211.4 | L21: 46.7 | M21: 0 | N21: 15.65 | O21: 64.16 | P21: 1703.29 | Q21: 58416.48
A22: 2017*) | B22: 5343.59 | C22: 30768.07 | D22: 4976.24 | E22: 10418.47 | F22: 1808.3 | G22: 4396.35 | H22: 2264.85 | I22: 1.46 | J22: 103.76 | K22: 240.55 | L22: 54.48 | M22: 0 | N22: 15.65 | O22: 100.62 | P22: 1740.54 | Q22: 62232.93
A23: 2018*) | B23: 4461.59 | C23: 31587.17 | D23: 5348.44 | E23: 11220.1 | F23: 1948.3 | G23: 4630.9 | H23: 2357.66 | I23: 143.03 | J23: 98.39 | K23: 267.79 | L23: 24.42 | M23: 0 | N23: 15.65 | O23: 40.35 | P23: 142.02 | Q23: 62285.81
A24: 2019 | B24: 4620.52 | C24: 34737.17 | D24: 5348.44 | E24: 11669.54 | F24: 2130.7 | G24: 4779.68 | H24: 2842.03 | I24: 153.83 | J24: 99.49 | K24: 311.14 | L24: 105.03 | M24: 0 | N24: 15.65 | O24: 42.15 | P24: 147.02 | Q24: 67002.4
A26: 2015 Generation (GWh) | B26: =SUM(Generation!B20,Generation!B46) -> 13741 | C26: =SUM(Generation!F20,Generation!F46) -> 124657 | D26: =SUM(Generation!G46,Generation!J46,Generation!J20,Generation!H20) -> 8258 | E26: =SUM(Generation!I20,Generation!I46) -> 44646 | F26: =SUM(Generation!C20,Generation!C46) -> 10048 | G26: =SUM(Generation!E20,Generation!E46,Generation!G20) -> 30911 | H26: =SUM(Generation!K20) -> 1233 | I26: =SUM(Generation!L20,Generation!K46) -> 4 | J26: <- | K26: <- | L26: =SUM(Generation!D20,Generation!D46) -> 5 | M26: <- | N26: =SUM(Generation!H46,Generation!L46) -> 480 | P26: <-
A27: Capacity Factors | B27: =B26*1000/((SUM(B20,J20,K20)*8760)) -> 0.2955482 | C27: =C26*1000/((C20+M20)*8760) -> 0.53805494 | D27: =D26*1000/(D20*8760) -> 0.20969447 | E27: =E26*1000/(E20*8760) -> 0.49512704 | F27: =F26*1000/(F20*8760) -> 0.79749146 | G27: =G26*1000/(G20*8760) -> 0.92274801 | H27: =H26*1000/(H20*8760) -> 0.12781474 | I27: =I26*1000/(I20*8760) -> 0.31275411 | L27: =L26*1000/(L20*8760) -> 0.015451442 | N27: =N26*1000/(SUM(N20:P20)*8760) -> 0.031461089
B29: =B24+J24+K24 -> 5031.15
A32: Newly built coal power plant (MW) | B32: 12000
A33: Preexisting (MW) | B33: 32000
A34: Combined Cycle PP | B34: =D24+E24+H24 -> 19860.01

Sheet SYC-SYEGC
A1: Start Year Capacities (MW) | B1: preexisting | C1: preexisting nonretiring | D1: newly built
A2: hard coal | B2: 34600 | C2: 0 | D2: 3600
A3: natural gas nonpeaker | B3: =Capacity!B34 -> 19860.01 | C3: 0 | D3: 0
A4: nuclear | B4: 0 | C4: =SUMIF(Capacity!$B$4:$P$4,A4,Capacity!$B$24:$P$24) -> 0 | D4: 0
A5: hydro | B5: 5980 | C5: 0 | D5: 0
A6: onshore wind | B6: 150 | C6: 0 | D6: 0
A7: solar PV | B7: 150 | C7: 0 | D7: 0
A8: solar thermal | B8: 0 | C8: =SUMIF(Capacity!$B$4:$P$4,A8,Capacity!$B$24:$P$24) -> 0 | D8: 0
A9: biomass | B9: 1880 | C9: 0 | D9: 0
A10: geothermal | B10: 2140 | C10: 0 | D10: 0
A11: petroleum | B11: =Capacity!G24 -> 4779.68 | C11: 0 | D11: 0
A12: natural gas peaker | B12: 0 | C12: 0 | D12: 0
A13: lignite | B13: 0 | C13: 0 | D13: 0
A14: offshore wind | B14: 0 | C14: 0 | D14: 0
A15: crude oil | B15: 0 | C15: 0 | D15: 0
A16: heavy or residual fuel oil | B16: 0 | C16: 0 | D16: 0
A17: municipal solid waste | B17: 0 | C17: 0 | D17: 0

Sheet SYC-FoPtPFP
B1: Peakers that Provide Flexibility Points
A2: Fraction | B2: =1 -> 1
