Workbook

Sheet About 
A1: BCEU BAU Components Energy Use
A3: Source | B3: IESR (2024)
B4: https://iesr.or.id/en/
A10: Comments | B10: These data come from the LEAP (Long-range Energy Alternatives Planning) Indonesia model and represent BAU (Business As Usual) scenarios projected for the country. The BAU scenarios assume no significant changes to current energy policies or interventions, providing a baseline for analyzing future energy consumption, emissions, and sectoral growth under existing conditions. This model helps evaluate long-term trends in Indonesia's energy use and environmental impacts, serving as a foundation for comparing potential outcomes from alternative policy scenarios aimed at sustainable development and climate goals.

Sheet Commercial
A1: Variable: Non Electricity Consumption: Total Final Energy Consumption (Thousand Gigajoule)
A2: Scenario: Business as Usual
A3: Branch: Demand\Commercial\Office\Conventional Office\Non Electricity Consumption\Gasoil Generator
A4: Region: Indonesia
A5: Thousand Gigajoule to Gigajoule | B5: 1000
A6: Branch | B6: 2022 | C6: 2023 | D6: 2024 | E6: 2025 | F6: 2026 | G6: 2027 | H6: 2028 | I6: 2029 | J6: 2030 | K6: 2031 | L6: 2032 | M6: 2033 | N6: 2034 | O6: 2035 | P6: 2036 | Q6: 2037 | R6: 2038 | S6: 2039 | T6: 2040 | U6: 2041 | V6: 2042 | W6: 2043 | X6: 2044 | Y6: 2045 | Z6: 2046 | AA6: 2047 | AB6: 2048 | AC6: 2049 | AD6: 2050 | AE6: 2051 | AF6: 2052 | AG6: 2053 | AH6: 2054 | AI6: 2055 | AJ6: 2056 | AK6: 2057 | AL6: 2058 | AM6: 2059 | AN6: 2060 | AO6: =AN6+1 -> 2061 | AP6: =AO6+1 -> 2062 | AQ6: =AP6+1 -> 2063 | AR6: =AQ6+1 -> 2064 | AS6: =AR6+1 -> 2065 | AT6: =AS6+1 -> 2066 | AU6: =AT6+1 -> 2067 | AV6: =AU6+1 -> 2068 | ... AX6: =AW6+1 -> 2070
A7: Gasoil Generator | B7: 328.18775 | C7: 344.62501 | D7: 347.9738 | E7: 351.33736 | F7: 356.71991 | G7: 362.14197 | H7: 367.60354 | I7: 373.10462 | J7: 378.64521 | K7: 383.69711 | L7: 388.7822 | M7: 393.90048 | N7: 399.05194 | O7: 404.23658 | P7: 408.90412 | Q7: 413.59844 | R7: 418.31956 | S7: 423.06746 | T7: 427.84214 | U7: 432.08976 | V7: 436.35792 | W7: 440.6466 | X7: 444.95581 | Y7: 449.28555 | Z7: 453.08941 | AA7: 456.9078 | AB7: 460.74072 | AC7: 464.58816 | AD7: 468.45012 | AE7: 470.96822 | AF7: 473.48631 | AG7: 476.0044 | AH7: 478.52249 | AI7: 481.04059 | AJ7: 483.55868 | AK7: 486.07677 | AL7: 488.59486 | AM7: 491.11296 | AN7: 493.63105 | AO7: =(AN7+AN7*$AN$10) -> 496.16205 | AP7: =(AO7+AO7*$AN$10) -> 498.70603 | AQ7: =(AP7+AP7*$AN$10) -> 501.26306 | AR7: =(AQ7+AQ7*$AN$10) -> 503.83319 | AS7: =(AR7+AR7*$AN$10) -> 506.41651 | AT7: =(AS7+AS7*$AN$10) -> 509.01307 | AU7: =(AT7+AT7*$AN$10) -> 511.62294 | AV7: =(AU7+AU7*$AN$10) -> 514.24619 | ... AX7: =(AW7+AW7*$AN$10) -> 519.53312
A8: Biogasoil Generator | B8: 3364.4751 | C8: 3532.9846 | D8: 3567.3153 | E8: 3601.7974 | F8: 3656.9776 | G8: 3712.5629 | H8: 3768.5531 | I8: 3824.9484 | J8: 3881.7487 | K8: 3933.5392 | L8: 3985.6699 | M8: 4038.1408 | N8: 4090.9519 | O8: 4144.1032 | P8: 4191.9533 | Q8: 4240.078 | R8: 4288.4773 | S8: 4337.1513 | T8: 4386.0998 | U8: 4429.6451 | V8: 4473.4008 | W8: 4517.367 | X8: 4561.5436 | Y8: 4605.9307 | Z8: 4644.9267 | AA8: 4684.0716 | AB8: 4723.3654 | AC8: 4762.8081 | AD8: 4802.3997 | AE8: 4828.2144 | AF8: 4854.0291 | AG8: 4879.8438 | AH8: 4905.6584 | AI8: 4931.4731 | AJ8: 4957.2878 | AK8: 4983.1025 | AL8: 5008.9171 | AM8: 5034.7318 | AN8: 5060.5465 | AO8: =(AN8+AN8*$AN$11) -> 5086.4935 | AP8: =(AO8+AO8*$AN$11) -> 5112.5736 | AQ8: =(AP8+AP8*$AN$11) -> 5138.7874 | AR8: =(AQ8+AQ8*$AN$11) -> 5165.1356 | AS8: =(AR8+AR8*$AN$11) -> 5191.6189 | AT8: =(AS8+AS8*$AN$11) -> 5218.238 | AU8: =(AT8+AT8*$AN$11) -> 5244.9936 | AV8: =(AU8+AU8*$AN$11) -> 5271.8863 | ... AX8: =(AW8+AW8*$AN$11) -> 5326.0862
A9: MDF Generator | B9: 2.9221903 | C9: 3.068548 | D9: 3.0983657 | E9: 3.1283148 | F9: 3.1762412 | G9: 3.2245193 | H9: 3.2731493 | I9: 3.322131 | J9: 3.3714644 | K9: 3.4164467 | L9: 3.4617245 | M9: 3.5072977 | N9: 3.5531664 | O9: 3.5993305 | P9: 3.6408904 | Q9: 3.6826888 | R9: 3.7247257 | S9: 3.767001 | T9: 3.8095149 | U9: 3.8473359 | V9: 3.8853396 | W9: 3.9235261 | X9: 3.9618954 | Y9: 4.0004475 | Z9: 4.0343171 | AA9: 4.0683162 | AB9: 4.1024445 | AC9: 4.1367022 | AD9: 4.1710892 | AE9: 4.1935104 | AF9: 4.2159315 | AG9: 4.2383527 | AH9: 4.2607738 | AI9: 4.283195 | AJ9: 4.3056161 | AK9: 4.3280372 | AL9: 4.3504584 | AM9: 4.3728795 | AN9: 4.3953007 | AO9: =(AN9+AN9*$AN$12) -> 4.4178368 | AP9: =(AO9+AO9*$AN$12) -> 4.4404885 | AQ9: =(AP9+AP9*$AN$12) -> 4.4632563 | AR9: =(AQ9+AQ9*$AN$12) -> 4.4861408 | AS9: =(AR9+AR9*$AN$12) -> 4.5091427 | AT9: =(AS9+AS9*$AN$12) -> 4.5322625 | AU9: =(AT9+AT9*$AN$12) -> 4.5555008 | AV9: =(AU9+AU9*$AN$12) -> 4.5788583 | ... AX9: =(AW9+AW9*$AN$12) -> 4.6259332
AM10: Growth rate | AN10: =(AN7-AM7)/AM7 -> 0.0051273188
A11: Variable: Non Electricity Consumption: Total Final Energy Consumption (Thousand Gigajoule) | AM11: Growth rate | AN11: =(AN8-AM8)/AM8 -> 0.0051273188
A12: Scenario: Business as Usual | AM12: Growth rate | AN12: =(AN9-AM9)/AM9 -> 0.0051273188
A13: Branch: Demand\Commercial\Hotel\Five Star\Non Electricity Consumption\Biomass Heat
A14: Region: Indonesia
A16: Branch | B16: 2022 | C16: 2023 | D16: 2024 | E16: 2025 | F16: 2026 | G16: 2027 | H16: 2028 | I16: 2029 | J16: 2030 | K16: 2031 | L16: 2032 | M16: 2033 | N16: 2034 | O16: 2035 | P16: 2036 | Q16: 2037 | R16: 2038 | S16: 2039 | T16: 2040 | U16: 2041 | V16: 2042 | W16: 2043 | X16: 2044 | Y16: 2045 | Z16: 2046 | AA16: 2047 | AB16: 2048 | AC16: 2049 | AD16: 2050 | AE16: 2051 | AF16: 2052 | AG16: 2053 | AH16: 2054 | AI16: 2055 | AJ16: 2056 | AK16: 2057 | AL16: 2058 | AM16: 2059 | AN16: 2060 | AO16: =AN16+1 -> 2061 | AP16: =AO16+1 -> 2062 | AQ16: =AP16+1 -> 2063 | AR16: =AQ16+1 -> 2064 | AS16: =AR16+1 -> 2065 | AT16: =AS16+1 -> 2066 | AU16: =AT16+1 -> 2067 | AV16: =AU16+1 -> 2068 | ... AX16: =AW16+1 -> 2070
A17: Biomass Heat | B17: 660.23083 | C17: 703.32055 | D17: 749.2225 | E17: 798.12023 | F17: 850.20925 | G17: 905.69784 | H17: 964.80787 | I17: 1027.7757 | J17: 1094.8531 | K17: 1166.3083 | L17: 1242.4269 | M17: 1323.5135 | N17: 1409.8921 | O17: 1501.9082 | P17: 1599.9297 | Q17: 1704.3485 | R17: 1815.5821 | S17: 1934.0754 | T17: 2060.3021 | U17: 2194.767 | V17: 2338.0076 | W17: 2490.5968 | X17: 2653.1447 | Y17: 2826.3012 | Z17: 3010.7587 | AA17: 3207.2547 | AB17: 3416.575 | AC17: 3639.5565 | AD17: 3877.0908 | AE17: 4130.1277 | AF17: 4399.6789 | AG17: 4686.8223 | AH17: 4992.7061 | AI17: 5318.5532 | AJ17: 5665.6665 | AK17: 6035.4342 | AL17: 6429.3345 | AM17: 6848.9426 | AN17: 7295.9363 | AO17: =(AN17+AN17*$AN$25) -> 7772.1029 | AP17: =(AO17+AO17*$AN$25) -> 8279.3463 | AQ17: =(AP17+AP17*$AN$25) -> 8819.6947 | AR17: =(AQ17+AQ17*$AN$25) -> 9395.3088 | AS17: =(AR17+AR17*$AN$25) -> 10008.49 | AT17: =(AS17+AS17*$AN$25) -> 10661.691 | AU17: =(AT17+AT17*$AN$25) -> 11357.522 | AV17: =(AU17+AU17*$AN$25) -> 12098.766 | ... AX17: =(AW17+AW17*$AN$25) -> 13729.543
A18: Solar Heat | B18: 403.3108 | C18: 429.63273 | D18: 457.67255 | E18: 487.54238 | F18: 519.36165 | G18: 553.2576 | H18: 589.36575 | I18: 627.83049 | J18: 668.80561 | K18: 712.45496 | L18: 758.95306 | M18: 808.48585 | N18: 861.25138 | O18: 917.46063 | P18: 977.33836 | Q18: 1041.124 | R18: 1109.0725 | S18: 1181.4558 | T18: 1258.563 | U18: 1340.7027 | V18: 1428.2031 | W18: 1521.4143 | X18: 1620.7088 | Y18: 1726.4838 | Z18: 1839.1621 | AA18: 1959.1943 | AB18: 2087.0604 | AC18: 2223.2716 | AD18: 2368.3726 | AE18: 2522.9436 | AF18: 2687.6025 | AG18: 2863.0079 | AH18: 3049.8611 | AI18: 3248.9091 | AJ18: 3460.9479 | AK18: 3686.8254 | AL18: 3927.4447 | AM18: 4183.7679 | AN18: 4456.82 | AO18: =(AN18+AN18*$AN$25) -> 4747.6927 | AP18: =(AO18+AO18*$AN$25) -> 5057.549 | AQ18: =(AP18+AP18*$AN$25) -> 5387.6281 | AR18: =(AQ18+AQ18*$AN$25) -> 5739.2496 | AS18: =(AR18+AR18*$AN$25) -> 6113.8196 | AT18: =(AS18+AS18*$AN$25) -> 6512.8358 | AU18: =(AT18+AT18*$AN$25) -> 6937.8936 | AV18: =(AU18+AU18*$AN$25) -> 7390.6926 | ... AX18: =(AW18+AW18*$AN$25) -> 8386.8746
A19: Gas Heat | B19: 313.17283 | C19: 333.61193 | D19: 355.38499 | E19: 378.57906 | F19: 403.28688 | G19: 429.60725 | H19: 457.64541 | I19: 487.51346 | J19: 519.33085 | K19: 553.22478 | L19: 589.33079 | M19: 627.79325 | N19: 668.76594 | O19: 712.4127 | P19: 758.90805 | Q19: 808.4379 | R19: 861.2003 | S19: 917.40621 | T19: 977.28039 | U19: 1041.0622 | V19: 1109.0068 | W19: 1181.3857 | X19: 1258.4884 | Y19: 1340.6231 | Z19: 1428.1184 | AA19: 1521.324 | AB19: 1620.6127 | AC19: 1726.3814 | AD19: 1839.053 | AE19: 1959.0781 | AF19: 2086.9366 | AG19: 2223.1397 | AH19: 2368.2321 | AI19: 2522.7939 | AJ19: 2687.4431 | AK19: 2862.8381 | AL19: 3049.6802 | AM19: 3248.7164 | AN19: 3460.7427 | AO19: =(AN19+AN19*$AN$25) -> 3686.6067 | AP19: =(AO19+AO19*$AN$25) -> 3927.2117 | AQ19: =(AP19+AP19*$AN$25) -> 4183.5198 | AR19: =(AQ19+AQ19*$AN$25) -> 4456.5556 | AS19: =(AR19+AR19*$AN$25) -> 4747.411 | AT19: =(AS19+AS19*$AN$25) -> 5057.2491 | AU19: =(AT19+AT19*$AN$25) -> 5387.3085 | AV19: =(AU19+AU19*$AN$25) -> 5738.9092 | ... AX19: =(AW19+AW19*$AN$25) -> 6512.4495
A20: Kerosene Heat | B20: 21.96271 | C20: 23.396098 | D20: 24.923036 | E20: 26.549628 | F20: 28.28238 | G20: 30.128219 | H20: 32.094526 | I20: 34.189163 | J20: 36.420506 | K20: 38.797477 | L20: 41.329579 | M20: 44.026939 | N20: 46.900341 | O20: 49.961274 | P20: 53.221978 | Q20: 56.69549 | R20: 60.395701 | S20: 64.337403 | T20: 68.53636 | U20: 73.00936 | V20: 77.774289 | W20: 82.850199 | X20: 88.257386 | Y20: 94.017471 | Z20: 100.15349 | AA20: 106.68997 | AB20: 113.65305 | AC20: 121.07057 | AD20: 128.9722 | AE20: 137.38952 | AF20: 146.35619 | AG20: 155.90808 | AH20: 166.08336 | AI20: 176.92273 | AJ20: 188.46952 | AK20: 200.76992 | AL20: 213.87309 | AM20: 227.83144 | AN20: 242.70077 | AO20: =(AN20+AN20*$AN$25) -> 258.54055 | AP20: =(AO20+AO20*$AN$25) -> 275.4141 | AQ20: =(AP20+AP20*$AN$25) -> 293.3889 | AR20: =(AQ20+AQ20*$AN$25) -> 312.53682 | AS20: =(AR20+AR20*$AN$25) -> 332.93441 | AT20: =(AS20+AS20*$AN$25) -> 354.66325 | AU20: =(AT20+AT20*$AN$25) -> 377.81022 | AV20: =(AU20+AU20*$AN$25) -> 402.46786 | ... AX20: =(AW20+AW20*$AN$25) -> 456.71599
A21: Gasoil Generator | B21: 16.796903 | C21: 17.893147 | D21: 19.060936 | E21: 20.304941 | F21: 21.630136 | G21: 23.041818 | H21: 24.545634 | I21: 26.147596 | J21: 27.854109 | K21: 29.671997 | L21: 31.608529 | M21: 33.671448 | N21: 35.869002 | O21: 38.209979 | P21: 40.703739 | Q21: 43.360253 | R21: 46.190144 | S21: 49.204727 | T21: 52.416055 | U21: 55.836969 | V21: 59.481148 | W21: 63.363163 | X21: 67.498536 | Y21: 71.903803 | Z21: 76.596578 | AA21: 81.595625 | AB21: 86.920933 | AC21: 92.593795 | AD21: 98.636895 | AE21: 105.0744 | AF21: 111.93204 | AG21: 119.23724 | AH21: 127.01921 | AI21: 135.30907 | AJ21: 144.13997 | AK21: 153.54721 | AL21: 163.56841 | AM21: 174.24364 | AN21: 185.61559 | AO21: =(AN21+AN21*$AN$25) -> 197.72972 | AP21: =(AO21+AO21*$AN$25) -> 210.63448 | AQ21: =(AP21+AP21*$AN$25) -> 224.38146 | AR21: =(AQ21+AQ21*$AN$25) -> 239.02563 | AS21: =(AR21+AR21*$AN$25) -> 254.62555 | AT21: =(AS21+AS21*$AN$25) -> 271.24359 | AU21: =(AT21+AT21*$AN$25) -> 288.94621 | AV21: =(AU21+AU21*$AN$25) -> 307.80417 | ... AX21: =(AW21+AW21*$AN$25) -> 349.2927
A22: Biogasoil Generator | B22: 172.19644 | C22: 183.43478 | D22: 195.40658 | E22: 208.15972 | F22: 221.74518 | G22: 236.2173 | H22: 251.63393 | I22: 268.05673 | J22: 285.55135 | K22: 304.18775 | L22: 324.04045 | M22: 345.18883 | N22: 367.71745 | O22: 391.7164 | P22: 417.28162 | Q22: 444.51535 | R22: 473.52648 | S22: 504.43101 | T22: 537.35251 | U22: 572.42262 | V22: 609.78157 | W22: 649.57874 | X22: 691.97325 | Y22: 737.13462 | Z22: 785.24344 | AA22: 836.49206 | AB22: 891.0854 | AC22: 949.24176 | AD22: 1011.1937 | AE22: 1077.1888 | AF22: 1147.4912 | AG22: 1222.3818 | AH22: 1302.16 | AI22: 1387.145 | AJ22: 1477.6765 | AK22: 1574.1166 | AL22: 1676.8507 | AM22: 1786.2897 | AN22: 1902.8712 | AO22: =(AN22+AN22*$AN$25) -> 2027.0614 | AP22: =(AO22+AO22*$AN$25) -> 2159.3568 | AQ22: =(AP22+AP22*$AN$25) -> 2300.2865 | AR22: =(AQ22+AQ22*$AN$25) -> 2450.4138 | AS22: =(AR22+AR22*$AN$25) -> 2610.3391 | AT22: =(AS22+AS22*$AN$25) -> 2780.7019 | AU22: =(AT22+AT22*$AN$25) -> 2962.1834 | AV22: =(AU22+AU22*$AN$25) -> 3155.5092 | ... AX22: =(AW22+AW22*$AN$25) -> 3580.8363
A23: MDF Generator | B23: 0.14955996 | C23: 0.15932094 | D23: 0.16971896 | E23: 0.1807956 | F23: 0.19259516 | G23: 0.20516481 | H23: 0.21855481 | I23: 0.23281871 | J23: 0.24801354 | K23: 0.26420005 | L23: 0.28144297 | M23: 0.29981124 | N23: 0.31937831 | O23: 0.34022241 | P23: 0.3624269 | Q23: 0.38608056 | R23: 0.41127796 | S23: 0.43811987 | T23: 0.4667136 | U23: 0.49717348 | V23: 0.52962133 | W23: 0.56418687 | X23: 0.60100831 | Y23: 0.64023289 | Z23: 0.68201745 | AA23: 0.72652907 | AB23: 0.77394572 | AC23: 0.824457 | AD23: 0.87826488 | AE23: 0.9355845 | AF23: 0.99664508 | AG23: 1.0616907 | AH23: 1.1309816 | AI23: 1.2047947 | AJ23: 1.2834252 | AK23: 1.3671874 | AL23: 1.4564164 | AM23: 1.5514689 | AN23: 1.6527249 | AO23: =(AN23+AN23*$AN$25) -> 1.7605894 | AP23: =(AO23+AO23*$AN$25) -> 1.8754936 | AQ23: =(AP23+AP23*$AN$25) -> 1.997897 | AR23: =(AQ23+AQ23*$AN$25) -> 2.128289 | AS23: =(AR23+AR23*$AN$25) -> 2.267191 | AT23: =(AS23+AS23*$AN$25) -> 2.4151584 | AU23: =(AT23+AT23*$AN$25) -> 2.5727828 | AV23: =(AU23+AU23*$AN$25) -> 2.7406945 | ... AX23: =(AW23+AW23*$AN$25) -> 3.1101092
A24: LPG Heat | B24: 273.08574 | C24: 290.90858 | D24: 309.89462 | E24: 330.11978 | F24: 351.66492 | G24: 374.6162 | H24: 399.06539 | I24: 425.11024 | J24: 452.8549 | K24: 482.41031 | L24: 513.89464 | M24: 547.43378 | N24: 583.16184 | O24: 621.22168 | P24: 661.76549 | Q24: 704.95536 | R24: 750.96401 | S24: 799.9754 | T24: 852.18549 | U24: 907.80306 | V24: 967.05049 | W24: 1030.1647 | X24: 1097.398 | Y24: 1169.0193 | Z24: 1245.3149 | AA24: 1326.5899 | AB24: 1413.1693 | AC24: 1505.3992 | AD24: 1603.6486 | AE24: 1708.3101 | AF24: 1819.8023 | AG24: 1938.571 | AH24: 2065.0911 | AI24: 2199.8685 | AJ24: 2343.4421 | AK24: 2496.386 | AL24: 2659.3117 | AM24: 2832.8707 | AN24: 3017.757 | AO24: =(AN24+AN24*$AN$25) -> 3214.7097 | AP24: =(AO24+AO24*$AN$25) -> 3424.5166 | AQ24: =(AP24+AP24*$AN$25) -> 3648.0164 | AR24: =(AQ24+AQ24*$AN$25) -> 3886.1028 | AS24: =(AR24+AR24*$AN$25) -> 4139.7278 | AT24: =(AS24+AS24*$AN$25) -> 4409.9056 | AU24: =(AT24+AT24*$AN$25) -> 4697.7165 | AV24: =(AU24+AU24*$AN$25) -> 5004.3112 | ... AX24: =(AW24+AW24*$AN$25) -> 5678.8359
AM25: Growth rate | AN25: =(AN17-AM17)/AM17 -> 0.065264627
A26: Variable: Non Electricity Consumption: Total Final Energy Consumption (Million Gigajoule) | AM26: Growth rate | AN26: =(AN18-AM18)/AM18 -> 0.065264627
A27: Scenario: Business as Usual | AM27: Growth rate | AN27: =(AN19-AM19)/AM19 -> 0.065264627
AM28: Growth rate | AN28: =(AN20-AM20)/AM20 -> 0.065264627
AM29: Growth rate | AN29: =(AN21-AM21)/AM21 -> 0.065264627
AM30: Growth rate | AN30: =(AN22-AM22)/AM22 -> 0.065264627
AM31: Growth rate | AN31: =(AN23-AM23)/AM23 -> 0.065264627
AM32: Growth rate | AN32: =(AN24-AM24)/AM24 -> 0.065264627
A33: Branch: Demand\Commercial\Hotel\Four Star\Non Electricity Consumption\Biomass Heat
A34: Region: Indonesia
A35: Million Gigajoule to Gigajoule | B35: 1000000
A36: Branch | B36: 2022 | C36: 2023 | D36: 2024 | E36: 2025 | F36: 2026 | G36: 2027 | H36: 2028 | I36: 2029 | J36: 2030 | K36: 2031 | L36: 2032 | M36: 2033 | N36: 2034 | O36: 2035 | P36: 2036 | Q36: 2037 | R36: 2038 | S36: 2039 | T36: 2040 | U36: 2041 | V36: 2042 | W36: 2043 | X36: 2044 | Y36: 2045 | Z36: 2046 | AA36: 2047 | AB36: 2048 | AC36: 2049 | AD36: 2050 | AE36: 2051 | AF36: 2052 | AG36: 2053 | AH36: 2054 | AI36: 2055 | AJ36: 2056 | AK36: 2057 | AL36: 2058 | AM36: 2059 | AN36: 2060 | AO36: =AN36+1 -> 2061 | AP36: =AO36+1 -> 2062 | AQ36: =AP36+1 -> 2063 | AR36: =AQ36+1 -> 2064 | AS36: =AR36+1 -> 2065 | AT36: =AS36+1 -> 2066 | AU36: =AT36+1 -> 2067 | AV36: =AU36+1 -> 2068 | ... AX36: =AW36+1 -> 2070
A37: Biomass Heat | B37: 1.4471193 | C37: 1.5415649 | D37: 1.6421746 | E37: 1.7493505 | F37: 1.8635212 | G37: 1.9851433 | H37: 2.1147029 | I37: 2.2527182 | J37: 2.399741 | K37: 2.5563592 | L37: 2.723199 | M37: 2.9009276 | N37: 3.0902555 | O37: 3.2919399 | P37: 3.5067872 | Q37: 3.7356563 | R37: 3.9794625 | S37: 4.2391807 | T37: 4.5158492 | U37: 4.8105744 | V37: 5.1245348 | W37: 5.4589856 | X37: 5.8152643 | Y37: 6.1947953 | Z37: 6.5990963 | AA37: 7.0297839 | AB37: 7.4885801 | AC37: 7.9773195 | AD37: 8.4979563 | AE37: 9.0525722 | AF37: 9.643385 | AG37: 10.272757 | AH37: 10.943205 | AI37: 11.657409 | AJ37: 12.418225 | AK37: 13.228696 | AL37: 14.092062 | AM37: 15.011775 | AN37: 15.991513 | AO37: =(AN37+AN37*$AN$45) -> 17.035193 | AP37: =(AO37+AO37*$AN$45) -> 18.146989 | AQ37: =(AP37+AP37*$AN$45) -> 19.331345 | AR37: =(AQ37+AQ37*$AN$45) -> 20.592998 | AS37: =(AR37+AR37*$AN$45) -> 21.936992 | AT37: =(AS37+AS37*$AN$45) -> 23.368702 | AU37: =(AT37+AT37*$AN$45) -> 24.893852 | AV37: =(AU37+AU37*$AN$45) -> 26.51854 | ... AX37: =(AW37+AW37*$AN$45) -> 30.09294
A38: Solar Heat | B38: 0.88399209 | C38: 0.9416855 | D38: 1.0031443 | E38: 1.0686141 | F38: 1.1383568 | G38: 1.2126512 | H38: 1.2917944 | I38: 1.3761029 | J38: 1.4659138 | K38: 1.5615861 | L38: 1.6635024 | M38: 1.7720703 | N38: 1.8877238 | O38: 2.0109254 | P38: 2.1421677 | Q38: 2.2819755 | R38: 2.4309077 | S38: 2.58956 | T38: 2.7585667 | U38: 2.9386035 | V38: 3.1303904 | W38: 3.3346941 | X38: 3.5523317 | Y38: 3.7841733 | Z38: 4.031146 | AA38: 4.2942372 | AB38: 4.574499 | AC38: 4.873052 | AD38: 5.1910899 | AE38: 5.5298844 | AF38: 5.8907903 | AG38: 6.2752505 | AH38: 6.6848024 | AI38: 7.1210835 | AJ38: 7.5858384 | AK38: 8.0809253 | AL38: 8.6083239 | AM38: 9.1701429 | AN38: 9.7686289 | AO38: =(AN38+AN38*$AN$45) -> 10.406175 | AP38: =(AO38+AO38*$AN$45) -> 11.08533 | AQ38: =(AP38+AP38*$AN$45) -> 11.80881 | AR38: =(AQ38+AQ38*$AN$45) -> 12.579507 | AS38: =(AR38+AR38*$AN$45) -> 13.400504 | AT38: =(AS38+AS38*$AN$45) -> 14.275083 | AU38: =(AT38+AT38*$AN$45) -> 15.206741 | AV38: =(AU38+AU38*$AN$45) -> 16.199203 | ... AX38: =(AW38+AW38*$AN$45) -> 18.382673
A39: Gas Heat | B39: 0.68642421 | C39: 0.73122343 | D39: 0.77894645 | E39: 0.8297841 | F39: 0.88393965 | G39: 0.94162964 | H39: 1.0030848 | I39: 1.0685507 | J39: 1.1382893 | K39: 1.2125793 | L39: 1.2917178 | M39: 1.3760213 | N39: 1.4658268 | O39: 1.5614935 | P39: 1.6634038 | Q39: 1.7719652 | R39: 1.8876118 | S39: 2.0108061 | T39: 2.1420406 | U39: 2.2818401 | V39: 2.4307635 | W39: 2.5894064 | X39: 2.7584031 | Y39: 2.9384292 | Z39: 3.1302047 | AA39: 3.3344963 | AB39: 3.552121 | AC39: 3.7839489 | AD39: 4.0309069 | AE39: 4.2939825 | AF39: 4.5742277 | AG39: 4.8727629 | AH39: 5.190782 | AI39: 5.5295564 | AJ39: 5.8904409 | AK39: 6.2748783 | AL39: 6.6844059 | AM39: 7.1206611 | AN39: 7.5853884 | AO39: =(AN39+AN39*$AN$45) -> 8.080446 | AP39: =(AO39+AO39*$AN$45) -> 8.6078133 | AQ39: =(AP39+AP39*$AN$45) -> 9.169599 | AR39: =(AQ39+AQ39*$AN$45) -> 9.7680495 | AS39: =(AR39+AR39*$AN$45) -> 10.405558 | AT39: =(AS39+AS39*$AN$45) -> 11.084672 | AU39: =(AT39+AT39*$AN$45) -> 11.808109 | AV39: =(AU39+AU39*$AN$45) -> 12.578761 | ... AX39: =(AW39+AW39*$AN$45) -> 14.274236
A40: Kerosene Heat | B40: 0.04813871 | C40: 0.051280464 | D40: 0.054627265 | E40: 0.058192493 | F40: 0.061990404 | G40: 0.066036185 | H40: 0.070346012 | I40: 0.074937118 | J40: 0.079827861 | K40: 0.085037797 | L40: 0.090587757 | M40: 0.096499933 | N40: 0.10279797 | O40: 0.10950704 | P40: 0.11665397 | Q40: 0.12426735 | R40: 0.13237761 | S40: 0.14101719 | T40: 0.15022062 | U40: 0.16002471 | V40: 0.17046867 | W40: 0.18159424 | X40: 0.19344592 | Y40: 0.2060711 | Z40: 0.21952025 | AA40: 0.23384716 | AB40: 0.24910911 | AC40: 0.26536712 | AD40: 0.28268621 | AE40: 0.30113562 | AF40: 0.32078912 | AG40: 0.3417253 | AH40: 0.36402788 | AI40: 0.38778602 | AJ40: 0.41309473 | AK40: 0.4400552 | AL40: 0.46877524 | AM40: 0.49936968 | AN40: 0.53196086 | AO40: =(AN40+AN40*$AN$45) -> 0.56667909 | AP40: =(AO40+AO40*$AN$45) -> 0.60366318 | AQ40: =(AP40+AP40*$AN$45) -> 0.64306104 | AR40: =(AQ40+AQ40*$AN$45) -> 0.68503018 | AS40: =(AR40+AR40*$AN$45) -> 0.72973841 | AT40: =(AS40+AS40*$AN$45) -> 0.77736452 | AU40: =(AT40+AT40*$AN$45) -> 0.82809893 | AV40: =(AU40+AU40*$AN$45) -> 0.88214449 | ... AX40: =(AW40+AW40*$AN$45) -> 1.0010476
A41: Gasoil Generator | B41: 0.036816096 | C41: 0.039218885 | D41: 0.041778491 | E41: 0.044505149 | F41: 0.047409761 | G41: 0.050503941 | H41: 0.053800062 | I41: 0.057311303 | J41: 0.061051704 | K41: 0.06503622 | L41: 0.069280785 | M41: 0.07380237 | N41: 0.078619054 | O41: 0.083750097 | P41: 0.089216016 | Q41: 0.095038666 | R41: 0.10124133 | S41: 0.10784881 | T41: 0.11488752 | U41: 0.12238561 | V41: 0.13037306 | W41: 0.13888181 | X41: 0.14794588 | Y41: 0.15760151 | Z41: 0.16788732 | AA41: 0.17884442 | AB41: 0.19051663 | AC41: 0.20295063 | AD41: 0.21619613 | AE41: 0.23030609 | AF41: 0.24533693 | AG41: 0.26134875 | AH41: 0.27840558 | AI41: 0.29657562 | AJ41: 0.31593151 | AK41: 0.33655067 | AL41: 0.35851552 | AM41: 0.3819139 | AN41: 0.40683937 | AO41: =(AN41+AN41*$AN$45) -> 0.43339159 | AP41: =(AO41+AO41*$AN$45) -> 0.46167673 | AQ41: =(AP41+AP41*$AN$45) -> 0.49180789 | AR41: =(AQ41+AQ41*$AN$45) -> 0.52390555 | AS41: =(AR41+AR41*$AN$45) -> 0.55809805 | AT41: =(AS41+AS41*$AN$45) -> 0.59452211 | AU41: =(AT41+AT41*$AN$45) -> 0.63332337 | AV41: =(AU41+AU41*$AN$45) -> 0.67465699 | ... AX41: =(AW41+AW41*$AN$45) -> 0.76559314
A42: Biogasoil Generator | B42: 0.37742676 | C42: 0.40205938 | D42: 0.42829963 | E42: 0.45625245 | F42: 0.48602959 | G42: 0.51775013 | H42: 0.5515409 | I42: 0.58753702 | J42: 0.6258824 | K42: 0.66673038 | L42: 0.71024429 | M42: 0.75659812 | N42: 0.80597721 | O42: 0.85857902 | P42: 0.91461385 | Q42: 0.97430579 | R42: 1.0378935 | S42: 1.1056312 | T42: 1.1777898 | U42: 1.2546578 | V42: 1.3365426 | W42: 1.4237716 | X42: 1.5166935 | Y42: 1.6156799 | Z42: 1.7211267 | AA42: 1.8334554 | AB42: 1.9531152 | AC42: 2.0805845 | AD42: 2.2163731 | AE42: 2.3610238 | AF42: 2.5151152 | AG42: 2.6792632 | AH42: 2.8541243 | AI42: 3.0403977 | AJ42: 3.2388281 | AK42: 3.450209 | AL42: 3.6753856 | AM42: 3.9152583 | AN42: 4.1707862 | AO42: =(AN42+AN42*$AN$45) -> 4.442991 | AP42: =(AO42+AO42*$AN$45) -> 4.7329611 | AQ42: =(AP42+AP42*$AN$45) -> 5.041856 | AR42: =(AQ42+AQ42*$AN$45) -> 5.3709109 | AS42: =(AR42+AR42*$AN$45) -> 5.7214414 | AT42: =(AS42+AS42*$AN$45) -> 6.0948491 | AU42: =(AT42+AT42*$AN$45) -> 6.4926272 | AV42: =(AU42+AU42*$AN$45) -> 6.9163661 | ... AX42: =(AW42+AW42*$AN$45) -> 7.8486143
A43: MDF Generator | B43: 0.00032781126 | C43: 0.00034920574 | D43: 0.00037199652 | E43: 0.00039627473 | F43: 0.00042213745 | G43: 0.0004496881 | H43: 0.00047903682 | I43: 0.00051030098 | J43: 0.00054360559 | K43: 0.0005790838 | L43: 0.00061687749 | M43: 0.00065713777 | N43: 0.00070002562 | O43: 0.00074571253 | P43: 0.00079438118 | Q43: 0.00084622617 | R43: 0.00090145481 | S43: 0.00096028792 | T43: 0.0010229608 | U43: 0.0010897239 | V43: 0.0011608443 | W43: 0.0012366064 | X43: 0.0013173131 | Y43: 0.001403287 | Z43: 0.001494872 | AA43: 0.0015924343 | AB43: 0.0016963639 | AC43: 0.0018070765 | AD43: 0.0019250146 | AE43: 0.00205065 | AF43: 0.0021844849 | AG43: 0.0023270545 | AH43: 0.0024789288 | AI43: 0.0026407152 | AJ43: 0.0028130605 | AK43: 0.0029966538 | AL43: 0.0031922293 | AM43: 0.003400569 | AN43: 0.0036225058 | AO43: =(AN43+AN43*$AN$45) -> 0.0038589273 | AP43: =(AO43+AO43*$AN$45) -> 0.0041107788 | AQ43: =(AP43+AP43*$AN$45) -> 0.0043790672 | AR43: =(AQ43+AQ43*$AN$45) -> 0.0046648654 | AS43: =(AR43+AR43*$AN$45) -> 0.0049693161 | AT43: =(AS43+AS43*$AN$45) -> 0.0052936367 | AU43: =(AT43+AT43*$AN$45) -> 0.0056391239 | AV43: =(AU43+AU43*$AN$45) -> 0.0060071592 | ... AX43: =(AW43+AW43*$AN$45) -> 0.0068168566
A44: LPG Heat | B44: 0.5985598 | C44: 0.63762458 | D44: 0.67923891 | E44: 0.72356919 | F44: 0.77079266 | G44: 0.82109816 | H44: 0.87468682 | I44: 0.93177293 | J44: 0.99258474 | K44: 1.0573654 | L44: 1.126374 | M44: 1.1998864 | N44: 1.2781965 | O44: 1.3616175 | P44: 1.450483 | Q44: 1.5451482 | R44: 1.6459917 | S44: 1.7534167 | T44: 1.8678528 | U44: 1.9897576 | V44: 2.1196183 | W44: 2.2579544 | X44: 2.405319 | Y44: 2.5623012 | Z44: 2.7295289 | AA44: 2.9076706 | AB44: 3.0974386 | AC44: 3.2995918 | AD44: 3.5149384 | AE44: 3.7443395 | AF44: 3.9887125 | AG44: 4.2490343 | AH44: 4.5263459 | AI44: 4.8217562 | AJ44: 5.1364463 | AK44: 5.4716746 | AL44: 5.8287814 | AM44: 6.2091946 | AN44: 6.6144354 | AO44: =(AN44+AN44*$AN$45) -> 7.0461241 | AP44: =(AO44+AO44*$AN$45) -> 7.5059867 | AQ44: =(AP44+AP44*$AN$45) -> 7.9958621 | AR44: =(AQ44+AQ44*$AN$45) -> 8.5177091 | AS44: =(AR44+AR44*$AN$45) -> 9.0736142 | AT44: =(AS44+AS44*$AN$45) -> 9.6658003 | AU44: =(AT44+AT44*$AN$45) -> 10.296635 | AV44: =(AU44+AU44*$AN$45) -> 10.968641 | ... AX44: =(AW44+AW44*$AN$45) -> 12.44709
AM45: Growth rate | AN45: =(AN37-AM37)/AM37 -> 0.065264627
A46: Variable: Non Electricity Consumption: Total Final Energy Consumption (Million Gigajoule) | AM46: Growth rate | AN46: =(AN38-AM38)/AM38 -> 0.065264627
A47: Scenario: Business as Usual | AM47: Growth rate | AN47: =(AN39-AM39)/AM39 -> 0.065264627
A48: Branch: Demand\Commercial\Hotel\Three Star\Non Electricity Consumption\Biomass Heat | AM48: Growth rate | AN48: =(AN40-AM40)/AM40 -> 0.065264627
A49: Region: Indonesia | AM49: Growth rate | AN49: =(AN41-AM41)/AM41 -> 0.065264627
A51: Branch | B51: 2022 | C51: 2023 | D51: 2024 | E51: 2025 | F51: 2026 | G51: 2027 | H51: 2028 | I51: 2029 | J51: 2030 | K51: 2031 | L51: 2032 | M51: 2033 | N51: 2034 | O51: 2035 | P51: 2036 | Q51: 2037 | R51: 2038 | S51: 2039 | T51: 2040 | U51: 2041 | V51: 2042 | W51: 2043 | X51: 2044 | Y51: 2045 | Z51: 2046 | AA51: 2047 | AB51: 2048 | AC51: 2049 | AD51: 2050 | AE51: 2051 | AF51: 2052 | AG51: 2053 | AH51: 2054 | AI51: 2055 | AJ51: 2056 | AK51: 2057 | AL51: 2058 | AM51: 2059 | AN51: 2060 | AO51: =AN51+1 -> 2061 | AP51: =AO51+1 -> 2062 | AQ51: =AP51+1 -> 2063 | AR51: =AQ51+1 -> 2064 | AS51: =AR51+1 -> 2065 | AT51: =AS51+1 -> 2066 | AU51: =AT51+1 -> 2067 | AV51: =AU51+1 -> 2068 | ... AX51: =AW51+1 -> 2070
A52: Biomass Heat | B52: 1.0864727 | C52: 1.157381 | D52: 1.232917 | E52: 1.3133829 | F52: 1.3991003 | G52: 1.4904121 | H52: 1.5876833 | I52: 1.6913028 | J52: 1.8016851 | K52: 1.9192714 | L52: 2.0445319 | M52: 2.1779675 | N52: 2.3201117 | O52: 2.471533 | P52: 2.6328367 | Q52: 2.8046678 | R52: 2.9877134 | S52: 3.1827054 | T52: 3.3904234 | U52: 3.6116981 | V52: 3.8474143 | W52: 4.0985143 | X52: 4.3660023 | Y52: 4.6509479 | Z52: 4.9544902 | AA52: 5.2778432 | AB52: 5.6222997 | AC52: 5.989237 | AD52: 6.3801223 | AE52: 6.7965186 | AF52: 7.2400908 | AG52: 7.7126126 | AH52: 8.2159734 | AI52: 8.7521859 | AJ52: 9.323394 | AK52: 9.9318819 | AL52: 10.580082 | AM52: 11.270588 | AN52: 12.006158 | AO52: =(AN52+AN52*$AN$60) -> 12.789736 | AP52: =(AO52+AO52*$AN$60) -> 13.624453 | AQ52: =(AP52+AP52*$AN$60) -> 14.513648 | AR52: =(AQ52+AQ52*$AN$60) -> 15.460876 | AS52: =(AR52+AR52*$AN$60) -> 16.469924 | AT52: =(AS52+AS52*$AN$60) -> 17.544827 | AU52: =(AT52+AT52*$AN$60) -> 18.689884 | AV52: =(AU52+AU52*$AN$60) -> 19.909672 | ... AX52: =(AW52+AW52*$AN$60) -> 22.593272
A53: Solar Heat | B53: 0.66368635 | C53: 0.70700159 | D53: 0.75314379 | E53: 0.80229744 | F53: 0.85465908 | G53: 0.91043808 | H53: 0.96985749 | I53: 1.0331549 | J53: 1.1005833 | K53: 1.1724125 | L53: 1.2489296 | M53: 1.3304405 | N53: 1.4172712 | O53: 1.5097689 | P53: 1.6083034 | Q53: 1.7132687 | R53: 1.8250845 | S53: 1.944198 | T53: 2.0710853 | U53: 2.206254 | V53: 2.3502443 | W53: 2.5036321 | X53: 2.6670307 | Y53: 2.8410935 | Z53: 3.0265164 | AA53: 3.2240409 | AB53: 3.4344567 | AC53: 3.6586052 | AD53: 3.8973827 | AE53: 4.151744 | AF53: 4.422706 | AG53: 4.7113523 | AH53: 5.0188369 | AI53: 5.3463894 | AJ53: 5.6953195 | AK53: 6.0670224 | AL53: 6.4629844 | AM53: 6.8847887 | AN53: 7.3341218 | AO53: =(AN53+AN53*$AN$60) -> 7.8127805 | AP53: =(AO53+AO53*$AN$60) -> 8.3226787 | AQ53: =(AP53+AP53*$AN$60) -> 8.8658553 | AR53: =(AQ53+AQ53*$AN$60) -> 9.444482 | AS53: =(AR53+AR53*$AN$60) -> 10.060873 | AT53: =(AS53+AS53*$AN$60) -> 10.717492 | AU53: =(AT53+AT53*$AN$60) -> 11.416965 | AV53: =(AU53+AU53*$AN$60) -> 12.162089 | ... AX53: =(AW53+AW53*$AN$60) -> 13.801401
A54: Gas Heat | B54: 0.51535572 | C54: 0.54899022 | D54: 0.58481986 | E54: 0.62298791 | F54: 0.66364698 | G54: 0.70695966 | H54: 0.75309911 | I54: 0.80224985 | J54: 0.85460838 | K54: 0.91038408 | L54: 0.96979996 | M54: 1.0330936 | N54: 1.1005181 | O54: 1.172343 | P54: 1.2488555 | Q54: 1.3303616 | R54: 1.4171871 | S54: 1.5096793 | T54: 1.608208 | U54: 1.7131671 | V54: 1.8249763 | W54: 1.9440827 | X54: 2.0709625 | Y54: 2.2061231 | Z54: 2.3501049 | AA54: 2.5034836 | AB54: 2.6668725 | AC54: 2.840925 | AD54: 3.0263369 | AE54: 3.2238496 | AF54: 3.434253 | AG54: 3.6583882 | AH54: 3.8971516 | AI54: 4.1514977 | AJ54: 4.4224437 | AK54: 4.7110728 | AL54: 5.0185392 | AM54: 5.3460723 | AN54: 5.6949817 | AO54: =(AN54+AN54*$AN$60) -> 6.0666626 | AP54: =(AO54+AO54*$AN$60) -> 6.462601 | AQ54: =(AP54+AP54*$AN$60) -> 6.8843803 | AR54: =(AQ54+AQ54*$AN$60) -> 7.3336868 | AS54: =(AR54+AR54*$AN$60) -> 7.8123171 | AT54: =(AS54+AS54*$AN$60) -> 8.3221851 | AU54: =(AT54+AT54*$AN$60) -> 8.8653294 | AV54: =(AU54+AU54*$AN$60) -> 9.4439218 | ... AX54: =(AW54+AW54*$AN$60) -> 10.716856
A55: Kerosene Heat | B55: 0.036141731 | C55: 0.038500508 | D55: 0.041013229 | E55: 0.043689942 | F55: 0.04654135 | G55: 0.049578854 | H55: 0.052814599 | I55: 0.056261525 | J55: 0.059933412 | K55: 0.063844944 | L55: 0.06801176 | M55: 0.072450522 | N55: 0.077178979 | O55: 0.082216036 | P55: 0.087581835 | Q55: 0.093297831 | R55: 0.099386879 | S55: 0.10587333 | T55: 0.11278311 | U55: 0.12014386 | V55: 0.127985 | W55: 0.13633789 | X55: 0.14523594 | Y55: 0.15471471 | Z55: 0.1648121 | AA55: 0.1755685 | AB55: 0.18702692 | AC55: 0.19923316 | AD55: 0.21223604 | AE55: 0.22608754 | AF55: 0.24084306 | AG55: 0.25656159 | AH55: 0.27330599 | AI55: 0.2911432 | AJ55: 0.31014456 | AK55: 0.33038602 | AL55: 0.35194855 | AM55: 0.37491834 | AN55: 0.39938724 | AO55: =(AN55+AN55*$AN$60) -> 0.4254531 | AP55: =(AO55+AO55*$AN$60) -> 0.45322014 | AQ55: =(AP55+AP55*$AN$60) -> 0.48279938 | AR55: =(AQ55+AQ55*$AN$60) -> 0.5143091 | AS55: =(AR55+AR55*$AN$60) -> 0.54787529 | AT55: =(AS55+AS55*$AN$60) -> 0.58363217 | AU55: =(AT55+AT55*$AN$60) -> 0.62172271 | AV55: =(AU55+AU55*$AN$60) -> 0.66229921 | ... AX55: =(AW55+AW55*$AN$60) -> 0.75156967
A56: Gasoil Generator | B56: 0.027640904 | C56: 0.029444878 | D56: 0.031366587 | E56: 0.033413715 | F56: 0.035594449 | G56: 0.037917507 | H56: 0.040392179 | I56: 0.04302836 | J56: 0.04583659 | K56: 0.048828098 | L56: 0.052014845 | M56: 0.055409575 | N56: 0.05902586 | O56: 0.062878161 | P56: 0.06698188 | Q56: 0.071353428 | R56: 0.076010283 | S56: 0.080971065 | T56: 0.086255612 | U56: 0.091885052 | V56: 0.097881896 | W56: 0.10427012 | X56: 0.11107527 | Y56: 0.11832456 | Z56: 0.12604697 | AA56: 0.13427337 | AB56: 0.14303668 | AC56: 0.15237191 | AD56: 0.16231641 | AE56: 0.17290993 | AF56: 0.18419483 | AG56: 0.19621624 | AH56: 0.20902221 | AI56: 0.22266397 | AJ56: 0.23719605 | AK56: 0.25267656 | AL56: 0.26916741 | AM56: 0.28673452 | AN56: 0.30544814 | AO56: =(AN56+AN56*$AN$60) -> 0.3253831 | AP56: =(AO56+AO56*$AN$60) -> 0.3466191 | AQ56: =(AP56+AP56*$AN$60) -> 0.36924107 | AR56: =(AQ56+AQ56*$AN$60) -> 0.39333945 | AS56: =(AR56+AR56*$AN$60) -> 0.4190106 | AT56: =(AS56+AS56*$AN$60) -> 0.44635717 | AU56: =(AT56+AT56*$AN$60) -> 0.47548851 | AV56: =(AU56+AU56*$AN$60) -> 0.50652109 | ... AX56: =(AW56+AW56*$AN$60) -> 0.57479442
A57: Biogasoil Generator | B57: 0.28336565 | C57: 0.3018594 | D57: 0.32156014 | E57: 0.34254664 | F57: 0.36490282 | G57: 0.38871807 | H57: 0.41408761 | I57: 0.44111288 | J57: 0.46990195 | K57: 0.50056993 | L57: 0.53323944 | M57: 0.56804111 | N57: 0.6051141 | O57: 0.64460665 | P57: 0.68667666 | Q57: 0.73149235 | R57: 0.77923293 | S57: 0.83008928 | T57: 0.88426474 | U57: 0.94197595 | V57: 1.0034537 | W57: 1.0689437 | X57: 1.1387079 | Y57: 1.2130252 | Z57: 1.2921929 | AA57: 1.3765274 | AB57: 1.4663659 | AC57: 1.5620677 | AD57: 1.6640155 | AE57: 1.7726169 | AF57: 1.888306 | AG57: 2.0115456 | AH57: 2.1428284 | AI57: 2.2826793 | AJ57: 2.4316575 | AK57: 2.5903587 | AL57: 2.7594175 | AM57: 2.9395099 | AN57: 3.1313559 | AO57: =(AN57+AN57*$AN$60) -> 3.3357227 | AP57: =(AO57+AO57*$AN$60) -> 3.5534274 | AQ57: =(AP57+AP57*$AN$60) -> 3.7853405 | AR57: =(AQ57+AQ57*$AN$60) -> 4.0323893 | AS57: =(AR57+AR57*$AN$60) -> 4.2955617 | AT57: =(AS57+AS57*$AN$60) -> 4.5759099 | AU57: =(AT57+AT57*$AN$60) -> 4.874555 | AV57: =(AU57+AU57*$AN$60) -> 5.192691 | ... AX57: =(AW57+AW57*$AN$60) -> 5.8926072
A58: MDF Generator | B58: 0.00024611516 | C58: 0.00026217778 | D58: 0.00027928871 | E58: 0.00029751639 | F58: 0.00031693368 | G58: 0.00033761824 | H58: 0.00035965277 | I58: 0.00038312537 | J58: 0.00040812991 | K58: 0.00043476635 | L58: 0.00046314122 | M58: 0.00049336796 | N58: 0.00052556743 | O58: 0.00055986839 | P58: 0.00059640799 | Q58: 0.00063533234 | R58: 0.00067679707 | S58: 0.00072096798 | T58: 0.00076802168 | U58: 0.00081814633 | V58: 0.00087154235 | W58: 0.00092842323 | X58: 0.00098901643 | Y58: 0.0010535642 | Z58: 0.0011223247 | AA58: 0.0011955728 | AB58: 0.0012736014 | AC58: 0.0013567225 | AD58: 0.0014452685 | AE58: 0.0015395934 | AF58: 0.0016400744 | AG58: 0.0017471133 | AH58: 0.001861138 | AI58: 0.0019826044 | AJ58: 0.0021119984 | AK58: 0.0022498372 | AL58: 0.0023966719 | AM58: 0.0025530898 | AN58: 0.0027197163 | AO58: =(AN58+AN58*$AN$60) -> 0.0028972176 | AP58: =(AO58+AO58*$AN$60) -> 0.0030863034 | AQ58: =(AP58+AP58*$AN$60) -> 0.0032877298 | AR58: =(AQ58+AQ58*$AN$60) -> 0.0035023023 | AS58: =(AR58+AR58*$AN$60) -> 0.0037308787 | AT58: =(AS58+AS58*$AN$60) -> 0.0039743732 | AU58: =(AT58+AT58*$AN$60) -> 0.0042337591 | AV58: =(AU58+AU58*$AN$60) -> 0.0045100739 | ... AX58: =(AW58+AW58*$AN$60) -> 0.005117981
A59: LPG Heat | B59: 0.4493886 | C59: 0.47871778 | D59: 0.50996112 | E59: 0.54324354 | F59: 0.57869813 | G59: 0.61646665 | H59: 0.65670011 | I59: 0.6995594 | J59: 0.74521589 | K59: 0.79385212 | L59: 0.84566258 | M59: 0.90085444 | N59: 0.95964837 | O59: 1.0222795 | P59: 1.0889981 | Q59: 1.1600712 | R59: 1.2357828 | S59: 1.3164357 | T59: 1.4023524 | U59: 1.4938764 | V59: 1.5913737 | W59: 1.6952341 | X59: 1.8058729 | Y59: 1.9237326 | Z59: 2.0492842 | AA59: 2.18303 | AB59: 2.3255047 | AC59: 2.4772779 | AD59: 2.6389565 | AE59: 2.811187 | AF59: 2.9946581 | AG59: 3.1901033 | AH59: 3.3983042 | AI59: 3.6200932 | AJ59: 3.8563573 | AK59: 4.108041 | AL59: 4.3761508 | AM59: 4.6617586 | AN59: 4.9660066 | AO59: =(AN59+AN59*$AN$60) -> 5.2901111 | AP59: =(AO59+AO59*$AN$60) -> 5.6353682 | AQ59: =(AP59+AP59*$AN$60) -> 6.0031585 | AR59: =(AQ59+AQ59*$AN$60) -> 6.3949524 | AS59: =(AR59+AR59*$AN$60) -> 6.8123165 | AT59: =(AS59+AS59*$AN$60) -> 7.2569198 | AU59: =(AT59+AT59*$AN$60) -> 7.73054 | AV59: =(AU59+AU59*$AN$60) -> 8.2350708 | ... AX59: =(AW59+AW59*$AN$60) -> 9.3450655
AM60: Growth rate | AN60: =(AN52-AM52)/AM52 -> 0.065264627
A61: Variable: Non Electricity Consumption: Total Final Energy Consumption (Million Gigajoule) | AM61: Growth rate | AN61: =(AN53-AM53)/AM53 -> 0.065264627
A62: Scenario: Business as Usual | AM62: Growth rate | AN62: =(AN54-AM54)/AM54 -> 0.065264627
A63: Branch: Demand\Commercial\Hotel\Budget\Non Electricity Consumption\Biomass Heat | AM63: Growth rate | AN63: =(AN55-AM55)/AM55 -> 0.065264627
A64: Region: Indonesia | AM64: Growth rate | AN64: =(AN56-AM56)/AM56 -> 0.065264627
A66: Branch | B66: 2022 | C66: 2023 | D66: 2024 | E66: 2025 | F66: 2026 | G66: 2027 | H66: 2028 | I66: 2029 | J66: 2030 | K66: 2031 | L66: 2032 | M66: 2033 | N66: 2034 | O66: 2035 | P66: 2036 | Q66: 2037 | R66: 2038 | S66: 2039 | T66: 2040 | U66: 2041 | V66: 2042 | W66: 2043 | X66: 2044 | Y66: 2045 | Z66: 2046 | AA66: 2047 | AB66: 2048 | AC66: 2049 | AD66: 2050 | AE66: 2051 | AF66: 2052 | AG66: 2053 | AH66: 2054 | AI66: 2055 | AJ66: 2056 | AK66: 2057 | AL66: 2058 | AM66: 2059 | AN66: 2060 | AO66: =AN66+1 -> 2061 | AP66: =AO66+1 -> 2062 | AQ66: =AP66+1 -> 2063 | AR66: =AQ66+1 -> 2064 | AS66: =AR66+1 -> 2065 | AT66: =AS66+1 -> 2066 | AU66: =AT66+1 -> 2067 | AV66: =AU66+1 -> 2068 | ... AX66: =AW66+1 -> 2070
A67: Biomass Heat | B67: 1.817268 | C67: 1.9358713 | D67: 2.0622152 | E67: 2.1968049 | F67: 2.3401785 | G67: 2.4929094 | H67: 2.6556082 | I67: 2.8289255 | J67: 3.0135543 | K67: 3.2102328 | L67: 3.4197474 | M67: 3.642936 | N67: 3.8806908 | O67: 4.1339627 | P67: 4.4037642 | Q67: 4.6911742 | R67: 4.9973419 | S67: 5.3234916 | T67: 5.6709273 | U67: 6.0410383 | V67: 6.4353044 | W67: 6.8553021 | X67: 7.3027108 | Y67: 7.7793195 | Z67: 8.2870339 | AA67: 8.8278841 | AB67: 9.4040327 | AC67: 10.017783 | AD67: 10.67159 | AE67: 11.368068 | AF67: 12.11 | AG67: 12.900355 | AH67: 13.742292 | AI67: 14.639177 | AJ67: 15.594598 | AK67: 16.612373 | AL67: 17.696574 | AM67: 18.851534 | AN67: 20.081872 | AO67: =(AN67+AN67*$AN$75) -> 21.392508 | AP67: =(AO67+AO67*$AN$75) -> 22.788682 | AQ67: =(AP67+AP67*$AN$75) -> 24.275977 | AR67: =(AQ67+AQ67*$AN$75) -> 25.86034 | AS67: =(AR67+AR67*$AN$75) -> 27.548105 | AT67: =(AS67+AS67*$AN$75) -> 29.346022 | AU67: =(AT67+AT67*$AN$75) -> 31.261279 | AV67: =(AU67+AU67*$AN$75) -> 33.301535 | ... AX67: =(AW67+AW67*$AN$75) -> 37.790206
A68: Solar Heat | B68: 1.1101024 | C68: 1.1825528 | D68: 1.2597316 | E68: 1.3419476 | F68: 1.4295293 | G68: 1.522827 | H68: 1.6222137 | I68: 1.7280869 | J68: 1.8408698 | K68: 1.9610135 | L68: 2.0889983 | M68: 2.225336 | N68: 2.3705717 | O68: 2.5252862 | P68: 2.6900981 | Q68: 2.8656663 | R68: 3.0526929 | S68: 3.2519258 | T68: 3.4641615 | U68: 3.6902488 | V68: 3.9310915 | W68: 4.1876527 | X68: 4.4609583 | Y68: 4.752101 | Z68: 5.0622451 | AA68: 5.3926307 | AB68: 5.7445787 | AC68: 6.1194965 | AD68: 6.5188832 | AE68: 6.9443356 | AF68: 7.3975551 | AG68: 7.8803538 | AH68: 8.3946621 | AI68: 8.9425366 | AJ68: 9.526168 | AK68: 10.14789 | AL68: 10.810188 | AM68: 11.515711 | AN68: 12.267279 | AO68: =(AN68+AN68*$AN$75) -> 13.067899 | AP68: =(AO68+AO68*$AN$75) -> 13.92077 | AQ68: =(AP68+AP68*$AN$75) -> 14.829304 | AR68: =(AQ68+AQ68*$AN$75) -> 15.797133 | AS68: =(AR68+AR68*$AN$75) -> 16.828127 | AT68: =(AS68+AS68*$AN$75) -> 17.926409 | AU68: =(AT68+AT68*$AN$75) -> 19.096369 | AV68: =(AU68+AU68*$AN$75) -> 20.342687 | ... AX68: =(AW68+AW68*$AN$75) -> 23.084651
A69: Gas Heat | B69: 0.86199995 | C69: 0.91825805 | D69: 0.97818782 | E69: 1.0420289 | F69: 1.1100365 | G69: 1.1824826 | H69: 1.2596569 | I69: 1.341868 | J69: 1.4294445 | K69: 1.5227366 | L69: 1.6221175 | M69: 1.7279844 | N69: 1.8407606 | O69: 1.9608972 | P69: 2.0888744 | Q69: 2.225204 | R69: 2.3704311 | S69: 2.5251364 | T69: 2.6899385 | U69: 2.8654963 | V69: 3.0525119 | W69: 3.2517329 | X69: 3.4639561 | Y69: 3.6900299 | Z69: 3.9308583 | AA69: 4.1874043 | AB69: 4.4606937 | AC69: 4.7518192 | AD69: 5.0619449 | AE69: 5.3923108 | AF69: 5.744238 | AG69: 6.1191335 | AH69: 6.5184965 | AI69: 6.9439237 | AJ69: 7.3971163 | AK69: 7.8798864 | AL69: 8.3941642 | AM69: 8.9420062 | AN69: 9.5256029 | AO69: =(AN69+AN69*$AN$75) -> 10.147288 | AP69: =(AO69+AO69*$AN$75) -> 10.809547 | AQ69: =(AP69+AP69*$AN$75) -> 11.515028 | AR69: =(AQ69+AQ69*$AN$75) -> 12.266552 | AS69: =(AR69+AR69*$AN$75) -> 13.067124 | AT69: =(AS69+AS69*$AN$75) -> 13.919945 | AU69: =(AT69+AT69*$AN$75) -> 14.828425 | AV69: =(AU69+AU69*$AN$75) -> 15.796196 | ... AX69: =(AW69+AW69*$AN$75) -> 17.925345
A70: Kerosene Heat | B70: 0.06045178 | C70: 0.064397143 | D70: 0.068599998 | E70: 0.073077152 | F70: 0.077846505 | G70: 0.082927128 | H70: 0.088339336 | I70: 0.09410477 | J70: 0.10024648 | K70: 0.10678903 | L70: 0.11375858 | M70: 0.12118299 | N70: 0.12909195 | O70: 0.13751709 | P70: 0.14649209 | Q70: 0.15605284 | R70: 0.16623757 | S70: 0.17708701 | T70: 0.18864452 | U70: 0.20095634 | V70: 0.21407168 | W70: 0.22804299 | X70: 0.24292613 | Y70: 0.25878061 | Z70: 0.27566983 | AA70: 0.29366132 | AB70: 0.31282702 | AC70: 0.33324355 | AD70: 0.35499257 | AE70: 0.37816103 | AF70: 0.40284157 | AG70: 0.42913287 | AH70: 0.45714007 | AI70: 0.48697514 | AJ70: 0.5187574 | AK70: 0.5526139 | AL70: 0.58868004 | AM70: 0.62710003 | AN70: 0.66802748 | AO70: =(AN70+AN70*$AN$75) -> 0.71162604 | AP70: =(AO70+AO70*$AN$75) -> 0.75807005 | AQ70: =(AP70+AP70*$AN$75) -> 0.80754521 | AR70: =(AQ70+AQ70*$AN$75) -> 0.86024935 | AS70: =(AR70+AR70*$AN$75) -> 0.9163932 | AT70: =(AS70+AS70*$AN$75) -> 0.97620126 | AU70: =(AT70+AT70*$AN$75) -> 1.0399127 | AV70: =(AU70+AU70*$AN$75) -> 1.1077822 | ... AX70: =(AW70+AW70*$AN$75) -> 1.2570987
A71: Gasoil Generator | B71: 0.046233033 | C71: 0.049250415 | D71: 0.052464725 | E71: 0.055888816 | F71: 0.059536378 | G71: 0.063421998 | H71: 0.067561211 | I71: 0.071970568 | J71: 0.0766677 | K71: 0.081671389 | L71: 0.087001642 | M71: 0.092679772 | N71: 0.098728482 | O71: 0.10517196 | P71: 0.11203597 | Q71: 0.11934795 | R71: 0.12713715 | S71: 0.13543471 | T71: 0.14427381 | U71: 0.15368979 | V71: 0.16372029 | W71: 0.17440544 | X71: 0.18578794 | Y71: 0.19791332 | Z71: 0.21083006 | AA71: 0.22458981 | AB71: 0.23924758 | AC71: 0.25486198 | AD71: 0.27149545 | AE71: 0.2892145 | AF71: 0.30808998 | AG71: 0.32819736 | AH71: 0.34961703 | AI71: 0.37243466 | AJ71: 0.39674147 | AK71: 0.42263465 | AL71: 0.45021775 | AM71: 0.47960104 | AN71: 0.51090202 | AO71: =(AN71+AN71*$AN$75) -> 0.54424585 | AP71: =(AO71+AO71*$AN$75) -> 0.57976585 | AQ71: =(AP71+AP71*$AN$75) -> 0.61760406 | AR71: =(AQ71+AQ71*$AN$75) -> 0.65791176 | AS71: =(AR71+AR71*$AN$75) -> 0.70085012 | AT71: =(AS71+AS71*$AN$75) -> 0.74659084 | AU71: =(AT71+AT71*$AN$75) -> 0.79531682 | AV71: =(AU71+AU71*$AN$75) -> 0.84722287 | ... AX71: =(AW71+AW71*$AN$75) -> 0.96141896
A72: Biogasoil Generator | B72: 0.47396616 | C72: 0.50489939 | D72: 0.53785146 | E72: 0.57295413 | F72: 0.61034777 | G72: 0.65018189 | H72: 0.69261577 | I72: 0.73781908 | J72: 0.78597257 | K72: 0.83726877 | L72: 0.89191281 | M72: 0.95012316 | N72: 1.0121326 | O72: 1.0781891 | P72: 1.1485567 | Q72: 1.2235168 | R72: 1.3033691 | S72: 1.388433 | T72: 1.4790486 | U72: 1.5755782 | V72: 1.6784077 | W72: 1.7879483 | X72: 1.9046381 | Y72: 2.0289436 | Z72: 2.1613619 | AA72: 2.3024223 | AB72: 2.4526891 | AC72: 2.6127629 | AD72: 2.7832839 | AE72: 2.9649339 | AF72: 3.1584392 | AG72: 3.3645736 | AH72: 3.5841612 | AI72: 3.8180801 | AJ72: 4.0672657 | AK72: 4.3327143 | AL72: 4.6154873 | AM72: 4.9167153 | AN72: 5.2376029 | AO72: =(AN72+AN72*$AN$75) -> 5.5794331 | AP72: =(AO72+AO72*$AN$75) -> 5.9435728 | AQ72: =(AP72+AP72*$AN$75) -> 6.3314778 | AR72: =(AQ72+AQ72*$AN$75) -> 6.7446994 | AS72: =(AR72+AR72*$AN$75) -> 7.1848897 | AT72: =(AS72+AS72*$AN$75) -> 7.6538088 | AU72: =(AT72+AT72*$AN$75) -> 8.1533318 | AV72: =(AU72+AU72*$AN$75) -> 8.6854559 | ... AX72: =(AW72+AW72*$AN$75) -> 9.8561575
A73: MDF Generator | B73: 0.00041165985 | C73: 0.00043852668 | D73: 0.00046714695 | E73: 0.00049763513 | F73: 0.0005301131 | G73: 0.00056471073 | H73: 0.00060156637 | I73: 0.00064082737 | J73: 0.00068265073 | K73: 0.00072720368 | L73: 0.00077466435 | M73: 0.00082522253 | N73: 0.00087908037 | O73: 0.00093645323 | P73: 0.0009975705 | Q73: 0.0010626766 | R73: 0.0011320318 | S73: 0.0012059134 | T73: 0.0012846169 | U73: 0.0013684569 | V73: 0.0014577687 | W73: 0.0015529095 | X73: 0.0016542595 | Y73: 0.0017622242 | Z73: 0.0018772351 | AA73: 0.0019997521 | AB73: 0.0021302652 | AC73: 0.0022692961 | AD73: 0.0024174009 | AE73: 0.0025751717 | AF73: 0.0027432393 | AG73: 0.0029222758 | AH73: 0.003112997 | AI73: 0.0033161656 | AJ73: 0.0035325939 | AK73: 0.0037631474 | AL73: 0.0040087478 | AM73: 0.0042703772 | AN73: 0.0045490818 | AO73: =(AN73+AN73*$AN$75) -> 0.0048459759 | AP73: =(AO73+AO73*$AN$75) -> 0.0051622467 | AQ73: =(AP73+AP73*$AN$75) -> 0.0054991588 | AR73: =(AQ73+AQ73*$AN$75) -> 0.0058580594 | AS73: =(AR73+AR73*$AN$75) -> 0.0062403834 | AT73: =(AS73+AS73*$AN$75) -> 0.0066476597 | AU73: =(AT73+AT73*$AN$75) -> 0.0070815167 | AV73: =(AU73+AU73*$AN$75) -> 0.0075436893 | ... AX73: =(AW73+AW73*$AN$75) -> 0.0085604936
A74: LPG Heat | B74: 0.75166131 | C74: 0.8007182 | D74: 0.85297678 | E74: 0.90864599 | F74: 0.96794843 | G74: 1.0311212 | H74: 1.098417 | I74: 1.1701047 | J74: 1.2464712 | K74: 1.3278217 | L74: 1.4144814 | M74: 1.5067971 | N74: 1.6051376 | O74: 1.7098963 | P74: 1.8214921 | Q74: 1.9403711 | R74: 2.0670086 | S74: 2.2019112 | T74: 2.3456181 | U74: 2.498704 | V74: 2.661781 | W74: 2.8355011 | X74: 3.020559 | Y74: 3.2176947 | Z74: 3.4276963 | AA74: 3.6514037 | AB74: 3.8897112 | AC74: 4.1435717 | AD74: 4.4140004 | AE74: 4.7020785 | AF74: 5.0089579 | AG74: 5.3358656 | AH74: 5.6841089 | AI74: 6.0550802 | AJ74: 6.4502627 | AK74: 6.8712367 | AL74: 7.3196854 | AM74: 7.7974019 | AN74: 8.3062965 | AO74: =(AN74+AN74*$AN$75) -> 8.8484038 | AP74: =(AO74+AO74*$AN$75) -> 9.4258916 | AQ74: =(AP74+AP74*$AN$75) -> 10.041069 | AR74: =(AQ74+AQ74*$AN$75) -> 10.696395 | AS74: =(AR74+AR74*$AN$75) -> 11.394492 | AT74: =(AS74+AS74*$AN$75) -> 12.138149 | AU74: =(AT74+AT74*$AN$75) -> 12.930341 | AV74: =(AU74+AU74*$AN$75) -> 13.774235 | ... AX74: =(AW74+AW74*$AN$75) -> 15.630846
AM75: Growth rate | AN75: =(AN67-AM67)/AM67 -> 0.065264627
A76: Variable: Non Electricity Consumption: Total Final Energy Consumption (Thousand Gigajoule) | AM76: Growth rate | AN76: =(AN68-AM68)/AM68 -> 0.065264627
A77: Scenario: Business as Usual | AM77: Growth rate | AN77: =(AN69-AM69)/AM69 -> 0.065264627
A78: Branch: Demand\Commercial\Hospital\Class A\Non Electricity Consumption\Biomass Heat | AM78: Growth rate | AN78: =(AN70-AM70)/AM70 -> 0.065264627
A79: Region: Indonesia
A81: Branch | B81: 2022 | C81: 2023 | D81: 2024 | E81: 2025 | F81: 2026 | G81: 2027 | H81: 2028 | I81: 2029 | J81: 2030 | K81: 2031 | L81: 2032 | M81: 2033 | N81: 2034 | O81: 2035 | P81: 2036 | Q81: 2037 | R81: 2038 | S81: 2039 | T81: 2040 | U81: 2041 | V81: 2042 | W81: 2043 | X81: 2044 | Y81: 2045 | Z81: 2046 | AA81: 2047 | AB81: 2048 | AC81: 2049 | AD81: 2050 | AE81: 2051 | AF81: 2052 | AG81: 2053 | AH81: 2054 | AI81: 2055 | AJ81: 2056 | AK81: 2057 | AL81: 2058 | AM81: 2059 | AN81: 2060 | AO81: =AN81+1 -> 2061 | AP81: =AO81+1 -> 2062 | AQ81: =AP81+1 -> 2063 | AR81: =AQ81+1 -> 2064 | AS81: =AR81+1 -> 2065 | AT81: =AS81+1 -> 2066 | AU81: =AT81+1 -> 2067 | AV81: =AU81+1 -> 2068 | ... AX81: =AW81+1 -> 2070
A82: Biomass Heat | B82: 203.44651 | C82: 204.14219 | D82: 204.83786 | E82: 205.53353 | F82: 207.39445 | G82: 209.25537 | H82: 211.11629 | I82: 212.9772 | J82: 214.83812 | K82: 216.40115 | L82: 217.96417 | M82: 219.5272 | N82: 221.09023 | O82: 222.65325 | P82: 223.91495 | Q82: 225.17664 | R82: 226.43833 | S82: 227.70002 | T82: 228.96172 | U82: 229.92869 | V82: 230.89566 | W82: 231.86263 | X82: 232.82961 | Y82: 233.79658 | Z82: 234.48078 | AA82: 235.16498 | AB82: 235.84918 | AC82: 236.53338 | AD82: 237.21758 | AE82: 237.21758 | AF82: 237.21758 | AG82: 237.21758 | AH82: 237.21758 | AI82: 237.21758 | AJ82: 237.21758 | AK82: 237.21758 | AL82: 237.21758 | AM82: 237.21758 | AN82: 237.21758 | AO82: =(AN82+AN82*$AN$90) -> 237.21758 | AP82: =(AO82+AO82*$AN$90) -> 237.21758 | AQ82: =(AP82+AP82*$AN$90) -> 237.21758 | AR82: =(AQ82+AQ82*$AN$90) -> 237.21758 | AS82: =(AR82+AR82*$AN$90) -> 237.21758 | AT82: =(AS82+AS82*$AN$90) -> 237.21758 | AU82: =(AT82+AT82*$AN$90) -> 237.21758 | AV82: =(AU82+AU82*$AN$90) -> 237.21758 | ... AX82: =(AW82+AW82*$AN$90) -> 237.21758
A83: Solar Heat | B83: 124.27801 | C83: 124.70298 | D83: 125.12794 | E83: 125.5529 | F83: 126.68967 | G83: 127.82643 | H83: 128.9632 | I83: 130.09996 | J83: 131.23673 | K83: 132.19153 | L83: 133.14632 | M83: 134.10112 | N83: 135.05591 | O83: 136.01071 | P83: 136.78143 | Q83: 137.55215 | R83: 138.32287 | S83: 139.09359 | T83: 139.86432 | U83: 140.455 | V83: 141.04569 | W83: 141.63638 | X83: 142.22707 | Y83: 142.81776 | Z83: 143.23571 | AA83: 143.65366 | AB83: 144.07161 | AC83: 144.48957 | AD83: 144.90752 | AE83: 144.90752 | AF83: 144.90752 | AG83: 144.90752 | AH83: 144.90752 | AI83: 144.90752 | AJ83: 144.90752 | AK83: 144.90752 | AL83: 144.90752 | AM83: 144.90752 | AN83: 144.90752 | AO83: =(AN83+AN83*$AN$90) -> 144.90752 | AP83: =(AO83+AO83*$AN$90) -> 144.90752 | AQ83: =(AP83+AP83*$AN$90) -> 144.90752 | AR83: =(AQ83+AQ83*$AN$90) -> 144.90752 | AS83: =(AR83+AR83*$AN$90) -> 144.90752 | AT83: =(AS83+AS83*$AN$90) -> 144.90752 | AU83: =(AT83+AT83*$AN$90) -> 144.90752 | AV83: =(AU83+AU83*$AN$90) -> 144.90752 | ... AX83: =(AW83+AW83*$AN$90) -> 144.90752
A84: Gas Heat | B84: 96.50249 | C84: 96.832475 | D84: 97.16246 | E84: 97.492445 | F84: 98.375149 | G84: 99.257854 | H84: 100.14056 | I84: 101.02326 | J84: 101.90597 | K84: 102.64737 | L84: 103.38877 | M84: 104.13018 | N84: 104.87158 | O84: 105.61298 | P84: 106.21145 | Q84: 106.80992 | R84: 107.40839 | S84: 108.00686 | T84: 108.60533 | U84: 109.064 | V84: 109.52267 | W84: 109.98135 | X84: 110.44002 | Y84: 110.89869 | Z84: 111.22323 | AA84: 111.54778 | AB84: 111.87232 | AC84: 112.19686 | AD84: 112.5214 | AE84: 112.5214 | AF84: 112.5214 | AG84: 112.5214 | AH84: 112.5214 | AI84: 112.5214 | AJ84: 112.5214 | AK84: 112.5214 | AL84: 112.5214 | AM84: 112.5214 | AN84: 112.5214 | AO84: =(AN84+AN84*$AN$90) -> 112.5214 | AP84: =(AO84+AO84*$AN$90) -> 112.5214 | AQ84: =(AP84+AP84*$AN$90) -> 112.5214 | AR84: =(AQ84+AQ84*$AN$90) -> 112.5214 | AS84: =(AR84+AR84*$AN$90) -> 112.5214 | AT84: =(AS84+AS84*$AN$90) -> 112.5214 | AU84: =(AT84+AT84*$AN$90) -> 112.5214 | AV84: =(AU84+AU84*$AN$90) -> 112.5214 | ... AX84: =(AW84+AW84*$AN$90) -> 112.5214
A85: Kerosene Heat | B85: 6.7676887 | C85: 6.7908304 | D85: 6.8139721 | E85: 6.8371139 | F85: 6.8990176 | G85: 6.9609214 | H85: 7.0228252 | I85: 7.084729 | J85: 7.1466328 | K85: 7.1986272 | L85: 7.2506216 | M85: 7.302616 | N85: 7.3546104 | O85: 7.4066048 | P85: 7.4485752 | Q85: 7.4905456 | R85: 7.5325161 | S85: 7.5744865 | T85: 7.616457 | U85: 7.6486235 | V85: 7.6807901 | W85: 7.7129566 | X85: 7.7451231 | Y85: 7.7772897 | Z85: 7.8000497 | AA85: 7.8228097 | AB85: 7.8455698 | AC85: 7.8683298 | AD85: 7.8910898 | AE85: 7.8910898 | AF85: 7.8910898 | AG85: 7.8910898 | AH85: 7.8910898 | AI85: 7.8910898 | AJ85: 7.8910898 | AK85: 7.8910898 | AL85: 7.8910898 | AM85: 7.8910898 | AN85: 7.8910898 | AO85: =(AN85+AN85*$AN$90) -> 7.8910898 | AP85: =(AO85+AO85*$AN$90) -> 7.8910898 | AQ85: =(AP85+AP85*$AN$90) -> 7.8910898 | AR85: =(AQ85+AQ85*$AN$90) -> 7.8910898 | AS85: =(AR85+AR85*$AN$90) -> 7.8910898 | AT85: =(AS85+AS85*$AN$90) -> 7.8910898 | AU85: =(AT85+AT85*$AN$90) -> 7.8910898 | AV85: =(AU85+AU85*$AN$90) -> 7.8910898 | ... AX85: =(AW85+AW85*$AN$90) -> 7.8910898
A86: Gasoil Generator | B86: 5.1758737 | C86: 5.1935723 | D86: 5.2112709 | E86: 5.2289695 | F86: 5.276313 | G86: 5.3236565 | H86: 5.371 | I86: 5.4183435 | J86: 5.4656871 | K86: 5.505452 | L86: 5.5452168 | M86: 5.5849817 | N86: 5.6247466 | O86: 5.6645115 | P86: 5.6966102 | Q86: 5.7287088 | R86: 5.7608075 | S86: 5.7929062 | T86: 5.8250048 | U86: 5.8496055 | V86: 5.8742062 | W86: 5.8988069 | X86: 5.9234077 | Y86: 5.9480084 | Z86: 5.965415 | AA86: 5.9828217 | AB86: 6.0002284 | AC86: 6.0176351 | AD86: 6.0350418 | AE86: 6.0350418 | AF86: 6.0350418 | AG86: 6.0350418 | AH86: 6.0350418 | AI86: 6.0350418 | AJ86: 6.0350418 | AK86: 6.0350418 | AL86: 6.0350418 | AM86: 6.0350418 | AN86: 6.0350418 | AO86: =(AN86+AN86*$AN$90) -> 6.0350418 | AP86: =(AO86+AO86*$AN$90) -> 6.0350418 | AQ86: =(AP86+AP86*$AN$90) -> 6.0350418 | AR86: =(AQ86+AQ86*$AN$90) -> 6.0350418 | AS86: =(AR86+AR86*$AN$90) -> 6.0350418 | AT86: =(AS86+AS86*$AN$90) -> 6.0350418 | AU86: =(AT86+AT86*$AN$90) -> 6.0350418 | AV86: =(AU86+AU86*$AN$90) -> 6.0350418 | ... AX86: =(AW86+AW86*$AN$90) -> 6.0350418
A87: Biogasoil Generator | B87: 53.06139 | C87: 53.24283 | D87: 53.42427 | E87: 53.605711 | F87: 54.091061 | G87: 54.576412 | H87: 55.061762 | I87: 55.547113 | J87: 56.032463 | K87: 56.44012 | L87: 56.847777 | M87: 57.255434 | N87: 57.66309 | O87: 58.070747 | P87: 58.399812 | Q87: 58.728878 | R87: 59.057943 | S87: 59.387008 | T87: 59.716073 | U87: 59.968271 | V87: 60.22047 | W87: 60.472668 | X87: 60.724867 | Y87: 60.977065 | Z87: 61.155513 | AA87: 61.333961 | AB87: 61.512409 | AC87: 61.690857 | AD87: 61.869304 | AE87: 61.869304 | AF87: 61.869304 | AG87: 61.869304 | AH87: 61.869304 | AI87: 61.869304 | AJ87: 61.869304 | AK87: 61.869304 | AL87: 61.869304 | AM87: 61.869304 | AN87: 61.869304 | AO87: =(AN87+AN87*$AN$90) -> 61.869304 | AP87: =(AO87+AO87*$AN$90) -> 61.869304 | AQ87: =(AP87+AP87*$AN$90) -> 61.869304 | AR87: =(AQ87+AQ87*$AN$90) -> 61.869304 | AS87: =(AR87+AR87*$AN$90) -> 61.869304 | AT87: =(AS87+AS87*$AN$90) -> 61.869304 | AU87: =(AT87+AT87*$AN$90) -> 61.869304 | AV87: =(AU87+AU87*$AN$90) -> 61.869304 | ... AX87: =(AW87+AW87*$AN$90) -> 61.869304
A88: MDF Generator | B88: 0.046086082 | C88: 0.046243671 | D88: 0.04640126 | E88: 0.046558848 | F88: 0.046980396 | G88: 0.047401944 | H88: 0.047823491 | I88: 0.048245039 | J88: 0.048666586 | K88: 0.049020654 | L88: 0.049374721 | M88: 0.049728789 | N88: 0.050082856 | O88: 0.050436923 | P88: 0.05072273 | Q88: 0.051008538 | R88: 0.051294345 | S88: 0.051580152 | T88: 0.051865959 | U88: 0.052085004 | V88: 0.052304049 | W88: 0.052523094 | X88: 0.05274214 | Y88: 0.052961185 | Z88: 0.053116174 | AA88: 0.053271164 | AB88: 0.053426153 | AC88: 0.053581143 | AD88: 0.053736132 | AE88: 0.053736132 | AF88: 0.053736132 | AG88: 0.053736132 | AH88: 0.053736132 | AI88: 0.053736132 | AJ88: 0.053736132 | AK88: 0.053736132 | AL88: 0.053736132 | AM88: 0.053736132 | AN88: 0.053736132 | AO88: =(AN88+AN88*$AN$90) -> 0.053736132 | AP88: =(AO88+AO88*$AN$90) -> 0.053736132 | AQ88: =(AP88+AP88*$AN$90) -> 0.053736132 | AR88: =(AQ88+AQ88*$AN$90) -> 0.053736132 | AS88: =(AR88+AR88*$AN$90) -> 0.053736132 | AT88: =(AS88+AS88*$AN$90) -> 0.053736132 | AU88: =(AT88+AT88*$AN$90) -> 0.053736132 | AV88: =(AU88+AU88*$AN$90) -> 0.053736132 | ... AX88: =(AW88+AW88*$AN$90) -> 0.053736132
A89: LPG Heat | B89: 84.149875 | C89: 84.437621 | D89: 84.725366 | E89: 85.013112 | F89: 85.782828 | G89: 86.552543 | H89: 87.322259 | I89: 88.091974 | J89: 88.86169 | K89: 89.508192 | L89: 90.154693 | M89: 90.801195 | N89: 91.447697 | O89: 92.094198 | P89: 92.616061 | Q89: 93.137925 | R89: 93.659788 | S89: 94.181651 | T89: 94.703514 | U89: 95.103475 | V89: 95.503436 | W89: 95.903397 | X89: 96.303357 | Y89: 96.703318 | Z89: 96.986318 | AA89: 97.269318 | AB89: 97.552317 | AC89: 97.835317 | AD89: 98.118317 | AE89: 98.118317 | AF89: 98.118317 | AG89: 98.118317 | AH89: 98.118317 | AI89: 98.118317 | AJ89: 98.118317 | AK89: 98.118317 | AL89: 98.118317 | AM89: 98.118317 | AN89: 98.118317 | AO89: =(AN89+AN89*$AN$90) -> 98.118317 | AP89: =(AO89+AO89*$AN$90) -> 98.118317 | AQ89: =(AP89+AP89*$AN$90) -> 98.118317 | AR89: =(AQ89+AQ89*$AN$90) -> 98.118317 | AS89: =(AR89+AR89*$AN$90) -> 98.118317 | AT89: =(AS89+AS89*$AN$90) -> 98.118317 | AU89: =(AT89+AT89*$AN$90) -> 98.118317 | AV89: =(AU89+AU89*$AN$90) -> 98.118317 | ... AX89: =(AW89+AW89*$AN$90) -> 98.118317
AM90: Growth rate | AN90: =(AN82-AM82)/AM82 -> 0
A91: Variable: Non Electricity Consumption: Total Final Energy Consumption (Thousand Gigajoule) | AM91: Growth rate | AN91: =(AN83-AM83)/AM83 -> 0
A92: Scenario: Business as Usual | AM92: Growth rate | AN92: =(AN84-AM84)/AM84 -> 0
A93: Branch: Demand\Commercial\Hospital\Class B\Non Electricity Consumption\Biomass Heat | AM93: Growth rate | AN93: =(AN85-AM85)/AM85 -> 0
A94: Region: Indonesia
A96: Branch | B96: 2022 | C96: 2023 | D96: 2024 | E96: 2025 | F96: 2026 | G96: 2027 | H96: 2028 | I96: 2029 | J96: 2030 | K96: 2031 | L96: 2032 | M96: 2033 | N96: 2034 | O96: 2035 | P96: 2036 | Q96: 2037 | R96: 2038 | S96: 2039 | T96: 2040 | U96: 2041 | V96: 2042 | W96: 2043 | X96: 2044 | Y96: 2045 | Z96: 2046 | AA96: 2047 | AB96: 2048 | AC96: 2049 | AD96: 2050 | AE96: 2051 | AF96: 2052 | AG96: 2053 | AH96: 2054 | AI96: 2055 | AJ96: 2056 | AK96: 2057 | AL96: 2058 | AM96: 2059 | AN96: 2060 | AO96: =AN96+1 -> 2061 | AP96: =AO96+1 -> 2062 | AQ96: =AP96+1 -> 2063 | AR96: =AQ96+1 -> 2064 | AS96: =AR96+1 -> 2065 | AT96: =AS96+1 -> 2066 | AU96: =AT96+1 -> 2067 | AV96: =AU96+1 -> 2068 | ... AX96: =AW96+1 -> 2070
A97: Biomass Heat | B97: 1031.2611 | C97: 1034.7875 | D97: 1038.3138 | E97: 1041.8401 | F97: 1051.273 | G97: 1060.7059 | H97: 1070.1388 | I97: 1079.5718 | J97: 1089.0047 | K97: 1096.9276 | L97: 1104.8505 | M97: 1112.7734 | N97: 1120.6963 | O97: 1128.6192 | P97: 1135.0147 | Q97: 1141.4101 | R97: 1147.8056 | S97: 1154.2011 | T97: 1160.5965 | U97: 1165.4981 | V97: 1170.3996 | W97: 1175.3011 | X97: 1180.2027 | Y97: 1185.1042 | Z97: 1188.5724 | AA97: 1192.0406 | AB97: 1195.5087 | AC97: 1198.9769 | AD97: 1202.4451 | AE97: 1202.4451 | AF97: 1202.4451 | AG97: 1202.4451 | AH97: 1202.4451 | AI97: 1202.4451 | AJ97: 1202.4451 | AK97: 1202.4451 | AL97: 1202.4451 | AM97: 1202.4451 | AN97: 1202.4451 | AO97: =(AN97+AN97*$AN$105) -> 1202.4451 | AP97: =(AO97+AO97*$AN$105) -> 1202.4451 | AQ97: =(AP97+AP97*$AN$105) -> 1202.4451 | AR97: =(AQ97+AQ97*$AN$105) -> 1202.4451 | AS97: =(AR97+AR97*$AN$105) -> 1202.4451 | AT97: =(AS97+AS97*$AN$105) -> 1202.4451 | AU97: =(AT97+AT97*$AN$105) -> 1202.4451 | AV97: =(AU97+AU97*$AN$105) -> 1202.4451 | ... AX97: =(AW97+AW97*$AN$105) -> 1202.4451
A98: Solar Heat | B98: 629.9596 | C98: 632.11371 | D98: 634.26782 | E98: 636.42193 | F98: 642.18415 | G98: 647.94636 | H98: 653.70858 | I98: 659.4708 | J98: 665.23301 | K98: 670.07283 | L98: 674.91264 | M98: 679.75246 | N98: 684.59228 | O98: 689.43209 | P98: 693.33884 | Q98: 697.2456 | R98: 701.15235 | S98: 705.0591 | T98: 708.96586 | U98: 711.96003 | V98: 714.9542 | W98: 717.94837 | X98: 720.94254 | Y98: 723.93671 | Z98: 726.05529 | AA98: 728.17387 | AB98: 730.29246 | AC98: 732.41104 | AD98: 734.52962 | AE98: 734.52962 | AF98: 734.52962 | AG98: 734.52962 | AH98: 734.52962 | AI98: 734.52962 | AJ98: 734.52962 | AK98: 734.52962 | AL98: 734.52962 | AM98: 734.52962 | AN98: 734.52962 | AO98: =(AN98+AN98*$AN$105) -> 734.52962 | AP98: =(AO98+AO98*$AN$105) -> 734.52962 | AQ98: =(AP98+AP98*$AN$105) -> 734.52962 | AR98: =(AQ98+AQ98*$AN$105) -> 734.52962 | AS98: =(AR98+AR98*$AN$105) -> 734.52962 | AT98: =(AS98+AS98*$AN$105) -> 734.52962 | AU98: =(AT98+AT98*$AN$105) -> 734.52962 | AV98: =(AU98+AU98*$AN$105) -> 734.52962 | ... AX98: =(AW98+AW98*$AN$105) -> 734.52962
A99: Gas Heat | B99: 489.16673 | C99: 490.83941 | D99: 492.51209 | E99: 494.18477 | F99: 498.65915 | G99: 503.13354 | H99: 507.60793 | I99: 512.08232 | J99: 516.55671 | K99: 520.31485 | L99: 524.07299 | M99: 527.83113 | N99: 531.58927 | O99: 535.34742 | P99: 538.38103 | Q99: 541.41464 | R99: 544.44825 | S99: 547.48187 | T99: 550.51548 | U99: 552.84047 | V99: 555.16546 | W99: 557.49044 | X99: 559.81543 | Y99: 562.14042 | Z99: 563.78551 | AA99: 565.4306 | AB99: 567.07569 | AC99: 568.72078 | AD99: 570.36587 | AE99: 570.36587 | AF99: 570.36587 | AG99: 570.36587 | AH99: 570.36587 | AI99: 570.36587 | AJ99: 570.36587 | AK99: 570.36587 | AL99: 570.36587 | AM99: 570.36587 | AN99: 570.36587 | AO99: =(AN99+AN99*$AN$105) -> 570.36587 | AP99: =(AO99+AO99*$AN$105) -> 570.36587 | AQ99: =(AP99+AP99*$AN$105) -> 570.36587 | AR99: =(AQ99+AQ99*$AN$105) -> 570.36587 | AS99: =(AR99+AR99*$AN$105) -> 570.36587 | AT99: =(AS99+AS99*$AN$105) -> 570.36587 | AU99: =(AT99+AT99*$AN$105) -> 570.36587 | AV99: =(AU99+AU99*$AN$105) -> 570.36587 | ... AX99: =(AW99+AW99*$AN$105) -> 570.36587
A100: Kerosene Heat | B100: 34.305106 | C100: 34.42241 | D100: 34.539715 | E100: 34.657019 | F100: 34.970807 | G100: 35.284594 | H100: 35.598382 | I100: 35.912169 | J100: 36.225956 | K100: 36.489514 | L100: 36.753071 | M100: 37.016628 | N100: 37.280185 | O100: 37.543743 | P100: 37.756489 | Q100: 37.969235 | R100: 38.181981 | S100: 38.394728 | T100: 38.607474 | U100: 38.770525 | V100: 38.933575 | W100: 39.096626 | X100: 39.259677 | Y100: 39.422727 | Z100: 39.538097 | AA100: 39.653467 | AB100: 39.768836 | AC100: 39.884206 | AD100: 39.999575 | AE100: 39.999575 | AF100: 39.999575 | AG100: 39.999575 | AH100: 39.999575 | AI100: 39.999575 | AJ100: 39.999575 | AK100: 39.999575 | AL100: 39.999575 | AM100: 39.999575 | AN100: 39.999575 | AO100: =(AN100+AN100*$AN$105) -> 39.999575 | AP100: =(AO100+AO100*$AN$105) -> 39.999575 | AQ100: =(AP100+AP100*$AN$105) -> 39.999575 | AR100: =(AQ100+AQ100*$AN$105) -> 39.999575 | AS100: =(AR100+AR100*$AN$105) -> 39.999575 | AT100: =(AS100+AS100*$AN$105) -> 39.999575 | AU100: =(AT100+AT100*$AN$105) -> 39.999575 | AV100: =(AU100+AU100*$AN$105) -> 39.999575 | ... AX100: =(AW100+AW100*$AN$105) -> 39.999575
A101: Gasoil Generator | B101: 26.236268 | C101: 26.325982 | D101: 26.415695 | E101: 26.505408 | F101: 26.745391 | G101: 26.985373 | H101: 27.225355 | I101: 27.465337 | J101: 27.705319 | K101: 27.906886 | L101: 28.108452 | M101: 28.310018 | N101: 28.511585 | O101: 28.713151 | P101: 28.875858 | Q101: 29.038565 | R101: 29.201271 | S101: 29.363978 | T101: 29.526684 | U101: 29.651384 | V101: 29.776084 | W101: 29.900784 | X101: 30.025484 | Y101: 30.150184 | Z101: 30.238417 | AA101: 30.326651 | AB101: 30.414885 | AC101: 30.503119 | AD101: 30.591352 | AE101: 30.591352 | AF101: 30.591352 | AG101: 30.591352 | AH101: 30.591352 | AI101: 30.591352 | AJ101: 30.591352 | AK101: 30.591352 | AL101: 30.591352 | AM101: 30.591352 | AN101: 30.591352 | AO101: =(AN101+AN101*$AN$105) -> 30.591352 | AP101: =(AO101+AO101*$AN$105) -> 30.591352 | AQ101: =(AP101+AP101*$AN$105) -> 30.591352 | AR101: =(AQ101+AQ101*$AN$105) -> 30.591352 | AS101: =(AR101+AR101*$AN$105) -> 30.591352 | AT101: =(AS101+AS101*$AN$105) -> 30.591352 | AU101: =(AT101+AT101*$AN$105) -> 30.591352 | AV101: =(AU101+AU101*$AN$105) -> 30.591352 | ... AX101: =(AW101+AW101*$AN$105) -> 30.591352
A102: Biogasoil Generator | B102: 268.96577 | C102: 269.88548 | D102: 270.8052 | E102: 271.72491 | F102: 274.18513 | G102: 276.64535 | H102: 279.10557 | I102: 281.56579 | J102: 284.02601 | K102: 286.0924 | L102: 288.15879 | M102: 290.22519 | N102: 292.29158 | O102: 294.35798 | P102: 296.02599 | Q102: 297.69401 | R102: 299.36202 | S102: 301.03004 | T102: 302.69806 | U102: 303.97644 | V102: 305.25482 | W102: 306.53321 | X102: 307.81159 | Y102: 309.08997 | Z102: 309.99451 | AA102: 310.89906 | AB102: 311.8036 | AC102: 312.70815 | AD102: 313.61269 | AE102: 313.61269 | AF102: 313.61269 | AG102: 313.61269 | AH102: 313.61269 | AI102: 313.61269 | AJ102: 313.61269 | AK102: 313.61269 | AL102: 313.61269 | AM102: 313.61269 | AN102: 313.61269 | AO102: =(AN102+AN102*$AN$105) -> 313.61269 | AP102: =(AO102+AO102*$AN$105) -> 313.61269 | AQ102: =(AP102+AP102*$AN$105) -> 313.61269 | AR102: =(AQ102+AQ102*$AN$105) -> 313.61269 | AS102: =(AR102+AR102*$AN$105) -> 313.61269 | AT102: =(AS102+AS102*$AN$105) -> 313.61269 | AU102: =(AT102+AT102*$AN$105) -> 313.61269 | AV102: =(AU102+AU102*$AN$105) -> 313.61269 | ... AX102: =(AW102+AW102*$AN$105) -> 313.61269
A103: MDF Generator | B103: 0.23360825 | C103: 0.23440706 | D103: 0.23520587 | E103: 0.23600468 | F103: 0.23814149 | G103: 0.2402783 | H103: 0.2424151 | I103: 0.24455191 | J103: 0.24668871 | K103: 0.24848346 | L103: 0.25027822 | M103: 0.25207297 | N103: 0.25386772 | O103: 0.25566247 | P103: 0.25711121 | Q103: 0.25855996 | R103: 0.2600087 | S103: 0.26145744 | T103: 0.26290619 | U103: 0.26401652 | V103: 0.26512685 | W103: 0.26623718 | X103: 0.26734751 | Y103: 0.26845784 | Z103: 0.26924347 | AA103: 0.27002911 | AB103: 0.27081474 | AC103: 0.27160038 | AD103: 0.27238601 | AE103: 0.27238601 | AF103: 0.27238601 | AG103: 0.27238601 | AH103: 0.27238601 | AI103: 0.27238601 | AJ103: 0.27238601 | AK103: 0.27238601 | AL103: 0.27238601 | AM103: 0.27238601 | AN103: 0.27238601 | AO103: =(AN103+AN103*$AN$105) -> 0.27238601 | AP103: =(AO103+AO103*$AN$105) -> 0.27238601 | AQ103: =(AP103+AP103*$AN$105) -> 0.27238601 | AR103: =(AQ103+AQ103*$AN$105) -> 0.27238601 | AS103: =(AR103+AR103*$AN$105) -> 0.27238601 | AT103: =(AS103+AS103*$AN$105) -> 0.27238601 | AU103: =(AT103+AT103*$AN$105) -> 0.27238601 | AV103: =(AU103+AU103*$AN$105) -> 0.27238601 | ... AX103: =(AW103+AW103*$AN$105) -> 0.27238601
A104: LPG Heat | B104: 426.55189 | C104: 428.01046 | D104: 429.46903 | E104: 430.9276 | F104: 434.82925 | G104: 438.7309 | H104: 442.63256 | I104: 446.53421 | J104: 450.43586 | K104: 453.71295 | L104: 456.99004 | M104: 460.26713 | N104: 463.54421 | O104: 466.8213 | P104: 469.4666 | Q104: 472.1119 | R104: 474.7572 | S104: 477.4025 | T104: 480.04781 | U104: 482.07519 | V104: 484.10257 | W104: 486.12995 | X104: 488.15734 | Y104: 490.18472 | Z104: 491.61923 | AA104: 493.05375 | AB104: 494.48826 | AC104: 495.92277 | AD104: 497.35728 | AE104: 497.35728 | AF104: 497.35728 | AG104: 497.35728 | AH104: 497.35728 | AI104: 497.35728 | AJ104: 497.35728 | AK104: 497.35728 | AL104: 497.35728 | AM104: 497.35728 | AN104: 497.35728 | AO104: =(AN104+AN104*$AN$105) -> 497.35728 | AP104: =(AO104+AO104*$AN$105) -> 497.35728 | AQ104: =(AP104+AP104*$AN$105) -> 497.35728 | AR104: =(AQ104+AQ104*$AN$105) -> 497.35728 | AS104: =(AR104+AR104*$AN$105) -> 497.35728 | AT104: =(AS104+AS104*$AN$105) -> 497.35728 | AU104: =(AT104+AT104*$AN$105) -> 497.35728 | AV104: =(AU104+AU104*$AN$105) -> 497.35728 | ... AX104: =(AW104+AW104*$AN$105) -> 497.35728
AM105: Growth rate | AN105: =(AN97-AM97)/AM97 -> 0
...

Sheet Commercial-Conversion
A1: Variable: Non Electricity Consumption: Total Final Energy Consumption (Gigajoule)
A2: Scenario: Business as Usual
A3: Branch: Demand\Commercial\Office\Conventional Office\Non Electricity Consumption\Gasoil Generator
A4: Region: Indonesia
A6: Branch | B6: 2022 | C6: 2023 | D6: 2024 | E6: 2025 | F6: 2026 | G6: 2027 | H6: 2028 | I6: 2029 | J6: 2030 | K6: 2031 | L6: 2032 | M6: 2033 | N6: 2034 | O6: 2035 | P6: 2036 | Q6: 2037 | R6: 2038 | S6: 2039 | T6: 2040 | U6: 2041 | V6: 2042 | W6: 2043 | X6: 2044 | Y6: 2045 | Z6: 2046 | AA6: 2047 | AB6: 2048 | AC6: 2049 | AD6: 2050 | AE6: 2051 | AF6: 2052 | AG6: 2053 | AH6: 2054 | AI6: 2055 | AJ6: 2056 | AK6: 2057 | AL6: 2058 | AM6: 2059 | AN6: 2060 | AO6: =AN6+1 -> 2061 | AP6: =AO6+1 -> 2062 | AQ6: =AP6+1 -> 2063 | AR6: =AQ6+1 -> 2064 | AS6: =AR6+1 -> 2065 | AT6: =AS6+1 -> 2066 | AU6: =AT6+1 -> 2067 | AV6: =AU6+1 -> 2068 | ... AX6: =AW6+1 -> 2070
A7: Gasoil Generator | B7: =Commercial!B7*Commercial!$B$5 -> 328187.75 | C7: =Commercial!C7*Commercial!$B$5 -> 344625.01 | D7: =Commercial!D7*Commercial!$B$5 -> 347973.8 | E7: =Commercial!E7*Commercial!$B$5 -> 351337.36 | F7: =Commercial!F7*Commercial!$B$5 -> 356719.91 | G7: =Commercial!G7*Commercial!$B$5 -> 362141.97 | H7: =Commercial!H7*Commercial!$B$5 -> 367603.54 | I7: =Commercial!I7*Commercial!$B$5 -> 373104.62 | ... AX7: =Commercial!AX7*Commercial!$B$5 -> 519533.12
A8: Biogasoil Generator | B8: =Commercial!B8*Commercial!$B$5 -> 3364475.1 | C8: =Commercial!C8*Commercial!$B$5 -> 3532984.6 | D8: =Commercial!D8*Commercial!$B$5 -> 3567315.3 | E8: =Commercial!E8*Commercial!$B$5 -> 3601797.4 | F8: =Commercial!F8*Commercial!$B$5 -> 3656977.6 | G8: =Commercial!G8*Commercial!$B$5 -> 3712562.9 | H8: =Commercial!H8*Commercial!$B$5 -> 3768553.1 | I8: =Commercial!I8*Commercial!$B$5 -> 3824948.4 | ... AX8: =Commercial!AX8*Commercial!$B$5 -> 5326086.2
A9: MDF Generator | B9: =Commercial!B9*Commercial!$B$5 -> 2922.1903 | C9: =Commercial!C9*Commercial!$B$5 -> 3068.548 | D9: =Commercial!D9*Commercial!$B$5 -> 3098.3657 | E9: =Commercial!E9*Commercial!$B$5 -> 3128.3148 | F9: =Commercial!F9*Commercial!$B$5 -> 3176.2412 | G9: =Commercial!G9*Commercial!$B$5 -> 3224.5193 | H9: =Commercial!H9*Commercial!$B$5 -> 3273.1493 | I9: =Commercial!I9*Commercial!$B$5 -> 3322.131 | ... AX9: =Commercial!AX9*Commercial!$B$5 -> 4625.9332
A11: Variable: Non Electricity Consumption: Total Final Energy Consumption (Gigajoule)
A12: Scenario: Business as Usual
A13: Branch: Demand\Commercial\Hotel\Five Star\Non Electricity Consumption\Biomass Heat
A14: Region: Indonesia
A16: Branch | B16: 2022 | C16: 2023 | D16: 2024 | E16: 2025 | F16: 2026 | G16: 2027 | H16: 2028 | I16: 2029 | J16: 2030 | K16: 2031 | L16: 2032 | M16: 2033 | N16: 2034 | O16: 2035 | P16: 2036 | Q16: 2037 | R16: 2038 | S16: 2039 | T16: 2040 | U16: 2041 | V16: 2042 | W16: 2043 | X16: 2044 | Y16: 2045 | Z16: 2046 | AA16: 2047 | AB16: 2048 | AC16: 2049 | AD16: 2050 | AE16: 2051 | AF16: 2052 | AG16: 2053 | AH16: 2054 | AI16: 2055 | AJ16: 2056 | AK16: 2057 | AL16: 2058 | AM16: 2059 | AN16: 2060 | AO16: =AN16+1 -> 2061 | AP16: =AO16+1 -> 2062 | AQ16: =AP16+1 -> 2063 | AR16: =AQ16+1 -> 2064 | AS16: =AR16+1 -> 2065 | AT16: =AS16+1 -> 2066 | AU16: =AT16+1 -> 2067 | AV16: =AU16+1 -> 2068 | ... AX16: =AW16+1 -> 2070
A17: Biomass Heat | B17: =Commercial!B17*Commercial!$B$5 -> 660230.83 | C17: =Commercial!C17*Commercial!$B$5 -> 703320.55 | D17: =Commercial!D17*Commercial!$B$5 -> 749222.5 | E17: =Commercial!E17*Commercial!$B$5 -> 798120.23 | F17: =Commercial!F17*Commercial!$B$5 -> 850209.25 | G17: =Commercial!G17*Commercial!$B$5 -> 905697.84 | H17: =Commercial!H17*Commercial!$B$5 -> 964807.87 | I17: =Commercial!I17*Commercial!$B$5 -> 1027775.7 | ... AX17: =Commercial!AX17*Commercial!$B$5 -> 13729543
A18: Solar Heat | B18: =Commercial!B18*Commercial!$B$5 -> 403310.8 | C18: =Commercial!C18*Commercial!$B$5 -> 429632.73 | D18: =Commercial!D18*Commercial!$B$5 -> 457672.55 | E18: =Commercial!E18*Commercial!$B$5 -> 487542.38 | F18: =Commercial!F18*Commercial!$B$5 -> 519361.65 | G18: =Commercial!G18*Commercial!$B$5 -> 553257.6 | H18: =Commercial!H18*Commercial!$B$5 -> 589365.75 | I18: =Commercial!I18*Commercial!$B$5 -> 627830.49 | ... AX18: =Commercial!AX18*Commercial!$B$5 -> 8386874.6
A19: Gas Heat | B19: =Commercial!B19*Commercial!$B$5 -> 313172.83 | C19: =Commercial!C19*Commercial!$B$5 -> 333611.93 | D19: =Commercial!D19*Commercial!$B$5 -> 355384.99 | E19: =Commercial!E19*Commercial!$B$5 -> 378579.06 | F19: =Commercial!F19*Commercial!$B$5 -> 403286.88 | G19: =Commercial!G19*Commercial!$B$5 -> 429607.25 | H19: =Commercial!H19*Commercial!$B$5 -> 457645.41 | I19: =Commercial!I19*Commercial!$B$5 -> 487513.46 | ... AX19: =Commercial!AX19*Commercial!$B$5 -> 6512449.5
A20: Kerosene Heat | B20: =Commercial!B20*Commercial!$B$5 -> 21962.71 | C20: =Commercial!C20*Commercial!$B$5 -> 23396.098 | D20: =Commercial!D20*Commercial!$B$5 -> 24923.036 | E20: =Commercial!E20*Commercial!$B$5 -> 26549.628 | F20: =Commercial!F20*Commercial!$B$5 -> 28282.38 | G20: =Commercial!G20*Commercial!$B$5 -> 30128.219 | H20: =Commercial!H20*Commercial!$B$5 -> 32094.526 | I20: =Commercial!I20*Commercial!$B$5 -> 34189.163 | ... AX20: =Commercial!AX20*Commercial!$B$5 -> 456715.99
A21: Gasoil Generator | B21: =Commercial!B21*Commercial!$B$5 -> 16796.903 | C21: =Commercial!C21*Commercial!$B$5 -> 17893.147 | D21: =Commercial!D21*Commercial!$B$5 -> 19060.936 | E21: =Commercial!E21*Commercial!$B$5 -> 20304.941 | F21: =Commercial!F21*Commercial!$B$5 -> 21630.136 | G21: =Commercial!G21*Commercial!$B$5 -> 23041.818 | H21: =Commercial!H21*Commercial!$B$5 -> 24545.634 | I21: =Commercial!I21*Commercial!$B$5 -> 26147.596 | ... AX21: =Commercial!AX21*Commercial!$B$5 -> 349292.7
A22: Biogasoil Generator | B22: =Commercial!B22*Commercial!$B$5 -> 172196.44 | C22: =Commercial!C22*Commercial!$B$5 -> 183434.78 | D22: =Commercial!D22*Commercial!$B$5 -> 195406.58 | E22: =Commercial!E22*Commercial!$B$5 -> 208159.72 | F22: =Commercial!F22*Commercial!$B$5 -> 221745.18 | G22: =Commercial!G22*Commercial!$B$5 -> 236217.3 | H22: =Commercial!H22*Commercial!$B$5 -> 251633.93 | I22: =Commercial!I22*Commercial!$B$5 -> 268056.73 | ... AX22: =Commercial!AX22*Commercial!$B$5 -> 3580836.3
A23: MDF Generator | B23: =Commercial!B23*Commercial!$B$5 -> 149.55996 | C23: =Commercial!C23*Commercial!$B$5 -> 159.32094 | D23: =Commercial!D23*Commercial!$B$5 -> 169.71896 | E23: =Commercial!E23*Commercial!$B$5 -> 180.7956 | F23: =Commercial!F23*Commercial!$B$5 -> 192.59516 | G23: =Commercial!G23*Commercial!$B$5 -> 205.16481 | H23: =Commercial!H23*Commercial!$B$5 -> 218.55481 | I23: =Commercial!I23*Commercial!$B$5 -> 232.81871 | ... AX23: =Commercial!AX23*Commercial!$B$5 -> 3110.1092
A24: LPG Heat | B24: =Commercial!B24*Commercial!$B$5 -> 273085.74 | C24: =Commercial!C24*Commercial!$B$5 -> 290908.58 | D24: =Commercial!D24*Commercial!$B$5 -> 309894.62 | E24: =Commercial!E24*Commercial!$B$5 -> 330119.78 | F24: =Commercial!F24*Commercial!$B$5 -> 351664.92 | G24: =Commercial!G24*Commercial!$B$5 -> 374616.2 | H24: =Commercial!H24*Commercial!$B$5 -> 399065.39 | I24: =Commercial!I24*Commercial!$B$5 -> 425110.24 | ... AX24: =Commercial!AX24*Commercial!$B$5 -> 5678835.9
A26: Variable: Non Electricity Consumption: Total Final Energy Consumption (Gigajoule)
A27: Scenario: Business as Usual
A28: Branch: Demand\Commercial\Hotel\Four Star\Non Electricity Consumption\Biomass Heat
A29: Region: Indonesia
A31: Branch | B31: 2022 | C31: 2023 | D31: 2024 | E31: 2025 | F31: 2026 | G31: 2027 | H31: 2028 | I31: 2029 | J31: 2030 | K31: 2031 | L31: 2032 | M31: 2033 | N31: 2034 | O31: 2035 | P31: 2036 | Q31: 2037 | R31: 2038 | S31: 2039 | T31: 2040 | U31: 2041 | V31: 2042 | W31: 2043 | X31: 2044 | Y31: 2045 | Z31: 2046 | AA31: 2047 | AB31: 2048 | AC31: 2049 | AD31: 2050 | AE31: 2051 | AF31: 2052 | AG31: 2053 | AH31: 2054 | AI31: 2055 | AJ31: 2056 | AK31: 2057 | AL31: 2058 | AM31: 2059 | AN31: 2060 | AO31: =AN31+1 -> 2061 | AP31: =AO31+1 -> 2062 | AQ31: =AP31+1 -> 2063 | AR31: =AQ31+1 -> 2064 | AS31: =AR31+1 -> 2065 | AT31: =AS31+1 -> 2066 | AU31: =AT31+1 -> 2067 | AV31: =AU31+1 -> 2068 | ... AX31: =AW31+1 -> 2070
A32: Biomass Heat | B32: =Commercial!B37*Commercial!$B$35 -> 1447119.3 | C32: =Commercial!C37*Commercial!$B$35 -> 1541564.9 | D32: =Commercial!D37*Commercial!$B$35 -> 1642174.6 | E32: =Commercial!E37*Commercial!$B$35 -> 1749350.5 | F32: =Commercial!F37*Commercial!$B$35 -> 1863521.2 | G32: =Commercial!G37*Commercial!$B$35 -> 1985143.3 | H32: =Commercial!H37*Commercial!$B$35 -> 2114702.9 | I32: =Commercial!I37*Commercial!$B$35 -> 2252718.2 | ... AX32: =Commercial!AX37*Commercial!$B$35 -> 30092940
A33: Solar Heat | B33: =Commercial!B38*Commercial!$B$35 -> 883992.09 | C33: =Commercial!C38*Commercial!$B$35 -> 941685.5 | D33: =Commercial!D38*Commercial!$B$35 -> 1003144.3 | E33: =Commercial!E38*Commercial!$B$35 -> 1068614.1 | F33: =Commercial!F38*Commercial!$B$35 -> 1138356.8 | G33: =Commercial!G38*Commercial!$B$35 -> 1212651.2 | H33: =Commercial!H38*Commercial!$B$35 -> 1291794.4 | I33: =Commercial!I38*Commercial!$B$35 -> 1376102.9 | ... AX33: =Commercial!AX38*Commercial!$B$35 -> 18382673
A34: Gas Heat | B34: =Commercial!B39*Commercial!$B$35 -> 686424.21 | C34: =Commercial!C39*Commercial!$B$35 -> 731223.43 | D34: =Commercial!D39*Commercial!$B$35 -> 778946.45 | E34: =Commercial!E39*Commercial!$B$35 -> 829784.1 | F34: =Commercial!F39*Commercial!$B$35 -> 883939.65 | G34: =Commercial!G39*Commercial!$B$35 -> 941629.64 | H34: =Commercial!H39*Commercial!$B$35 -> 1003084.8 | I34: =Commercial!I39*Commercial!$B$35 -> 1068550.7 | ... AX34: =Commercial!AX39*Commercial!$B$35 -> 14274236
A35: Kerosene Heat | B35: =Commercial!B40*Commercial!$B$35 -> 48138.71 | C35: =Commercial!C40*Commercial!$B$35 -> 51280.464 | D35: =Commercial!D40*Commercial!$B$35 -> 54627.265 | E35: =Commercial!E40*Commercial!$B$35 -> 58192.493 | F35: =Commercial!F40*Commercial!$B$35 -> 61990.404 | G35: =Commercial!G40*Commercial!$B$35 -> 66036.185 | H35: =Commercial!H40*Commercial!$B$35 -> 70346.012 | I35: =Commercial!I40*Commercial!$B$35 -> 74937.118 | ... AX35: =Commercial!AX40*Commercial!$B$35 -> 1001047.6
A36: Gasoil Generator | B36: =Commercial!B41*Commercial!$B$35 -> 36816.096 | C36: =Commercial!C41*Commercial!$B$35 -> 39218.885 | D36: =Commercial!D41*Commercial!$B$35 -> 41778.491 | E36: =Commercial!E41*Commercial!$B$35 -> 44505.149 | F36: =Commercial!F41*Commercial!$B$35 -> 47409.761 | G36: =Commercial!G41*Commercial!$B$35 -> 50503.941 | H36: =Commercial!H41*Commercial!$B$35 -> 53800.062 | I36: =Commercial!I41*Commercial!$B$35 -> 57311.303 | ... AX36: =Commercial!AX41*Commercial!$B$35 -> 765593.14
A37: Biogasoil Generator | B37: =Commercial!B42*Commercial!$B$35 -> 377426.76 | C37: =Commercial!C42*Commercial!$B$35 -> 402059.38 | D37: =Commercial!D42*Commercial!$B$35 -> 428299.63 | E37: =Commercial!E42*Commercial!$B$35 -> 456252.45 | F37: =Commercial!F42*Commercial!$B$35 -> 486029.59 | G37: =Commercial!G42*Commercial!$B$35 -> 517750.13 | H37: =Commercial!H42*Commercial!$B$35 -> 551540.9 | I37: =Commercial!I42*Commercial!$B$35 -> 587537.02 | ... AX37: =Commercial!AX42*Commercial!$B$35 -> 7848614.3
A38: MDF Generator | B38: =Commercial!B43*Commercial!$B$35 -> 327.81126 | C38: =Commercial!C43*Commercial!$B$35 -> 349.20574 | D38: =Commercial!D43*Commercial!$B$35 -> 371.99652 | E38: =Commercial!E43*Commercial!$B$35 -> 396.27473 | F38: =Commercial!F43*Commercial!$B$35 -> 422.13745 | G38: =Commercial!G43*Commercial!$B$35 -> 449.6881 | H38: =Commercial!H43*Commercial!$B$35 -> 479.03682 | I38: =Commercial!I43*Commercial!$B$35 -> 510.30098 | ... AX38: =Commercial!AX43*Commercial!$B$35 -> 6816.8566
A39: LPG Heat | B39: =Commercial!B44*Commercial!$B$35 -> 598559.8 | C39: =Commercial!C44*Commercial!$B$35 -> 637624.58 | D39: =Commercial!D44*Commercial!$B$35 -> 679238.91 | E39: =Commercial!E44*Commercial!$B$35 -> 723569.19 | F39: =Commercial!F44*Commercial!$B$35 -> 770792.66 | G39: =Commercial!G44*Commercial!$B$35 -> 821098.16 | H39: =Commercial!H44*Commercial!$B$35 -> 874686.82 | I39: =Commercial!I44*Commercial!$B$35 -> 931772.93 | ... AX39: =Commercial!AX44*Commercial!$B$35 -> 12447090
A41: Variable: Non Electricity Consumption: Total Final Energy Consumption (Gigajoule)
A42: Scenario: Business as Usual
A43: Branch: Demand\Commercial\Hotel\Three Star\Non Electricity Consumption\Biomass Heat
A44: Region: Indonesia
A46: Branch | B46: 2022 | C46: 2023 | D46: 2024 | E46: 2025 | F46: 2026 | G46: 2027 | H46: 2028 | I46: 2029 | J46: 2030 | K46: 2031 | L46: 2032 | M46: 2033 | N46: 2034 | O46: 2035 | P46: 2036 | Q46: 2037 | R46: 2038 | S46: 2039 | T46: 2040 | U46: 2041 | V46: 2042 | W46: 2043 | X46: 2044 | Y46: 2045 | Z46: 2046 | AA46: 2047 | AB46: 2048 | AC46: 2049 | AD46: 2050 | AE46: 2051 | AF46: 2052 | AG46: 2053 | AH46: 2054 | AI46: 2055 | AJ46: 2056 | AK46: 2057 | AL46: 2058 | AM46: 2059 | AN46: 2060 | AO46: =AN46+1 -> 2061 | AP46: =AO46+1 -> 2062 | AQ46: =AP46+1 -> 2063 | AR46: =AQ46+1 -> 2064 | AS46: =AR46+1 -> 2065 | AT46: =AS46+1 -> 2066 | AU46: =AT46+1 -> 2067 | AV46: =AU46+1 -> 2068 | ... AX46: =AW46+1 -> 2070
A47: Biomass Heat | B47: =Commercial!B52*Commercial!$B$35 -> 1086472.7 | C47: =Commercial!C52*Commercial!$B$35 -> 1157381 | D47: =Commercial!D52*Commercial!$B$35 -> 1232917 | E47: =Commercial!E52*Commercial!$B$35 -> 1313382.9 | F47: =Commercial!F52*Commercial!$B$35 -> 1399100.3 | G47: =Commercial!G52*Commercial!$B$35 -> 1490412.1 | H47: =Commercial!H52*Commercial!$B$35 -> 1587683.3 | I47: =Commercial!I52*Commercial!$B$35 -> 1691302.8 | ... AX47: =Commercial!AX52*Commercial!$B$35 -> 22593272
A48: Solar Heat | B48: =Commercial!B53*Commercial!$B$35 -> 663686.35 | C48: =Commercial!C53*Commercial!$B$35 -> 707001.59 | D48: =Commercial!D53*Commercial!$B$35 -> 753143.79 | E48: =Commercial!E53*Commercial!$B$35 -> 802297.44 | F48: =Commercial!F53*Commercial!$B$35 -> 854659.08 | G48: =Commercial!G53*Commercial!$B$35 -> 910438.08 | H48: =Commercial!H53*Commercial!$B$35 -> 969857.49 | I48: =Commercial!I53*Commercial!$B$35 -> 1033154.9 | ... AX48: =Commercial!AX53*Commercial!$B$35 -> 13801401
A49: Gas Heat | B49: =Commercial!B54*Commercial!$B$35 -> 515355.72 | C49: =Commercial!C54*Commercial!$B$35 -> 548990.22 | D49: =Commercial!D54*Commercial!$B$35 -> 584819.86 | E49: =Commercial!E54*Commercial!$B$35 -> 622987.91 | F49: =Commercial!F54*Commercial!$B$35 -> 663646.98 | G49: =Commercial!G54*Commercial!$B$35 -> 706959.66 | H49: =Commercial!H54*Commercial!$B$35 -> 753099.11 | I49: =Commercial!I54*Commercial!$B$35 -> 802249.85 | ... AX49: =Commercial!AX54*Commercial!$B$35 -> 10716856
A50: Kerosene Heat | B50: =Commercial!B55*Commercial!$B$35 -> 36141.731 | C50: =Commercial!C55*Commercial!$B$35 -> 38500.508 | D50: =Commercial!D55*Commercial!$B$35 -> 41013.229 | E50: =Commercial!E55*Commercial!$B$35 -> 43689.942 | F50: =Commercial!F55*Commercial!$B$35 -> 46541.35 | G50: =Commercial!G55*Commercial!$B$35 -> 49578.854 | H50: =Commercial!H55*Commercial!$B$35 -> 52814.599 | I50: =Commercial!I55*Commercial!$B$35 -> 56261.525 | ... AX50: =Commercial!AX55*Commercial!$B$35 -> 751569.67
A51: Gasoil Generator | B51: =Commercial!B56*Commercial!$B$35 -> 27640.904 | C51: =Commercial!C56*Commercial!$B$35 -> 29444.878 | D51: =Commercial!D56*Commercial!$B$35 -> 31366.587 | E51: =Commercial!E56*Commercial!$B$35 -> 33413.715 | F51: =Commercial!F56*Commercial!$B$35 -> 35594.449 | G51: =Commercial!G56*Commercial!$B$35 -> 37917.507 | H51: =Commercial!H56*Commercial!$B$35 -> 40392.179 | I51: =Commercial!I56*Commercial!$B$35 -> 43028.36 | ... AX51: =Commercial!AX56*Commercial!$B$35 -> 574794.42
A52: Biogasoil Generator | B52: =Commercial!B57*Commercial!$B$35 -> 283365.65 | C52: =Commercial!C57*Commercial!$B$35 -> 301859.4 | D52: =Commercial!D57*Commercial!$B$35 -> 321560.14 | E52: =Commercial!E57*Commercial!$B$35 -> 342546.64 | F52: =Commercial!F57*Commercial!$B$35 -> 364902.82 | G52: =Commercial!G57*Commercial!$B$35 -> 388718.07 | H52: =Commercial!H57*Commercial!$B$35 -> 414087.61 | I52: =Commercial!I57*Commercial!$B$35 -> 441112.88 | ... AX52: =Commercial!AX57*Commercial!$B$35 -> 5892607.2
A53: MDF Generator | B53: =Commercial!B58*Commercial!$B$35 -> 246.11516 | C53: =Commercial!C58*Commercial!$B$35 -> 262.17778 | D53: =Commercial!D58*Commercial!$B$35 -> 279.28871 | E53: =Commercial!E58*Commercial!$B$35 -> 297.51639 | F53: =Commercial!F58*Commercial!$B$35 -> 316.93368 | G53: =Commercial!G58*Commercial!$B$35 -> 337.61824 | H53: =Commercial!H58*Commercial!$B$35 -> 359.65277 | I53: =Commercial!I58*Commercial!$B$35 -> 383.12537 | ... AX53: =Commercial!AX58*Commercial!$B$35 -> 5117.981
A54: LPG Heat | B54: =Commercial!B59*Commercial!$B$35 -> 449388.6 | C54: =Commercial!C59*Commercial!$B$35 -> 478717.78 | D54: =Commercial!D59*Commercial!$B$35 -> 509961.12 | E54: =Commercial!E59*Commercial!$B$35 -> 543243.54 | F54: =Commercial!F59*Commercial!$B$35 -> 578698.13 | G54: =Commercial!G59*Commercial!$B$35 -> 616466.65 | H54: =Commercial!H59*Commercial!$B$35 -> 656700.11 | I54: =Commercial!I59*Commercial!$B$35 -> 699559.4 | ... AX54: =Commercial!AX59*Commercial!$B$35 -> 9345065.5
A56: Variable: Non Electricity Consumption: Total Final Energy Consumption (Gigajoule)
A57: Scenario: Business as Usual
A58: Branch: Demand\Commercial\Hotel\Budget\Non Electricity Consumption\Biomass Heat
A59: Region: Indonesia
A61: Branch | B61: 2022 | C61: 2023 | D61: 2024 | E61: 2025 | F61: 2026 | G61: 2027 | H61: 2028 | I61: 2029 | J61: 2030 | K61: 2031 | L61: 2032 | M61: 2033 | N61: 2034 | O61: 2035 | P61: 2036 | Q61: 2037 | R61: 2038 | S61: 2039 | T61: 2040 | U61: 2041 | V61: 2042 | W61: 2043 | X61: 2044 | Y61: 2045 | Z61: 2046 | AA61: 2047 | AB61: 2048 | AC61: 2049 | AD61: 2050 | AE61: 2051 | AF61: 2052 | AG61: 2053 | AH61: 2054 | AI61: 2055 | AJ61: 2056 | AK61: 2057 | AL61: 2058 | AM61: 2059 | AN61: 2060 | AO61: 2061 | AP61: 2062 | AQ61: 2063 | AR61: 2064 | AS61: 2065 | AT61: 2066 | AU61: 2067 | AV61: 2068 | AW61: 2069 | AX61: 2070
A62: Biomass Heat | B62: =Commercial!B67*Commercial!$B$35 -> 1817268 | C62: =Commercial!C67*Commercial!$B$35 -> 1935871.3 | D62: =Commercial!D67*Commercial!$B$35 -> 2062215.2 | E62: =Commercial!E67*Commercial!$B$35 -> 2196804.9 | F62: =Commercial!F67*Commercial!$B$35 -> 2340178.5 | G62: =Commercial!G67*Commercial!$B$35 -> 2492909.4 | H62: =Commercial!H67*Commercial!$B$35 -> 2655608.2 | I62: =Commercial!I67*Commercial!$B$35 -> 2828925.5 | ... AX62: =Commercial!AX67*Commercial!$B$35 -> 37790206
A63: Solar Heat | B63: =Commercial!B68*Commercial!$B$35 -> 1110102.4 | C63: =Commercial!C68*Commercial!$B$35 -> 1182552.8 | D63: =Commercial!D68*Commercial!$B$35 -> 1259731.6 | E63: =Commercial!E68*Commercial!$B$35 -> 1341947.6 | F63: =Commercial!F68*Commercial!$B$35 -> 1429529.3 | G63: =Commercial!G68*Commercial!$B$35 -> 1522827 | H63: =Commercial!H68*Commercial!$B$35 -> 1622213.7 | I63: =Commercial!I68*Commercial!$B$35 -> 1728086.9 | ... AX63: =Commercial!AX68*Commercial!$B$35 -> 23084651
A64: Gas Heat | B64: =Commercial!B69*Commercial!$B$35 -> 861999.95 | C64: =Commercial!C69*Commercial!$B$35 -> 918258.05 | D64: =Commercial!D69*Commercial!$B$35 -> 978187.82 | E64: =Commercial!E69*Commercial!$B$35 -> 1042028.9 | F64: =Commercial!F69*Commercial!$B$35 -> 1110036.5 | G64: =Commercial!G69*Commercial!$B$35 -> 1182482.6 | H64: =Commercial!H69*Commercial!$B$35 -> 1259656.9 | I64: =Commercial!I69*Commercial!$B$35 -> 1341868 | ... AX64: =Commercial!AX69*Commercial!$B$35 -> 17925345
A65: Kerosene Heat | B65: =Commercial!B70*Commercial!$B$35 -> 60451.78 | C65: =Commercial!C70*Commercial!$B$35 -> 64397.143 | D65: =Commercial!D70*Commercial!$B$35 -> 68599.998 | E65: =Commercial!E70*Commercial!$B$35 -> 73077.152 | F65: =Commercial!F70*Commercial!$B$35 -> 77846.505 | G65: =Commercial!G70*Commercial!$B$35 -> 82927.128 | H65: =Commercial!H70*Commercial!$B$35 -> 88339.336 | I65: =Commercial!I70*Commercial!$B$35 -> 94104.77 | ... AX65: =Commercial!AX70*Commercial!$B$35 -> 1257098.7
A66: Gasoil Generator | B66: =Commercial!B71*Commercial!$B$35 -> 46233.033 | C66: =Commercial!C71*Commercial!$B$35 -> 49250.415 | D66: =Commercial!D71*Commercial!$B$35 -> 52464.725 | E66: =Commercial!E71*Commercial!$B$35 -> 55888.816 | F66: =Commercial!F71*Commercial!$B$35 -> 59536.378 | G66: =Commercial!G71*Commercial!$B$35 -> 63421.998 | H66: =Commercial!H71*Commercial!$B$35 -> 67561.211 | I66: =Commercial!I71*Commercial!$B$35 -> 71970.568 | ... AX66: =Commercial!AX71*Commercial!$B$35 -> 961418.96
A67: Biogasoil Generator | B67: =Commercial!B72*Commercial!$B$35 -> 473966.16 | C67: =Commercial!C72*Commercial!$B$35 -> 504899.39 | D67: =Commercial!D72*Commercial!$B$35 -> 537851.46 | E67: =Commercial!E72*Commercial!$B$35 -> 572954.13 | F67: =Commercial!F72*Commercial!$B$35 -> 610347.77 | G67: =Commercial!G72*Commercial!$B$35 -> 650181.89 | H67: =Commercial!H72*Commercial!$B$35 -> 692615.77 | I67: =Commercial!I72*Commercial!$B$35 -> 737819.08 | ... AX67: =Commercial!AX72*Commercial!$B$35 -> 9856157.5
A68: MDF Generator | B68: =Commercial!B73*Commercial!$B$35 -> 411.65985 | C68: =Commercial!C73*Commercial!$B$35 -> 438.52668 | D68: =Commercial!D73*Commercial!$B$35 -> 467.14695 | E68: =Commercial!E73*Commercial!$B$35 -> 497.63513 | F68: =Commercial!F73*Commercial!$B$35 -> 530.1131 | G68: =Commercial!G73*Commercial!$B$35 -> 564.71073 | H68: =Commercial!H73*Commercial!$B$35 -> 601.56637 | I68: =Commercial!I73*Commercial!$B$35 -> 640.82737 | ... AX68: =Commercial!AX73*Commercial!$B$35 -> 8560.4936
A69: LPG Heat | B69: =Commercial!B74*Commercial!$B$35 -> 751661.31 | C69: =Commercial!C74*Commercial!$B$35 -> 800718.2 | D69: =Commercial!D74*Commercial!$B$35 -> 852976.78 | E69: =Commercial!E74*Commercial!$B$35 -> 908645.99 | F69: =Commercial!F74*Commercial!$B$35 -> 967948.43 | G69: =Commercial!G74*Commercial!$B$35 -> 1031121.2 | H69: =Commercial!H74*Commercial!$B$35 -> 1098417 | I69: =Commercial!I74*Commercial!$B$35 -> 1170104.7 | ... AX69: =Commercial!AX74*Commercial!$B$35 -> 15630846
A71: Variable: Non Electricity Consumption: Total Final Energy Consumption (Gigajoule)
A72: Scenario: Business as Usual
A73: Branch: Demand\Commercial\Hospital\Class A\Non Electricity Consumption\Biomass Heat
A74: Region: Indonesia
A76: Branch | B76: 2022 | C76: 2023 | D76: 2024 | E76: 2025 | F76: 2026 | G76: 2027 | H76: 2028 | I76: 2029 | J76: 2030 | K76: 2031 | L76: 2032 | M76: 2033 | N76: 2034 | O76: 2035 | P76: 2036 | Q76: 2037 | R76: 2038 | S76: 2039 | T76: 2040 | U76: 2041 | V76: 2042 | W76: 2043 | X76: 2044 | Y76: 2045 | Z76: 2046 | AA76: 2047 | AB76: 2048 | AC76: 2049 | AD76: 2050 | AE76: 2051 | AF76: 2052 | AG76: 2053 | AH76: 2054 | AI76: 2055 | AJ76: 2056 | AK76: 2057 | AL76: 2058 | AM76: 2059 | AN76: 2060 | AO76: =AN76+1 -> 2061 | AP76: =AO76+1 -> 2062 | AQ76: =AP76+1 -> 2063 | AR76: =AQ76+1 -> 2064 | AS76: =AR76+1 -> 2065 | AT76: =AS76+1 -> 2066 | AU76: =AT76+1 -> 2067 | AV76: =AU76+1 -> 2068 | ... AX76: =AW76+1 -> 2070
A77: Biomass Heat | B77: =Commercial!B82*Commercial!$B$5 -> 203446.51 | C77: =Commercial!C82*Commercial!$B$5 -> 204142.19 | D77: =Commercial!D82*Commercial!$B$5 -> 204837.86 | E77: =Commercial!E82*Commercial!$B$5 -> 205533.53 | F77: =Commercial!F82*Commercial!$B$5 -> 207394.45 | G77: =Commercial!G82*Commercial!$B$5 -> 209255.37 | H77: =Commercial!H82*Commercial!$B$5 -> 211116.29 | I77: =Commercial!I82*Commercial!$B$5 -> 212977.2 | ... AX77: =Commercial!AX82*Commercial!$B$5 -> 237217.58
A78: Solar Heat | B78: =Commercial!B83*Commercial!$B$5 -> 124278.01 | C78: =Commercial!C83*Commercial!$B$5 -> 124702.98 | D78: =Commercial!D83*Commercial!$B$5 -> 125127.94 | E78: =Commercial!E83*Commercial!$B$5 -> 125552.9 | F78: =Commercial!F83*Commercial!$B$5 -> 126689.67 | G78: =Commercial!G83*Commercial!$B$5 -> 127826.43 | H78: =Commercial!H83*Commercial!$B$5 -> 128963.2 | I78: =Commercial!I83*Commercial!$B$5 -> 130099.96 | ... AX78: =Commercial!AX83*Commercial!$B$5 -> 144907.52
A79: Gas Heat | B79: =Commercial!B84*Commercial!$B$5 -> 96502.49 | C79: =Commercial!C84*Commercial!$B$5 -> 96832.475 | D79: =Commercial!D84*Commercial!$B$5 -> 97162.46 | E79: =Commercial!E84*Commercial!$B$5 -> 97492.445 | F79: =Commercial!F84*Commercial!$B$5 -> 98375.149 | G79: =Commercial!G84*Commercial!$B$5 -> 99257.854 | H79: =Commercial!H84*Commercial!$B$5 -> 100140.56 | I79: =Commercial!I84*Commercial!$B$5 -> 101023.26 | ... AX79: =Commercial!AX84*Commercial!$B$5 -> 112521.4
A80: Kerosene Heat | B80: =Commercial!B85*Commercial!$B$5 -> 6767.6887 | C80: =Commercial!C85*Commercial!$B$5 -> 6790.8304 | D80: =Commercial!D85*Commercial!$B$5 -> 6813.9721 | E80: =Commercial!E85*Commercial!$B$5 -> 6837.1139 | F80: =Commercial!F85*Commercial!$B$5 -> 6899.0176 | G80: =Commercial!G85*Commercial!$B$5 -> 6960.9214 | H80: =Commercial!H85*Commercial!$B$5 -> 7022.8252 | I80: =Commercial!I85*Commercial!$B$5 -> 7084.729 | ... AX80: =Commercial!AX85*Commercial!$B$5 -> 7891.0898
A81: Gasoil Generator | B81: =Commercial!B86*Commercial!$B$5 -> 5175.8737 | C81: =Commercial!C86*Commercial!$B$5 -> 5193.5723 | D81: =Commercial!D86*Commercial!$B$5 -> 5211.2709 | E81: =Commercial!E86*Commercial!$B$5 -> 5228.9695 | F81: =Commercial!F86*Commercial!$B$5 -> 5276.313 | G81: =Commercial!G86*Commercial!$B$5 -> 5323.6565 | H81: =Commercial!H86*Commercial!$B$5 -> 5371 | I81: =Commercial!I86*Commercial!$B$5 -> 5418.3435 | ... AX81: =Commercial!AX86*Commercial!$B$5 -> 6035.0418
A82: Biogasoil Generator | B82: =Commercial!B87*Commercial!$B$5 -> 53061.39 | C82: =Commercial!C87*Commercial!$B$5 -> 53242.83 | D82: =Commercial!D87*Commercial!$B$5 -> 53424.27 | E82: =Commercial!E87*Commercial!$B$5 -> 53605.711 | F82: =Commercial!F87*Commercial!$B$5 -> 54091.061 | G82: =Commercial!G87*Commercial!$B$5 -> 54576.412 | H82: =Commercial!H87*Commercial!$B$5 -> 55061.762 | I82: =Commercial!I87*Commercial!$B$5 -> 55547.113 | ... AX82: =Commercial!AX87*Commercial!$B$5 -> 61869.304
A83: MDF Generator | B83: =Commercial!B88*Commercial!$B$5 -> 46.086082 | C83: =Commercial!C88*Commercial!$B$5 -> 46.243671 | D83: =Commercial!D88*Commercial!$B$5 -> 46.40126 | E83: =Commercial!E88*Commercial!$B$5 -> 46.558848 | F83: =Commercial!F88*Commercial!$B$5 -> 46.980396 | G83: =Commercial!G88*Commercial!$B$5 -> 47.401944 | H83: =Commercial!H88*Commercial!$B$5 -> 47.823491 | I83: =Commercial!I88*Commercial!$B$5 -> 48.245039 | ... AX83: =Commercial!AX88*Commercial!$B$5 -> 53.736132
A84: LPG Heat | B84: =Commercial!B89*Commercial!$B$5 -> 84149.875 | C84: =Commercial!C89*Commercial!$B$5 -> 84437.621 | D84: =Commercial!D89*Commercial!$B$5 -> 84725.366 | E84: =Commercial!E89*Commercial!$B$5 -> 85013.112 | F84: =Commercial!F89*Commercial!$B$5 -> 85782.828 | G84: =Commercial!G89*Commercial!$B$5 -> 86552.543 | H84: =Commercial!H89*Commercial!$B$5 -> 87322.259 | I84: =Commercial!I89*Commercial!$B$5 -> 88091.974 | ... AX84: =Commercial!AX89*Commercial!$B$5 -> 98118.317
A86: Variable: Non Electricity Consumption: Total Final Energy Consumption (Gigajoule)
A87: Scenario: Business as Usual
A88: Branch: Demand\Commercial\Hospital\Class B\Non Electricity Consumption\Biomass Heat
A89: Region: Indonesia
A91: Branch | B91: 2022 | C91: 2023 | D91: 2024 | E91: 2025 | F91: 2026 | G91: 2027 | H91: 2028 | I91: 2029 | J91: 2030 | K91: 2031 | L91: 2032 | M91: 2033 | N91: 2034 | O91: 2035 | P91: 2036 | Q91: 2037 | R91: 2038 | S91: 2039 | T91: 2040 | U91: 2041 | V91: 2042 | W91: 2043 | X91: 2044 | Y91: 2045 | Z91: 2046 | AA91: 2047 | AB91: 2048 | AC91: 2049 | AD91: 2050 | AE91: 2051 | AF91: 2052 | AG91: 2053 | AH91: 2054 | AI91: 2055 | AJ91: 2056 | AK91: 2057 | AL91: 2058 | AM91: 2059 | AN91: 2060 | AO91: =AN91+1 -> 2061 | AP91: =AO91+1 -> 2062 | AQ91: =AP91+1 -> 2063 | AR91: =AQ91+1 -> 2064 | AS91: =AR91+1 -> 2065 | AT91: =AS91+1 -> 2066 | AU91: =AT91+1 -> 2067 | AV91: =AU91+1 -> 2068 | ... AX91: =AW91+1 -> 2070
A92: Biomass Heat | B92: =Commercial!B97*Commercial!$B$5 -> 1031261.1 | C92: =Commercial!C97*Commercial!$B$5 -> 1034787.5 | D92: =Commercial!D97*Commercial!$B$5 -> 1038313.8 | E92: =Commercial!E97*Commercial!$B$5 -> 1041840.1 | F92: =Commercial!F97*Commercial!$B$5 -> 1051273 | G92: =Commercial!G97*Commercial!$B$5 -> 1060705.9 | H92: =Commercial!H97*Commercial!$B$5 -> 1070138.8 | I92: =Commercial!I97*Commercial!$B$5 -> 1079571.8 | ... AX92: =Commercial!AX97*Commercial!$B$5 -> 1202445.1
A93: Solar Heat | B93: =Commercial!B98*Commercial!$B$5 -> 629959.6 | C93: =Commercial!C98*Commercial!$B$5 -> 632113.71 | D93: =Commercial!D98*Commercial!$B$5 -> 634267.82 | E93: =Commercial!E98*Commercial!$B$5 -> 636421.93 | F93: =Commercial!F98*Commercial!$B$5 -> 642184.15 | G93: =Commercial!G98*Commercial!$B$5 -> 647946.36 | H93: =Commercial!H98*Commercial!$B$5 -> 653708.58 | I93: =Commercial!I98*Commercial!$B$5 -> 659470.8 | ... AX93: =Commercial!AX98*Commercial!$B$5 -> 734529.62
A94: Gas Heat | B94: =Commercial!B99*Commercial!$B$5 -> 489166.73 | C94: =Commercial!C99*Commercial!$B$5 -> 490839.41 | D94: =Commercial!D99*Commercial!$B$5 -> 492512.09 | E94: =Commercial!E99*Commercial!$B$5 -> 494184.77 | F94: =Commercial!F99*Commercial!$B$5 -> 498659.15 | G94: =Commercial!G99*Commercial!$B$5 -> 503133.54 | H94: =Commercial!H99*Commercial!$B$5 -> 507607.93 | I94: =Commercial!I99*Commercial!$B$5 -> 512082.32 | ... AX94: =Commercial!AX99*Commercial!$B$5 -> 570365.87
A95: Kerosene Heat | B95: =Commercial!B100*Commercial!$B$5 -> 34305.106 | C95: =Commercial!C100*Commercial!$B$5 -> 34422.41 | D95: =Commercial!D100*Commercial!$B$5 -> 34539.715 | E95: =Commercial!E100*Commercial!$B$5 -> 34657.019 | F95: =Commercial!F100*Commercial!$B$5 -> 34970.807 | G95: =Commercial!G100*Commercial!$B$5 -> 35284.594 | H95: =Commercial!H100*Commercial!$B$5 -> 35598.382 | I95: =Commercial!I100*Commercial!$B$5 -> 35912.169 | ... AX95: =Commercial!AX100*Commercial!$B$5 -> 39999.575
A96: Gasoil Generator | B96: =Commercial!B101*Commercial!$B$5 -> 26236.268 | C96: =Commercial!C101*Commercial!$B$5 -> 26325.982 | D96: =Commercial!D101*Commercial!$B$5 -> 26415.695 | E96: =Commercial!E101*Commercial!$B$5 -> 26505.408 | F96: =Commercial!F101*Commercial!$B$5 -> 26745.391 | G96: =Commercial!G101*Commercial!$B$5 -> 26985.373 | H96: =Commercial!H101*Commercial!$B$5 -> 27225.355 | I96: =Commercial!I101*Commercial!$B$5 -> 27465.337 | ... AX96: =Commercial!AX101*Commercial!$B$5 -> 30591.352
A97: Biogasoil Generator | B97: =Commercial!B102*Commercial!$B$5 -> 268965.77 | C97: =Commercial!C102*Commercial!$B$5 -> 269885.48 | D97: =Commercial!D102*Commercial!$B$5 -> 270805.2 | E97: =Commercial!E102*Commercial!$B$5 -> 271724.91 | F97: =Commercial!F102*Commercial!$B$5 -> 274185.13 | G97: =Commercial!G102*Commercial!$B$5 -> 276645.35 | H97: =Commercial!H102*Commercial!$B$5 -> 279105.57 | I97: =Commercial!I102*Commercial!$B$5 -> 281565.79 | ... AX97: =Commercial!AX102*Commercial!$B$5 -> 313612.69
A98: MDF Generator | B98: =Commercial!B103*Commercial!$B$5 -> 233.60825 | C98: =Commercial!C103*Commercial!$B$5 -> 234.40706 | D98: =Commercial!D103*Commercial!$B$5 -> 235.20587 | E98: =Commercial!E103*Commercial!$B$5 -> 236.00468 | F98: =Commercial!F103*Commercial!$B$5 -> 238.14149 | G98: =Commercial!G103*Commercial!$B$5 -> 240.2783 | H98: =Commercial!H103*Commercial!$B$5 -> 242.4151 | I98: =Commercial!I103*Commercial!$B$5 -> 244.55191 | ... AX98: =Commercial!AX103*Commercial!$B$5 -> 272.38601
A99: LPG Heat | B99: =Commercial!B104*Commercial!$B$5 -> 426551.89 | C99: =Commercial!C104*Commercial!$B$5 -> 428010.46 | D99: =Commercial!D104*Commercial!$B$5 -> 429469.03 | E99: =Commercial!E104*Commercial!$B$5 -> 430927.6 | F99: =Commercial!F104*Commercial!$B$5 -> 434829.25 | G99: =Commercial!G104*Commercial!$B$5 -> 438730.9 | H99: =Commercial!H104*Commercial!$B$5 -> 442632.56 | I99: =Commercial!I104*Commercial!$B$5 -> 446534.21 | ... AX99: =Commercial!AX104*Commercial!$B$5 -> 497357.28
A101: Variable: Non Electricity Consumption: Total Final Energy Consumption (Gigajoule)
A102: Scenario: Business as Usual
A103: Branch: Demand\Commercial\Hospital\Class C\Non Electricity Consumption\Biomass Heat
A104: Region: Indonesia
A106: Branch | B106: 2022 | C106: 2023 | D106: 2024 | E106: 2025 | F106: 2026 | G106: 2027 | H106: 2028 | I106: 2029 | J106: 2030 | K106: 2031 | L106: 2032 | M106: 2033 | N106: 2034 | O106: 2035 | P106: 2036 | Q106: 2037 | R106: 2038 | S106: 2039 | T106: 2040 | U106: 2041 | V106: 2042 | W106: 2043 | X106: 2044 | Y106: 2045 | Z106: 2046 | AA106: 2047 | AB106: 2048 | AC106: 2049 | AD106: 2050 | AE106: 2051 | AF106: 2052 | AG106: 2053 | AH106: 2054 | AI106: 2055 | AJ106: 2056 | AK106: 2057 | AL106: 2058 | AM106: 2059 | AN106: 2060 | AO106: =AN106+1 -> 2061 | AP106: =AO106+1 -> 2062 | AQ106: =AP106+1 -> 2063 | AR106: =AQ106+1 -> 2064 | AS106: =AR106+1 -> 2065 | AT106: =AS106+1 -> 2066 | AU106: =AT106+1 -> 2067 | AV106: =AU106+1 -> 2068 | ... AX106: =AW106+1 -> 2070
A107: Biomass Heat | B107: =Commercial!B112*Commercial!$B$5 -> 664472.19 | C107: =Commercial!C112*Commercial!$B$5 -> 666744.31 | D107: =Commercial!D112*Commercial!$B$5 -> 669016.44 | E107: =Commercial!E112*Commercial!$B$5 -> 671288.56 | F107: =Commercial!F112*Commercial!$B$5 -> 677366.46 | G107: =Commercial!G112*Commercial!$B$5 -> 683444.36 | H107: =Commercial!H112*Commercial!$B$5 -> 689522.27 | I107: =Commercial!I112*Commercial!$B$5 -> 695600.17 | ... AX107: =Commercial!AX112*Commercial!$B$5 -> 774771.12
A108: Solar Heat | B108: =Commercial!B113*Commercial!$B$5 -> 405901.69 | C108: =Commercial!C113*Commercial!$B$5 -> 407289.65 | D108: =Commercial!D113*Commercial!$B$5 -> 408677.61 | E108: =Commercial!E113*Commercial!$B$5 -> 410065.57 | F108: =Commercial!F113*Commercial!$B$5 -> 413778.33 | G108: =Commercial!G113*Commercial!$B$5 -> 417491.1 | H108: =Commercial!H113*Commercial!$B$5 -> 421203.87 | I108: =Commercial!I113*Commercial!$B$5 -> 424916.63 | ... AX108: =Commercial!AX113*Commercial!$B$5 -> 473279.26
A109: Gas Heat | B109: =Commercial!B114*Commercial!$B$5 -> 315184.66 | C109: =Commercial!C114*Commercial!$B$5 -> 316262.42 | D109: =Commercial!D114*Commercial!$B$5 -> 317340.18 | E109: =Commercial!E114*Commercial!$B$5 -> 318417.93 | F109: =Commercial!F114*Commercial!$B$5 -> 321300.91 | G109: =Commercial!G114*Commercial!$B$5 -> 324183.9 | H109: =Commercial!H114*Commercial!$B$5 -> 327066.88 | I109: =Commercial!I114*Commercial!$B$5 -> 329949.86 | ... AX109: =Commercial!AX114*Commercial!$B$5 -> 367503.68
A110: Kerosene Heat | B110: =Commercial!B115*Commercial!$B$5 -> 22103.799 | C110: =Commercial!C115*Commercial!$B$5 -> 22179.382 | D110: =Commercial!D115*Commercial!$B$5 -> 22254.965 | E110: =Commercial!E115*Commercial!$B$5 -> 22330.547 | F110: =Commercial!F115*Commercial!$B$5 -> 22532.73 | G110: =Commercial!G115*Commercial!$B$5 -> 22734.913 | H110: =Commercial!H115*Commercial!$B$5 -> 22937.095 | I110: =Commercial!I115*Commercial!$B$5 -> 23139.278 | ... AX110: =Commercial!AX115*Commercial!$B$5 -> 25772.915
A111: Gasoil Generator | B111: =Commercial!B116*Commercial!$B$5 -> 16904.807 | C111: =Commercial!C116*Commercial!$B$5 -> 16962.612 | D111: =Commercial!D116*Commercial!$B$5 -> 17020.417 | E111: =Commercial!E116*Commercial!$B$5 -> 17078.222 | F111: =Commercial!F116*Commercial!$B$5 -> 17232.85 | G111: =Commercial!G116*Commercial!$B$5 -> 17387.478 | H111: =Commercial!H116*Commercial!$B$5 -> 17542.105 | I111: =Commercial!I116*Commercial!$B$5 -> 17696.733 | ... AX111: =Commercial!AX116*Commercial!$B$5 -> 19710.918
A112: Biogasoil Generator | B112: =Commercial!B117*Commercial!$B$5 -> 173302.64 | C112: =Commercial!C117*Commercial!$B$5 -> 173895.24 | D112: =Commercial!D117*Commercial!$B$5 -> 174487.84 | E112: =Commercial!E117*Commercial!$B$5 -> 175080.43 | F112: =Commercial!F117*Commercial!$B$5 -> 176665.63 | G112: =Commercial!G117*Commercial!$B$5 -> 178250.82 | H112: =Commercial!H117*Commercial!$B$5 -> 179836.01 | I112: =Commercial!I117*Commercial!$B$5 -> 181421.2 | ... AX112: =Commercial!AX117*Commercial!$B$5 -> 202069.98
A113: MDF Generator | B113: =Commercial!B118*Commercial!$B$5 -> 150.52074 | C113: =Commercial!C118*Commercial!$B$5 -> 151.03544 | D113: =Commercial!D118*Commercial!$B$5 -> 151.55014 | E113: =Commercial!E118*Commercial!$B$5 -> 152.06483 | F113: =Commercial!F118*Commercial!$B$5 -> 153.44164 | G113: =Commercial!G118*Commercial!$B$5 -> 154.81845 | H113: =Commercial!H118*Commercial!$B$5 -> 156.19525 | I113: =Commercial!I118*Commercial!$B$5 -> 157.57206 | ... AX113: =Commercial!AX118*Commercial!$B$5 -> 175.5064
A114: LPG Heat | B114: =Commercial!B119*Commercial!$B$5 -> 274840.06 | C114: =Commercial!C119*Commercial!$B$5 -> 275779.86 | D114: =Commercial!D119*Commercial!$B$5 -> 276719.66 | E114: =Commercial!E119*Commercial!$B$5 -> 277659.46 | F114: =Commercial!F119*Commercial!$B$5 -> 280173.41 | G114: =Commercial!G119*Commercial!$B$5 -> 282687.36 | H114: =Commercial!H119*Commercial!$B$5 -> 285201.31 | I114: =Commercial!I119*Commercial!$B$5 -> 287715.26 | ... AX114: =Commercial!AX119*Commercial!$B$5 -> 320462.08
A116: Variable: Non Electricity Consumption: Total Final Energy Consumption (Gigajoule)
...

Sheet Electricity
A1: Variable: Electric Appliances: Total Final Energy Consumption (Million Gigajoule)
A2: Scenario: Business as Usual
A3: Branch: Demand\Commercial\Office\Conventional Office\Electric Appliances\Air Conditioner
A4: Region: Indonesia
A5: Million Gigajoule to Gigajoule | B5: 1000000
A6: Branch | B6: 2022 | C6: 2023 | D6: 2024 | E6: 2025 | F6: 2026 | G6: 2027 | H6: 2028 | I6: 2029 | J6: 2030 | K6: 2031 | L6: 2032 | M6: 2033 | N6: 2034 | O6: 2035 | P6: 2036 | Q6: 2037 | R6: 2038 | S6: 2039 | T6: 2040 | U6: 2041 | V6: 2042 | W6: 2043 | X6: 2044 | Y6: 2045 | Z6: 2046 | AA6: 2047 | AB6: 2048 | AC6: 2049 | AD6: 2050 | AE6: 2051 | AF6: 2052 | AG6: 2053 | AH6: 2054 | AI6: 2055 | AJ6: 2056 | AK6: 2057 | AL6: 2058 | AM6: 2059 | AN6: 2060 | AO6: =AN6+1 -> 2061 | AP6: =AO6+1 -> 2062 | AQ6: =AP6+1 -> 2063 | AR6: =AQ6+1 -> 2064 | AS6: =AR6+1 -> 2065 | AT6: =AS6+1 -> 2066 | AU6: =AT6+1 -> 2067 | AV6: =AU6+1 -> 2068 | ... AX6: =AW6+1 -> 2070
A7: Air Conditioner | B7: 45.305693 | C7: 47.574826 | D7: 48.03712 | E7: 48.501453 | F7: 49.244504 | G7: 49.993009 | H7: 50.746968 | I7: 51.506382 | J7: 52.271249 | K7: 52.968655 | L7: 53.670642 | M7: 54.37721 | N7: 55.088359 | O7: 55.804089 | P7: 56.448434 | Q7: 57.096477 | R7: 57.748217 | S7: 58.403656 | T7: 59.062792 | U7: 59.649168 | V7: 60.238379 | W7: 60.830423 | X7: 61.425301 | Y7: 62.023013 | Z7: 62.548129 | AA7: 63.075251 | AB7: 63.604377 | AC7: 64.135509 | AD7: 64.668646 | AE7: 65.016264 | AF7: 65.363882 | AG7: 65.7115 | AH7: 66.059118 | AI7: 66.406736 | AJ7: 66.754354 | AK7: 67.101972 | AL7: 67.44959 | AM7: 67.797207 | AN7: 68.144825 | AO7: =(AN7+AN7*$AN$11) -> 68.494226 | AP7: =(AO7+AO7*$AN$11) -> 68.845417 | AQ7: =(AP7+AP7*$AN$11) -> 69.19841 | AR7: =(AQ7+AQ7*$AN$11) -> 69.553212 | AS7: =(AR7+AR7*$AN$11) -> 69.909834 | AT7: =(AS7+AS7*$AN$11) -> 70.268284 | AU7: =(AT7+AT7*$AN$11) -> 70.628571 | AV7: =(AU7+AU7*$AN$11) -> 70.990707 | ... AX7: =(AW7+AW7*$AN$11) -> 71.720557
A8: Lighting and Electronics | B8: 17.669927 | C8: 18.554924 | D8: 18.735226 | E8: 18.916323 | F8: 19.206125 | G8: 19.498054 | H8: 19.792109 | I8: 20.088292 | J8: 20.386602 | K8: 20.658602 | L8: 20.932388 | M8: 21.20796 | N8: 21.485319 | O8: 21.764465 | P8: 22.01577 | Q8: 22.268517 | R8: 22.522706 | S8: 22.778337 | T8: 23.03541 | U8: 23.264106 | V8: 23.493907 | W8: 23.724814 | X8: 23.956826 | Y8: 24.189943 | Z8: 24.394746 | AA8: 24.600332 | AB8: 24.806699 | AC8: 25.013849 | AD8: 25.221781 | AE8: 25.357357 | AF8: 25.492934 | AG8: 25.62851 | AH8: 25.764087 | AI8: 25.899663 | AJ8: 26.035239 | AK8: 26.170816 | AL8: 26.306392 | AM8: 26.441969 | AN8: 26.577545 | AO8: =(AN8+AN8*$AN$11) -> 26.713817 | AP8: =(AO8+AO8*$AN$11) -> 26.850787 | AQ8: =(AP8+AP8*$AN$11) -> 26.988459 | AR8: =(AQ8+AQ8*$AN$11) -> 27.126838 | AS8: =(AR8+AR8*$AN$11) -> 27.265926 | AT8: =(AS8+AS8*$AN$11) -> 27.405727 | AU8: =(AT8+AT8*$AN$11) -> 27.546245 | AV8: =(AU8+AU8*$AN$11) -> 27.687483 | ... AX8: =(AW8+AW8*$AN$11) -> 27.972136
A9: Elevator or Escalator | B9: 4.8062202 | C9: 5.0469395 | D9: 5.0959815 | E9: 5.1452399 | F9: 5.2240659 | G9: 5.3034706 | H9: 5.3834537 | I9: 5.4640155 | J9: 5.5451559 | K9: 5.6191397 | L9: 5.6936095 | M9: 5.7685652 | N9: 5.8440069 | O9: 5.9199345 | P9: 5.9882894 | Q9: 6.0570365 | R9: 6.126176 | S9: 6.1957076 | T9: 6.2656316 | U9: 6.3278369 | V9: 6.3903428 | W9: 6.4531494 | X9: 6.5162566 | Y9: 6.5796644 | Z9: 6.635371 | AA9: 6.6912903 | AB9: 6.7474223 | AC9: 6.803767 | AD9: 6.8603244 | AE9: 6.8972012 | AF9: 6.934078 | AG9: 6.9709548 | AH9: 7.0078315 | AI9: 7.0447083 | AJ9: 7.0815851 | AK9: 7.1184619 | AL9: 7.1553387 | AM9: 7.1922155 | AN9: 7.2290922 | AO9: =(AN9+AN9*$AN$11) -> 7.2661581 | AP9: =(AO9+AO9*$AN$11) -> 7.303414 | AQ9: =(AP9+AP9*$AN$11) -> 7.3408609 | AR9: =(AQ9+AQ9*$AN$11) -> 7.3784999 | AS9: =(AR9+AR9*$AN$11) -> 7.4163318 | AT9: =(AS9+AS9*$AN$11) -> 7.4543577 | AU9: =(AT9+AT9*$AN$11) -> 7.4925786 | AV9: =(AU9+AU9*$AN$11) -> 7.5309954 | ... AX9: =(AW9+AW9*$AN$11) -> 7.608421
A10: Other Electricity Use | B10: 2.8978681 | C10: 3.0430076 | D10: 3.0725771 | E10: 3.102277 | F10: 3.1498045 | G10: 3.1976808 | H10: 3.2459059 | I10: 3.2944799 | J10: 3.3434028 | K10: 3.3880107 | L10: 3.4329116 | M10: 3.4781055 | N10: 3.5235924 | O10: 3.5693723 | P10: 3.6105863 | Q10: 3.6520367 | R10: 3.6937237 | S10: 3.7356472 | T10: 3.7778073 | U10: 3.8153134 | V10: 3.8530008 | W10: 3.8908695 | X10: 3.9289194 | Y10: 3.9671506 | Z10: 4.0007384 | AA10: 4.0344544 | AB10: 4.0682987 | AC10: 4.1022713 | AD10: 4.1363721 | AE10: 4.1586066 | AF10: 4.1808411 | AG10: 4.2030757 | AH10: 4.2253102 | AI10: 4.2475447 | AJ10: 4.2697793 | AK10: 4.2920138 | AL10: 4.3142483 | AM10: 4.3364828 | AN10: 4.3587174 | AO10: =(AN10+AN10*$AN$11) -> 4.3810659 | AP10: =(AO10+AO10*$AN$11) -> 4.403529 | AQ10: =(AP10+AP10*$AN$11) -> 4.4261073 | AR10: =(AQ10+AQ10*$AN$11) -> 4.4488014 | AS10: =(AR10+AR10*$AN$11) -> 4.4716118 | AT10: =(AS10+AS10*$AN$11) -> 4.4945392 | AU10: =(AT10+AT10*$AN$11) -> 4.5175841 | AV10: =(AU10+AU10*$AN$11) -> 4.5407472 | ... AX10: =(AW10+AW10*$AN$11) -> 4.5874303
AM11: Growth rate | AN11: =(AN7-AM7)/AM7 -> 0.0051273188
A12: Variable: Electric Appliances: Total Final Energy Consumption (Million Gigajoule) | AM12: Growth rate | AN12: =(AN8-AM8)/AM8 -> 0.0051273188
A13: Scenario: Business as Usual | AM13: Growth rate | AN13: =(AN9-AM9)/AM9 -> 0.0051273188
A14: Branch: Demand\Commercial\Hotel\Five Star\Electric Appliances\Air Conditioner | AM14: Growth rate | AN14: =(AN10-AM10)/AM10 -> 0.0051273188
A15: Region: Indonesia
A16: Million Gigajoule to Gigajoule | B16: 1000000
A17: Branch | B17: 2022 | C17: 2023 | D17: 2024 | E17: 2025 | F17: 2026 | G17: 2027 | H17: 2028 | I17: 2029 | J17: 2030 | K17: 2031 | L17: 2032 | M17: 2033 | N17: 2034 | O17: 2035 | P17: 2036 | Q17: 2037 | R17: 2038 | S17: 2039 | T17: 2040 | U17: 2041 | V17: 2042 | W17: 2043 | X17: 2044 | Y17: 2045 | Z17: 2046 | AA17: 2047 | AB17: 2048 | AC17: 2049 | AD17: 2050 | AE17: 2051 | AF17: 2052 | AG17: 2053 | AH17: 2054 | AI17: 2055 | AJ17: 2056 | AK17: 2057 | AL17: 2058 | AM17: 2059 | AN17: 2060 | AO17: =AN17+1 -> 2061 | AP17: =AO17+1 -> 2062 | AQ17: =AP17+1 -> 2063 | AR17: =AQ17+1 -> 2064 | AS17: =AR17+1 -> 2065 | AT17: =AS17+1 -> 2066 | AU17: =AT17+1 -> 2067 | AV17: =AU17+1 -> 2068 | ... AX17: =AW17+1 -> 2070
A18: Air Conditioner | B18: 2.3983642 | C18: 2.5548925 | D18: 2.7216367 | E18: 2.8992633 | F18: 3.0884826 | G18: 3.2900512 | H18: 3.5047752 | I18: 3.7335131 | J18: 3.9771794 | K18: 4.2367485 | L18: 4.5132583 | M18: 4.8078145 | N18: 5.1215947 | O18: 5.4558537 | P18: 5.8119279 | Q18: 6.1912412 | R18: 6.5953103 | S18: 7.0257507 | T18: 7.4842837 | U18: 7.9727427 | V18: 8.4930808 | W18: 9.0473785 | X18: 9.6378523 | Y18: 10.266863 | Z18: 10.936926 | AA18: 11.650721 | AB18: 12.4111 | AC18: 13.221106 | AD18: 14.083977 | AE18: 15.003162 | AF18: 15.982338 | AG18: 17.02542 | AH18: 18.136577 | AI18: 19.320254 | AJ18: 20.581183 | AK18: 21.924407 | AL18: 23.355295 | AM18: 24.879569 | AN18: 26.503325 | AO18: =(AN18+AN18*$AN$22) -> 28.233055 | AP18: =(AO18+AO18*$AN$22) -> 30.075675 | AQ18: =(AP18+AP18*$AN$22) -> 32.038552 | AR18: =(AQ18+AQ18*$AN$22) -> 34.129537 | AS18: =(AR18+AR18*$AN$22) -> 36.356988 | AT18: =(AS18+AS18*$AN$22) -> 38.729813 | AU18: =(AT18+AT18*$AN$22) -> 41.2575 | AV18: =(AU18+AU18*$AN$22) -> 43.950155 | ... AX18: =(AW18+AW18*$AN$22) -> 49.874141
A19: Lighting and Electronics | B19: 0.74881054 | C19: 0.79768138 | D19: 0.84974176 | E19: 0.90519984 | F19: 0.96427737 | G19: 1.0272106 | H19: 1.0942511 | I19: 1.165667 | J19: 1.2417438 | K19: 1.3227857 | L19: 1.4091169 | M19: 1.5010823 | N19: 1.5990499 | O19: 1.7034113 | P19: 1.8145838 | Q19: 1.933012 | R19: 2.0591693 | S19: 2.1935602 | T19: 2.3367221 | U19: 2.4892274 | V19: 2.6516859 | W19: 2.8247471 | X19: 3.0091032 | Y19: 3.2054912 | Z19: 3.4146964 | AA19: 3.6375553 | AB19: 3.874959 | AC19: 4.1278567 | AD19: 4.3972598 | AE19: 4.6842453 | AF19: 4.9899608 | AG19: 5.3156287 | AH19: 5.6625513 | AI19: 6.0321156 | AJ19: 6.4257993 | AK19: 6.8451767 | AL19: 7.2919246 | AM19: 7.7678294 | AN19: 8.2747939 | AO19: =(AN19+AN19*$AN$22) -> 8.8148452 | AP19: =(AO19+AO19*$AN$22) -> 9.3901428 | AQ19: =(AP19+AP19*$AN$22) -> 10.002987 | AR19: =(AQ19+AQ19*$AN$22) -> 10.655828 | AS19: =(AR19+AR19*$AN$22) -> 11.351277 | AT19: =(AS19+AS19*$AN$22) -> 12.092114 | AU19: =(AT19+AT19*$AN$22) -> 12.881301 | AV19: =(AU19+AU19*$AN$22) -> 13.721994 | ... AX19: =(AW19+AW19*$AN$22) -> 15.571564
A20: Elevator or Escalator | B20: 0.22428142 | C20: 0.23891906 | D20: 0.25451202 | E20: 0.27112266 | F20: 0.28881738 | G20: 0.30766693 | H20: 0.3277467 | I20: 0.34913697 | J20: 0.37192326 | K20: 0.3961967 | L20: 0.42205432 | M20: 0.44959954 | N20: 0.47894249 | O20: 0.51020049 | P20: 0.54349854 | Q20: 0.57896977 | R20: 0.61675601 | S20: 0.65700836 | T20: 0.69988777 | U20: 0.74556568 | V20: 0.79422475 | W20: 0.84605953 | X20: 0.90127729 | Y20: 0.96009882 | Z20: 1.0227593 | AA20: 1.0895093 | AB20: 1.1606157 | AC20: 1.2363629 | AD20: 1.3170536 | AE20: 1.4030107 | AF20: 1.4945776 | AG20: 1.5921207 | AH20: 1.6960298 | AI20: 1.8067206 | AJ20: 1.9246355 | AK20: 2.0502462 | AL20: 2.1840547 | AM20: 2.3265962 | AN20: 2.4784407 | AO20: =(AN20+AN20*$AN$22) -> 2.6401952 | AP20: =(AO20+AO20*$AN$22) -> 2.8125065 | AQ20: =(AP20+AP20*$AN$22) -> 2.9960637 | AR20: =(AQ20+AQ20*$AN$22) -> 3.1916007 | AS20: =(AR20+AR20*$AN$22) -> 3.3998993 | AT20: =(AS20+AS20*$AN$22) -> 3.6217925 | AU20: =(AT20+AT20*$AN$22) -> 3.8581674 | AV20: =(AU20+AU20*$AN$22) -> 4.1099693 | ... AX20: =(AW20+AW20*$AN$22) -> 4.6639468
A21: Other Electricity Use | B21: 0.24598607 | C21: 0.26204026 | D21: 0.27914222 | E21: 0.29736033 | F21: 0.31676744 | G21: 0.33744115 | H21: 0.35946412 | I21: 0.38292442 | J21: 0.40791584 | K21: 0.43453831 | L21: 0.46289829 | M21: 0.49310918 | N21: 0.52529176 | O21: 0.55957473 | P21: 0.59609517 | Q21: 0.6349991 | R21: 0.67644208 | S21: 0.72058982 | T21: 0.76761884 | U21: 0.8177172 | V21: 0.87108521 | W21: 0.92793626 | X21: 0.98849767 | Y21: 1.0530116 | Z21: 1.121736 | AA21: 1.1949457 | AB21: 1.2729334 | AC21: 1.3560109 | AD21: 1.4445105 | AE21: 1.5387859 | AF21: 1.6392142 | AG21: 1.7461969 | AH21: 1.8601618 | AI21: 1.9815645 | AJ21: 2.1108906 | AK21: 2.2486571 | AL21: 2.3954149 | AM21: 2.5517507 | AN21: 2.7182898 | AO21: =(AN21+AN21*$AN$22) -> 2.8956979 | AP21: =(AO21+AO21*$AN$22) -> 3.0846846 | AQ21: =(AP21+AP21*$AN$22) -> 3.2860054 | AR21: =(AQ21+AQ21*$AN$22) -> 3.5004653 | AS21: =(AR21+AR21*$AN$22) -> 3.7289218 | AT21: =(AS21+AS21*$AN$22) -> 3.9722885 | AU21: =(AT21+AT21*$AN$22) -> 4.2315385 | AV21: =(AU21+AU21*$AN$22) -> 4.5077082 | ... AX21: =(AW21+AW21*$AN$22) -> 5.1152965
AM22: Growth rate | AN22: =(AN18-AM18)/AM18 -> 0.065264627
A23: Variable: Electric Appliances: Total Final Energy Consumption (Million Gigajoule) | AM23: Growth rate | AN23: =(AN19-AM19)/AM19 -> 0.065264627
A24: Scenario: Business as Usual | AM24: Growth rate | AN24: =(AN20-AM20)/AM20 -> 0.065264627
A25: Branch: Demand\Commercial\Hotel\Four Star\Electric Appliances\Air Conditioner | AM25: Growth rate | AN25: =(AN21-AM21)/AM21 -> 0.065264627
A26: Region: Indonesia
A27: Million Gigajoule to Gigajoule | B27: 1000000
A28: Branch | B28: 2022 | C28: 2023 | D28: 2024 | E28: 2025 | F28: 2026 | G28: 2027 | H28: 2028 | I28: 2029 | J28: 2030 | K28: 2031 | L28: 2032 | M28: 2033 | N28: 2034 | O28: 2035 | P28: 2036 | Q28: 2037 | R28: 2038 | S28: 2039 | T28: 2040 | U28: 2041 | V28: 2042 | W28: 2043 | X28: 2044 | Y28: 2045 | Z28: 2046 | AA28: 2047 | AB28: 2048 | AC28: 2049 | AD28: 2050 | AE28: 2051 | AF28: 2052 | AG28: 2053 | AH28: 2054 | AI28: 2055 | AJ28: 2056 | AK28: 2057 | AL28: 2058 | AM28: 2059 | AN28: 2060 | AO28: =AN28+1 -> 2061 | AP28: =AO28+1 -> 2062 | AQ28: =AP28+1 -> 2063 | AR28: =AQ28+1 -> 2064 | AS28: =AR28+1 -> 2065 | AT28: =AS28+1 -> 2066 | AU28: =AT28+1 -> 2067 | AV28: =AU28+1 -> 2068 | ... AX28: =AW28+1 -> 2070
A29: Air Conditioner | B29: 5.2568266 | C29: 5.5999114 | D29: 5.9653876 | E29: 6.3547164 | F29: 6.7694545 | G29: 7.2112605 | H29: 7.6819007 | I29: 8.1832571 | J29: 8.7173343 | K29: 9.2862679 | L29: 9.8923327 | M29: 10.537952 | N29: 11.225708 | O29: 11.958349 | P29: 12.738806 | Q29: 13.5702 | R29: 14.455854 | S29: 15.39931 | T29: 16.40434 | U29: 17.474963 | V29: 18.61546 | W29: 19.830391 | X29: 21.124614 | Y29: 22.503304 | Z29: 23.971974 | AA29: 25.536496 | AB29: 27.203126 | AC29: 28.978528 | AD29: 30.869801 | AE29: 32.884507 | AF29: 35.030702 | AG29: 37.316967 | AH29: 39.752445 | AI29: 42.346874 | AJ29: 45.110627 | AK29: 48.054755 | AL29: 51.191031 | AM29: 54.531994 | AN29: 58.091004 | AO29: =(AN29+AN29*$AN$33) -> 61.882292 | AP29: =(AO29+AO29*$AN$33) -> 65.921017 | AQ29: =(AP29+AP29*$AN$33) -> 70.223327 | AR29: =(AQ29+AQ29*$AN$33) -> 74.806427 | AS29: =(AR29+AR29*$AN$33) -> 79.68864 | AT29: =(AS29+AS29*$AN$33) -> 84.88949 | AU29: =(AT29+AT29*$AN$33) -> 90.429771 | AV29: =(AU29+AU29*$AN$33) -> 96.331636 | ... AX29: =(AW29+AW29*$AN$33) -> 109.31605
A30: Lighting and Electronics | B30: 1.6412717 | C30: 1.7483886 | D30: 1.8624966 | E30: 1.9840517 | F30: 2.1135401 | G30: 2.2514795 | H30: 2.3984215 | I30: 2.5549536 | J30: 2.7217017 | K30: 2.8993325 | L30: 3.0885564 | M30: 3.2901298 | N30: 3.5048589 | O30: 3.7336022 | P30: 3.9772744 | Q30: 4.2368497 | R30: 4.5133662 | S30: 4.8079293 | T30: 5.121717 | U30: 5.455984 | V30: 5.8120667 | W30: 6.1913891 | X30: 6.5954678 | Y30: 7.0259185 | Z30: 7.4844625 | AA30: 7.9729332 | AB30: 8.4932837 | AC30: 9.0475946 | AD30: 9.6380825 | AE30: 10.267108 | AF30: 10.937187 | AG30: 11.650999 | AH30: 12.411397 | AI30: 13.221422 | AJ30: 14.084313 | AK30: 15.003521 | AL30: 15.98272 | AM30: 17.025826 | AN30: 18.13701 | AO30: =(AN30+AN30*$AN$33) -> 19.320716 | AP30: =(AO30+AO30*$AN$33) -> 20.581675 | AQ30: =(AP30+AP30*$AN$33) -> 21.92493 | AR30: =(AQ30+AQ30*$AN$33) -> 23.355853 | AS30: =(AR30+AR30*$AN$33) -> 24.880164 | AT30: =(AS30+AS30*$AN$33) -> 26.503958 | AU30: =(AT30+AT30*$AN$33) -> 28.233729 | AV30: =(AU30+AU30*$AN$33) -> 30.076393 | ... AX30: =(AW30+AW30*$AN$33) -> 34.130352
A31: Elevator or Escalator | B31: 0.49158861 | C31: 0.52367196 | D31: 0.55784921 | E31: 0.59425703 | F31: 0.633041 | G31: 0.67435618 | H31: 0.71836779 | I31: 0.76525179 | J31: 0.81519567 | K31: 0.86839911 | L31: 0.92507485 | M31: 0.98544952 | N31: 1.0497645 | O31: 1.118277 | P31: 1.1912609 | Q31: 1.2690081 | R31: 1.3518295 | S31: 1.4400561 | T31: 1.5340408 | U31: 1.6341595 | V31: 1.7408123 | W31: 1.8544257 | X31: 1.9754541 | Y31: 2.1043814 | Z31: 2.2417231 | AA31: 2.3880283 | AB31: 2.5438821 | AC31: 2.7099076 | AD31: 2.8867687 | AE31: 3.0751726 | AF31: 3.2758726 | AG31: 3.4896712 | AH31: 3.7174232 | AI31: 3.9600395 | AJ31: 4.21849 | AK31: 4.4938082 | AL31: 4.7870949 | AM31: 5.0995228 | AN31: 5.4323413 | AO31: =(AN31+AN31*$AN$33) -> 5.786881 | AP31: =(AO31+AO31*$AN$33) -> 6.1645596 | AQ31: =(AP31+AP31*$AN$33) -> 6.5668873 | AR31: =(AQ31+AQ31*$AN$33) -> 6.9954728 | AS31: =(AR31+AR31*$AN$33) -> 7.4520297 | AT31: =(AS31+AS31*$AN$33) -> 7.9383836 | AU31: =(AT31+AT31*$AN$33) -> 8.4564793 | AV31: =(AU31+AU31*$AN$33) -> 9.0083883 | ... AX31: =(AW31+AW31*$AN$33) -> 10.222617
A32: Other Electricity Use | B32: 0.5391617 | C32: 0.57434989 | D32: 0.61183462 | E32: 0.65176578 | F32: 0.69430303 | G32: 0.73961646 | H32: 0.78788725 | I32: 0.83930842 | J32: 0.89408557 | K32: 0.95243773 | L32: 1.0145982 | M32: 1.0808156 | N32: 1.1513546 | O32: 1.2264974 | P32: 1.3065442 | Q32: 1.3918154 | R32: 1.4826517 | S32: 1.5794164 | T32: 1.6824964 | U32: 1.7923039 | V32: 1.909278 | W32: 2.0338863 | X32: 2.1666271 | Y32: 2.3080312 | Z32: 2.458664 | AA32: 2.6191278 | AB32: 2.7900642 | AC32: 2.9721567 | AD32: 3.1661334 | AE32: 3.3727699 | AF32: 3.5928925 | AG32: 3.8273813 | AH32: 4.0771739 | AI32: 4.3432691 | AJ32: 4.6267309 | AK32: 4.9286928 | AL32: 5.2503621 | AM32: 5.593025 | AN32: 5.9580517 | AO32: =(AN32+AN32*$AN$33) -> 6.3469018 | AP32: =(AO32+AO32*$AN$33) -> 6.7611299 | AQ32: =(AP32+AP32*$AN$33) -> 7.2023926 | AR32: =(AQ32+AQ32*$AN$33) -> 7.672454 | AS32: =(AR32+AR32*$AN$33) -> 8.1731939 | AT32: =(AS32+AS32*$AN$33) -> 8.7066143 | AU32: =(AT32+AT32*$AN$33) -> 9.2748483 | AV32: =(AU32+AU32*$AN$33) -> 9.8801678 | ... AX32: =(AW32+AW32*$AN$33) -> 11.211903
AM33: Growth rate | AN33: =(AN29-AM29)/AM29 -> 0.065264627
A34: Variable: Electric Appliances: Total Final Energy Consumption (Million Gigajoule) | AM34: Growth rate | AN34: =(AN30-AM30)/AM30 -> 0.065264627
A35: Scenario: Business as Usual | AM35: Growth rate | AN35: =(AN31-AM31)/AM31 -> 0.065264627
A36: Branch: Demand\Commercial\Hotel\Three Star\Electric Appliances\Air Conditioner | AM36: Growth rate | AN36: =(AN32-AM32)/AM32 -> 0.065264627
A37: Region: Indonesia
A38: Million Gigajoule to Gigajoule | B38: 1000000
A39: Branch | B39: 2022 | C39: 2023 | D39: 2024 | E39: 2025 | F39: 2026 | G39: 2027 | H39: 2028 | I39: 2029 | J39: 2030 | K39: 2031 | L39: 2032 | M39: 2033 | N39: 2034 | O39: 2035 | P39: 2036 | Q39: 2037 | R39: 2038 | S39: 2039 | T39: 2040 | U39: 2041 | V39: 2042 | W39: 2043 | X39: 2044 | Y39: 2045 | Z39: 2046 | AA39: 2047 | AB39: 2048 | AC39: 2049 | AD39: 2050 | AE39: 2051 | AF39: 2052 | AG39: 2053 | AH39: 2054 | AI39: 2055 | AJ39: 2056 | AK39: 2057 | AL39: 2058 | AM39: 2059 | AN39: 2060 | AO39: =AN39+1 -> 2061 | AP39: =AO39+1 -> 2062 | AQ39: =AP39+1 -> 2063 | AR39: =AQ39+1 -> 2064 | AS39: =AR39+1 -> 2065 | AT39: =AS39+1 -> 2066 | AU39: =AT39+1 -> 2067 | AV39: =AU39+1 -> 2068 | ... AX39: =AW39+1 -> 2070
A40: Air Conditioner | B40: 3.9467368 | C40: 4.2043191 | D40: 4.4787124 | E40: 4.7710139 | F40: 5.0823923 | G40: 5.4140928 | H40: 5.7674415 | I40: 6.1438514 | J40: 6.5448276 | K40: 6.9719733 | L40: 7.4269966 | M40: 7.9117167 | N40: 8.428072 | O40: 8.9781269 | P40: 9.564081 | Q40: 10.188277 | R40: 10.853211 | S40: 11.561542 | T40: 12.316102 | U40: 13.119908 | V40: 13.976174 | W40: 14.888323 | X40: 15.860004 | Y40: 16.895101 | Z40: 17.997754 | AA40: 19.172371 | AB40: 20.423648 | AC40: 21.75659 | AD40: 23.176526 | AE40: 24.689133 | AF40: 26.30046 | AG40: 28.01695 | AH40: 29.845466 | AI40: 31.793319 | AJ40: 33.868298 | AK40: 36.0787 | AL40: 38.433363 | AM40: 40.941702 | AN40: 43.613746 | AO40: =(AN40+AN40*$AN$44) -> 46.460181 | AP40: =(AO40+AO40*$AN$44) -> 49.492388 | AQ40: =(AP40+AP40*$AN$44) -> 52.72249 | AR40: =(AQ40+AQ40*$AN$44) -> 56.163404 | AS40: =(AR40+AR40*$AN$44) -> 59.828887 | AT40: =(AS40+AS40*$AN$44) -> 63.733597 | AU40: =(AT40+AT40*$AN$44) -> 67.893147 | AV40: =(AU40+AU40*$AN$44) -> 72.324168 | ... AX40: =(AW40+AW40*$AN$44) -> 82.07265
A41: Lighting and Electronics | B41: 1.2322391 | C41: 1.3126607 | D41: 1.398331 | E41: 1.4895926 | F41: 1.5868103 | G41: 1.6903729 | H41: 1.8006944 | I41: 1.9182161 | J41: 2.0434077 | K41: 2.1767699 | L41: 2.318836 | M41: 2.470174 | N41: 2.631389 | O41: 2.8031256 | P41: 2.9860705 | Q41: 3.1809553 | R41: 3.3885592 | S41: 3.6097122 | T41: 3.8452988 | U41: 4.0962608 | V41: 4.3636017 | W41: 4.6483905 | X41: 4.951766 | Y41: 5.2749412 | Z41: 5.6192082 | AA41: 5.9859438 | AB41: 6.3766141 | AC41: 6.7927815 | AD41: 7.2361098 | AE41: 7.7083718 | AF41: 8.2114559 | AG41: 8.7473735 | AH41: 9.3182675 | AI41: 9.9264208 | AJ41: 10.574265 | AK41: 11.26439 | AL41: 11.999557 | AM41: 12.782703 | AN41: 13.616962 | AO41: =(AN41+AN41*$AN$44) -> 14.505667 | AP41: =(AO41+AO41*$AN$44) -> 15.452374 | AQ41: =(AP41+AP41*$AN$44) -> 16.460868 | AR41: =(AQ41+AQ41*$AN$44) -> 17.53518 | AS41: =(AR41+AR41*$AN$44) -> 18.679607 | AT41: =(AS41+AS41*$AN$44) -> 19.898725 | AU41: =(AT41+AT41*$AN$44) -> 21.197408 | AV41: =(AU41+AU41*$AN$44) -> 22.580849 | ... AX41: =(AW41+AW41*$AN$44) -> 25.624493
A42: Elevator or Escalator | B42: 0.36907644 | C42: 0.39316408 | D42: 0.41882378 | E42: 0.44615816 | F42: 0.47527651 | G42: 0.50629525 | H42: 0.53933842 | I42: 0.57453814 | J42: 0.61203516 | K42: 0.65197941 | L42: 0.6945306 | M42: 0.73985888 | N42: 0.78814549 | O42: 0.83958351 | P42: 0.89437862 | Q42: 0.95274991 | R42: 1.0149308 | S42: 1.0811699 | T42: 1.151732 | U42: 1.2268994 | V42: 1.3069725 | W42: 1.3922716 | X42: 1.4831376 | Y42: 1.5799341 | Z42: 1.6830479 | AA42: 1.7928914 | AB42: 1.9099038 | AC42: 2.0345529 | AD42: 2.1673372 | AE42: 2.3087877 | AF42: 2.4594699 | AG42: 2.6199863 | AH42: 2.7909787 | AI42: 2.9731309 | AJ42: 3.1671711 | AK42: 3.3738754 | AL42: 3.5940701 | AM42: 3.8286357 | AN42: 4.0785102 | AO42: =(AN42+AN42*$AN$44) -> 4.3446927 | AP42: =(AO42+AO42*$AN$44) -> 4.6282474 | AQ42: =(AP42+AP42*$AN$44) -> 4.9303083 | AR42: =(AQ42+AQ42*$AN$44) -> 5.252083 | AS42: =(AR42+AR42*$AN$44) -> 5.5948582 | AT42: =(AS42+AS42*$AN$44) -> 5.9600046 | AU42: =(AT42+AT42*$AN$44) -> 6.348982 | AV42: =(AU42+AU42*$AN$44) -> 6.763346 | ... AX42: =(AW42+AW42*$AN$44) -> 7.6749688
A43: Other Electricity Use | B43: 0.40479351 | C43: 0.43121221 | D43: 0.45935512 | E43: 0.48933476 | F43: 0.52127101 | G43: 0.55529156 | H43: 0.59153246 | I43: 0.63013861 | J43: 0.67126437 | K43: 0.71507419 | L43: 0.76174324 | M43: 0.81145812 | N43: 0.86441764 | O43: 0.92083353 | P43: 0.98093139 | Q43: 1.0449515 | R43: 1.1131499 | S43: 1.1857992 | T43: 1.2631899 | U43: 1.3456316 | V43: 1.4334537 | W43: 1.5270075 | X43: 1.6266671 | Y43: 1.7328309 | Z43: 1.8459235 | AA43: 1.966397 | AB43: 2.0947331 | AC43: 2.2314451 | AD43: 2.3770796 | AE43: 2.5322188 | AF43: 2.6974831 | AG43: 2.8735333 | AH43: 3.0610734 | AI43: 3.2608532 | AJ43: 3.4736716 | AK43: 3.7003795 | AL43: 3.9418833 | AM43: 4.1991489 | AN43: 4.4732048 | AO43: =(AN43+AN43*$AN$44) -> 4.7651468 | AP43: =(AO43+AO43*$AN$44) -> 5.0761423 | AQ43: =(AP43+AP43*$AN$44) -> 5.4074349 | AR43: =(AQ43+AQ43*$AN$44) -> 5.7603491 | AS43: =(AR43+AR43*$AN$44) -> 6.1362961 | AT43: =(AS43+AS43*$AN$44) -> 6.5367792 | AU43: =(AT43+AT43*$AN$44) -> 6.9633997 | AV43: =(AU43+AU43*$AN$44) -> 7.4178633 | ... AX43: =(AW43+AW43*$AN$44) -> 8.4177077
AM44: Growth rate | AN44: =(AN40-AM40)/AM40 -> 0.065264627
A45: Variable: Electric Appliances: Total Final Energy Consumption (Million Gigajoule) | AM45: Growth rate | AN45: =(AN41-AM41)/AM41 -> 0.065264627
A46: Scenario: Business as Usual | AM46: Growth rate | AN46: =(AN42-AM42)/AM42 -> 0.065264627
A47: Branch: Demand\Commercial\Hotel\Budget\Electric Appliances\Air Conditioner | AM47: Growth rate | AN47: =(AN43-AM43)/AM43 -> 0.065264627
A48: Region: Indonesia
A49: Million Gigajoule to Gigajoule | B49: 1000000
A50: Branch | B50: 2022 | C50: 2023 | D50: 2024 | E50: 2025 | F50: 2026 | G50: 2027 | H50: 2028 | I50: 2029 | J50: 2030 | K50: 2031 | L50: 2032 | M50: 2033 | N50: 2034 | O50: 2035 | P50: 2036 | Q50: 2037 | R50: 2038 | S50: 2039 | T50: 2040 | U50: 2041 | V50: 2042 | W50: 2043 | X50: 2044 | Y50: 2045 | Z50: 2046 | AA50: 2047 | AB50: 2048 | AC50: 2049 | AD50: 2050 | AE50: 2051 | AF50: 2052 | AG50: 2053 | AH50: 2054 | AI50: 2055 | AJ50: 2056 | AK50: 2057 | AL50: 2058 | AM50: 2059 | AN50: 2060 | AO50: =AN50+1 -> 2061 | AP50: =AO50+1 -> 2062 | AQ50: =AP50+1 -> 2063 | AR50: =AQ50+1 -> 2064 | AS50: =AR50+1 -> 2065 | AT50: =AS50+1 -> 2066 | AU50: =AT50+1 -> 2067 | AV50: =AU50+1 -> 2068 | ... AX50: =AW50+1 -> 2070
A51: Air Conditioner | B51: 6.6014342 | C51: 7.0322744 | D51: 7.4912331 | E51: 7.9801457 | F51: 8.5009669 | G51: 9.0557793 | H51: 9.6468014 | I51: 10.276396 | J51: 10.947081 | K51: 11.661539 | L51: 12.422625 | M51: 13.233383 | N51: 14.097054 | O51: 15.017093 | P51: 15.997178 | Q51: 17.041228 | R51: 18.153418 | S51: 19.338194 | T51: 20.600294 | U51: 21.944764 | V51: 23.376981 | W51: 24.902671 | X51: 26.527934 | Y51: 28.25927 | Z51: 30.103601 | AA51: 32.068301 | AB51: 34.161227 | AC51: 36.390747 | AD51: 38.765775 | AE51: 41.295809 | AF51: 43.990965 | AG51: 46.862018 | AH51: 49.920451 | AI51: 53.17849 | AJ51: 56.649165 | AK51: 60.346351 | AL51: 64.284833 | AM51: 68.480359 | AN51: 72.949704 | AO51: =(AN51+AN51*$AN$55) -> 77.710739 | AP51: =(AO51+AO51*$AN$55) -> 82.782502 | AQ51: =(AP51+AP51*$AN$55) -> 88.185271 | AR51: =(AQ51+AQ51*$AN$55) -> 93.94065 | AS51: =(AR51+AR51*$AN$55) -> 100.07165 | AT51: =(AS51+AS51*$AN$55) -> 106.60279 | AU51: =(AT51+AT51*$AN$55) -> 113.56018 | AV51: =(AU51+AU51*$AN$55) -> 120.97164 | ... AX51: =(AW51+AW51*$AN$55) -> 137.27726
A52: Lighting and Electronics | B52: 2.0610813 | C52: 2.195597 | D52: 2.3388918 | E52: 2.4915387 | F52: 2.654148 | G52: 2.82737 | H52: 3.0118973 | I52: 3.2084676 | J52: 3.4178671 | K52: 3.6409329 | L52: 3.878557 | M52: 4.1316896 | N52: 4.4013428 | O52: 4.6885948 | P52: 4.9945941 | Q52: 5.3205645 | R52: 5.6678091 | S52: 6.0377166 | T52: 6.4317659 | U52: 6.8515327 | V52: 7.2986954 | W52: 7.7750421 | X52: 8.2824773 | Y52: 8.8230301 | Z52: 9.3988618 | AA52: 10.012275 | AB52: 10.665722 | AC52: 11.361817 | AD52: 12.103342 | AE52: 12.893262 | AF52: 13.734736 | AG52: 14.631128 | AH52: 15.586023 | AI52: 16.603239 | AJ52: 17.686843 | AK52: 18.841168 | AL52: 20.07083 | AM52: 21.380746 | AN52: 22.776152 | AO52: =(AN52+AN52*$AN$55) -> 24.262629 | AP52: =(AO52+AO52*$AN$55) -> 25.84612 | AQ52: =(AP52+AP52*$AN$55) -> 27.532958 | AR52: =(AQ52+AQ52*$AN$55) -> 29.329886 | AS52: =(AR52+AR52*$AN$55) -> 31.24409 | AT52: =(AS52+AS52*$AN$55) -> 33.283224 | AU52: =(AT52+AT52*$AN$55) -> 35.455441 | AV52: =(AU52+AU52*$AN$55) -> 37.769427 | ... AX52: =(AW52+AW52*$AN$55) -> 42.86032
A53: Elevator or Escalator | B53: 0.61732869 | C53: 0.65761842 | D53: 0.70053764 | E53: 0.74625797 | F53: 0.79496221 | G53: 0.84684513 | H53: 0.90211416 | I53: 0.9609903 | J53: 1.023709 | K53: 1.090521 | L53: 1.1616934 | M53: 1.2375109 | N53: 1.3182766 | O53: 1.4043134 | P53: 1.4959654 | Q53: 1.593599 | R53: 1.6976047 | S53: 1.8083982 | T53: 1.9264226 | U53: 2.0521499 | V53: 2.1860827 | W53: 2.3287566 | X53: 2.480742 | Y53: 2.6426467 | Z53: 2.815118 | AA53: 2.9988457 | AB53: 3.1945642 | AC53: 3.4030562 | AD53: 3.6251554 | AE53: 3.8617499 | AF53: 4.1137855 | AG53: 4.3822702 | AH53: 4.6682774 | AI53: 4.9729508 | AJ53: 5.2975086 | AK53: 5.6432485 | AL53: 6.011553 | AM53: 6.4038948 | AN53: 6.8218426 | AO53: =(AN53+AN53*$AN$55) -> 7.2670676 | AP53: =(AO53+AO53*$AN$55) -> 7.7413501 | AQ53: =(AP53+AP53*$AN$55) -> 8.2465864 | AR53: =(AQ53+AQ53*$AN$55) -> 8.7847968 | AS53: =(AR53+AR53*$AN$55) -> 9.3581333 | AT53: =(AS53+AS53*$AN$55) -> 9.9688884 | AU53: =(AT53+AT53*$AN$55) -> 10.619504 | AV53: =(AU53+AU53*$AN$55) -> 11.312582 | ... AX53: =(AW53+AW53*$AN$55) -> 12.837391
A54: Other Electricity Use | B54: 0.67707018 | C54: 0.72125891 | D54: 0.7683316 | E54: 0.81847648 | F54: 0.87189404 | G54: 0.92879788 | H54: 0.98941553 | I54: 1.0539894 | J54: 1.1227776 | K54: 1.1960552 | L54: 1.2741153 | M54: 1.35727 | N54: 1.4458517 | O54: 1.5402147 | P54: 1.6407362 | Q54: 1.7478183 | R54: 1.861889 | S54: 1.9834045 | T54: 2.1128506 | U54: 2.250745 | V54: 2.3976391 | W54: 2.5541201 | X54: 2.7208138 | Y54: 2.8983867 | Z54: 3.0875488 | AA54: 3.2890565 | AB54: 3.5037156 | AC54: 3.7323843 | AD54: 3.9759769 | AE54: 4.2354676 | AF54: 4.5118938 | AG54: 4.8063609 | AH54: 5.1200462 | AI54: 5.4542041 | AJ54: 5.8101707 | AK54: 6.1893693 | AL54: 6.5933162 | AM54: 7.0236266 | AN54: 7.4820209 | AO54: =(AN54+AN54*$AN$55) -> 7.9703322 | AP54: =(AO54+AO54*$AN$55) -> 8.490513 | AQ54: =(AP54+AP54*$AN$55) -> 9.0446432 | AR54: =(AQ54+AQ54*$AN$55) -> 9.6349384 | AS54: =(AR54+AR54*$AN$55) -> 10.263759 | AT54: =(AS54+AS54*$AN$55) -> 10.933619 | AU54: =(AT54+AT54*$AN$55) -> 11.647198 | AV54: =(AU54+AU54*$AN$55) -> 12.407348 | ... AX54: =(AW54+AW54*$AN$55) -> 14.079719
AM55: Growth rate | AN55: =(AN51-AM51)/AM51 -> 0.065264627
A56: Variable: Electric Appliances: Total Final Energy Consumption (Thousand Gigajoule) | AM56: Growth rate | AN56: =(AN52-AM52)/AM52 -> 0.065264627
A57: Scenario: Business as Usual | AM57: Growth rate | AN57: =(AN53-AM53)/AM53 -> 0.065264627
A58: Branch: Demand\Commercial\Hospital\Class A\Electric Appliances\Air Conditioner | AM58: Growth rate | AN58: =(AN54-AM54)/AM54 -> 0.065264627
A59: Region: Indonesia
A60: Thousand Gigajoule to Gigajoule | B60: 1000
A61: Branch | B61: 2022 | C61: 2023 | D61: 2024 | E61: 2025 | F61: 2026 | G61: 2027 | H61: 2028 | I61: 2029 | J61: 2030 | K61: 2031 | L61: 2032 | M61: 2033 | N61: 2034 | O61: 2035 | P61: 2036 | Q61: 2037 | R61: 2038 | S61: 2039 | T61: 2040 | U61: 2041 | V61: 2042 | W61: 2043 | X61: 2044 | Y61: 2045 | Z61: 2046 | AA61: 2047 | AB61: 2048 | AC61: 2049 | AD61: 2050 | AE61: 2051 | AF61: 2052 | AG61: 2053 | AH61: 2054 | AI61: 2055 | AJ61: 2056 | AK61: 2057 | AL61: 2058 | AM61: 2059 | AN61: 2060 | AO61: =AN61+1 -> 2061 | AP61: =AO61+1 -> 2062 | AQ61: =AP61+1 -> 2063 | AR61: =AQ61+1 -> 2064 | AS61: =AR61+1 -> 2065 | AT61: =AS61+1 -> 2066 | AU61: =AT61+1 -> 2067 | AV61: =AU61+1 -> 2068 | ... AX61: =AW61+1 -> 2070
A62: Air Conditioner | B62: 712.2901 | C62: 714.72574 | D62: 717.16138 | E62: 719.59701 | F62: 726.1123 | G62: 732.62759 | H62: 739.14288 | I62: 745.65817 | J62: 752.17346 | K62: 757.6458 | L62: 763.11814 | M62: 768.59048 | N62: 774.06282 | O62: 779.53516 | P62: 783.95249 | Q62: 788.36982 | R62: 792.78716 | S62: 797.20449 | T62: 801.62182 | U62: 805.00731 | V62: 808.39279 | W62: 811.77828 | X62: 815.16376 | Y62: 818.54925 | Z62: 820.94471 | AA62: 823.34017 | AB62: 825.73563 | AC62: 828.1311 | AD62: 830.52656 | AE62: 830.52656 | AF62: 830.52656 | AG62: 830.52656 | AH62: 830.52656 | AI62: 830.52656 | AJ62: 830.52656 | AK62: 830.52656 | AL62: 830.52656 | AM62: 830.52656 | AN62: 830.52656 | AO62: =(AN62+AN62*$AN$66) -> 830.52656 | AP62: =(AO62+AO62*$AN$66) -> 830.52656 | AQ62: =(AP62+AP62*$AN$66) -> 830.52656 | AR62: =(AQ62+AQ62*$AN$66) -> 830.52656 | AS62: =(AR62+AR62*$AN$66) -> 830.52656 | AT62: =(AS62+AS62*$AN$66) -> 830.52656 | AU62: =(AT62+AT62*$AN$66) -> 830.52656 | AV62: =(AU62+AU62*$AN$66) -> 830.52656 | ... AX62: =(AW62+AW62*$AN$66) -> 830.52656
A63: Lighting and Electronics | B63: 300.96765 | C63: 301.99679 | D63: 303.02593 | E63: 304.05507 | F63: 306.80801 | G63: 309.56095 | H63: 312.31389 | I63: 315.06683 | J63: 317.81977 | K63: 320.13203 | L63: 322.44428 | M63: 324.75654 | N63: 327.0688 | O63: 329.38105 | P63: 331.24753 | Q63: 333.11401 | R63: 334.98049 | S63: 336.84697 | T63: 338.71345 | U63: 340.14393 | V63: 341.57442 | W63: 343.00491 | X63: 344.43539 | Y63: 345.86588 | Z63: 346.87805 | AA63: 347.89021 | AB63: 348.90238 | AC63: 349.91455 | AD63: 350.92671 | AE63: 350.92671 | AF63: 350.92671 | AG63: 350.92671 | AH63: 350.92671 | AI63: 350.92671 | AJ63: 350.92671 | AK63: 350.92671 | AL63: 350.92671 | AM63: 350.92671 | AN63: 350.92671 | AO63: =(AN63+AN63*$AN$66) -> 350.92671 | AP63: =(AO63+AO63*$AN$66) -> 350.92671 | AQ63: =(AP63+AP63*$AN$66) -> 350.92671 | AR63: =(AQ63+AQ63*$AN$66) -> 350.92671 | AS63: =(AR63+AR63*$AN$66) -> 350.92671 | AT63: =(AS63+AS63*$AN$66) -> 350.92671 | AU63: =(AT63+AT63*$AN$66) -> 350.92671 | AV63: =(AU63+AU63*$AN$66) -> 350.92671 | ... AX63: =(AW63+AW63*$AN$66) -> 350.92671
A64: Elevator or Escalator | B64: 54.620055 | C64: 54.806825 | D64: 54.993595 | E64: 55.180365 | F64: 55.679973 | G64: 56.17958 | H64: 56.679188 | I64: 57.178795 | J64: 57.678403 | K64: 58.098035 | L64: 58.517666 | M64: 58.937298 | N64: 59.35693 | O64: 59.776561 | P64: 60.115293 | Q64: 60.454024 | R64: 60.792755 | S64: 61.131487 | T64: 61.470218 | U64: 61.729825 | V64: 61.989432 | W64: 62.249038 | X64: 62.508645 | Y64: 62.768252 | Z64: 62.951942 | AA64: 63.135631 | AB64: 63.319321 | AC64: 63.50301 | AD64: 63.6867 | AE64: 63.6867 | AF64: 63.6867 | AG64: 63.6867 | AH64: 63.6867 | AI64: 63.6867 | AJ64: 63.6867 | AK64: 63.6867 | AL64: 63.6867 | AM64: 63.6867 | AN64: 63.6867 | AO64: =(AN64+AN64*$AN$66) -> 63.6867 | AP64: =(AO64+AO64*$AN$66) -> 63.6867 | AQ64: =(AP64+AP64*$AN$66) -> 63.6867 | AR64: =(AQ64+AQ64*$AN$66) -> 63.6867 | AS64: =(AR64+AR64*$AN$66) -> 63.6867 | AT64: =(AS64+AS64*$AN$66) -> 63.6867 | AU64: =(AT64+AT64*$AN$66) -> 63.6867 | AV64: =(AU64+AU64*$AN$66) -> 63.6867 | ... AX64: =(AW64+AW64*$AN$66) -> 63.6867
A65: Other Electricity Use | B65: 46.81719 | C65: 46.977279 | D65: 47.137367 | E65: 47.297456 | F65: 47.725691 | G65: 48.153926 | H65: 48.582161 | I65: 49.010396 | J65: 49.438631 | K65: 49.798315 | L65: 50.158 | M65: 50.517684 | N65: 50.877368 | O65: 51.237053 | P65: 51.527394 | Q65: 51.817735 | R65: 52.108076 | S65: 52.398417 | T65: 52.688758 | U65: 52.911278 | V65: 53.133799 | W65: 53.356319 | X65: 53.578839 | Y65: 53.801359 | Z65: 53.958807 | AA65: 54.116255 | AB65: 54.273704 | AC65: 54.431152 | AD65: 54.5886 | AE65: 54.5886 | AF65: 54.5886 | AG65: 54.5886 | AH65: 54.5886 | AI65: 54.5886 | AJ65: 54.5886 | AK65: 54.5886 | AL65: 54.5886 | AM65: 54.5886 | AN65: 54.5886 | AO65: =(AN65+AN65*$AN$66) -> 54.5886 | AP65: =(AO65+AO65*$AN$66) -> 54.5886 | AQ65: =(AP65+AP65*$AN$66) -> 54.5886 | AR65: =(AQ65+AQ65*$AN$66) -> 54.5886 | AS65: =(AR65+AR65*$AN$66) -> 54.5886 | AT65: =(AS65+AS65*$AN$66) -> 54.5886 | AU65: =(AT65+AT65*$AN$66) -> 54.5886 | AV65: =(AU65+AU65*$AN$66) -> 54.5886 | ... AX65: =(AW65+AW65*$AN$66) -> 54.5886
AM66: Growth rate | AN66: =(AN62-AM62)/AM62 -> 0
A67: Variable: Electric Appliances: Total Final Energy Consumption (Thousand Gigajoule) | AM67: Growth rate | AN67: =(AN63-AM63)/AM63 -> 0
A68: Scenario: Business as Usual | AM68: Growth rate | AN68: =(AN64-AM64)/AM64 -> 0
A69: Branch: Demand\Commercial\Hospital\Class B\Electric Appliances\Air Conditioner | AM69: Growth rate | AN69: =(AN65-AM65)/AM65 -> 0
A70: Region: Indonesia
A71: Thousand Gigajoule to Gigajoule | B71: 1000
A72: Branch | B72: 2022 | C72: 2023 | D72: 2024 | E72: 2025 | F72: 2026 | G72: 2027 | H72: 2028 | I72: 2029 | J72: 2030 | K72: 2031 | L72: 2032 | M72: 2033 | N72: 2034 | O72: 2035 | P72: 2036 | Q72: 2037 | R72: 2038 | S72: 2039 | T72: 2040 | U72: 2041 | V72: 2042 | W72: 2043 | X72: 2044 | Y72: 2045 | Z72: 2046 | AA72: 2047 | AB72: 2048 | AC72: 2049 | AD72: 2050 | AE72: 2051 | AF72: 2052 | AG72: 2053 | AH72: 2054 | AI72: 2055 | AJ72: 2056 | AK72: 2057 | AL72: 2058 | AM72: 2059 | AN72: 2060 | AO72: =AN72+1 -> 2061 | AP72: =AO72+1 -> 2062 | AQ72: =AP72+1 -> 2063 | AR72: =AQ72+1 -> 2064 | AS72: =AR72+1 -> 2065 | AT72: =AS72+1 -> 2066 | AU72: =AT72+1 -> 2067 | AV72: =AU72+1 -> 2068 | ... AX72: =AW72+1 -> 2070
A73: Air Conditioner | B73: 3610.5661 | C73: 3622.9123 | D73: 3635.2584 | E73: 3647.6045 | F73: 3680.6302 | G73: 3713.6559 | H73: 3746.6816 | I73: 3779.7073 | J73: 3812.733 | K73: 3840.4721 | L73: 3868.2111 | M73: 3895.9502 | N73: 3923.6892 | O73: 3951.4283 | P73: 3973.8195 | Q73: 3996.2108 | R73: 4018.602 | S73: 4040.9933 | T73: 4063.3846 | U73: 4080.5454 | V73: 4097.7063 | W73: 4114.8671 | X73: 4132.028 | Y73: 4149.1889 | Z73: 4161.3314 | AA73: 4173.4739 | AB73: 4185.6164 | AC73: 4197.7588 | AD73: 4209.9013 | AE73: 4209.9013 | AF73: 4209.9013 | AG73: 4209.9013 | AH73: 4209.9013 | AI73: 4209.9013 | AJ73: 4209.9013 | AK73: 4209.9013 | AL73: 4209.9013 | AM73: 4209.9013 | AN73: 4209.9013 | AO73: =(AN73+AN73*$AN$77) -> 4209.9013 | AP73: =(AO73+AO73*$AN$77) -> 4209.9013 | AQ73: =(AP73+AP73*$AN$77) -> 4209.9013 | AR73: =(AQ73+AQ73*$AN$77) -> 4209.9013 | AS73: =(AR73+AR73*$AN$77) -> 4209.9013 | AT73: =(AS73+AS73*$AN$77) -> 4209.9013 | AU73: =(AT73+AT73*$AN$77) -> 4209.9013 | AV73: =(AU73+AU73*$AN$77) -> 4209.9013 | ... AX73: =(AW73+AW73*$AN$77) -> 4209.9013
A74: Lighting and Electronics | B74: 1525.5913 | C74: 1530.808 | D74: 1536.0247 | E74: 1541.2413 | F74: 1555.1959 | G74: 1569.1504 | H74: 1583.1049 | I74: 1597.0594 | J74: 1611.014 | K74: 1622.7347 | L74: 1634.4554 | M74: 1646.1761 | N74: 1657.8968 | O74: 1669.6176 | P74: 1679.0787 | Q74: 1688.5398 | R74: 1698.0009 | S74: 1707.462 | T74: 1716.923 | U74: 1724.1741 | V74: 1731.4252 | W74: 1738.6763 | X74: 1745.9273 | Y74: 1753.1784 | Z74: 1758.309 | AA74: 1763.4397 | AB74: 1768.5703 | AC74: 1773.7009 | AD74: 1778.8316 | AE74: 1778.8316 | AF74: 1778.8316 | AG74: 1778.8316 | AH74: 1778.8316 | AI74: 1778.8316 | AJ74: 1778.8316 | AK74: 1778.8316 | AL74: 1778.8316 | AM74: 1778.8316 | AN74: 1778.8316 | AO74: =(AN74+AN74*$AN$77) -> 1778.8316 | AP74: =(AO74+AO74*$AN$77) -> 1778.8316 | AQ74: =(AP74+AP74*$AN$77) -> 1778.8316 | AR74: =(AQ74+AQ74*$AN$77) -> 1778.8316 | AS74: =(AR74+AR74*$AN$77) -> 1778.8316 | AT74: =(AS74+AS74*$AN$77) -> 1778.8316 | AU74: =(AT74+AT74*$AN$77) -> 1778.8316 | AV74: =(AU74+AU74*$AN$77) -> 1778.8316 | ... AX74: =(AW74+AW74*$AN$77) -> 1778.8316
A75: Elevator or Escalator | B75: 276.86657 | C75: 277.8133 | D75: 278.76003 | E75: 279.70676 | F75: 282.23925 | G75: 284.77174 | H75: 287.30422 | I75: 289.83671 | J75: 292.3692 | K75: 294.49629 | L75: 296.62339 | M75: 298.75048 | N75: 300.87758 | O75: 303.00467 | P75: 304.72168 | Q75: 306.4387 | R75: 308.15571 | S75: 309.87272 | T75: 311.58974 | U75: 312.90567 | V75: 314.22161 | W75: 315.53754 | X75: 316.85348 | Y75: 318.16941 | Z75: 319.10053 | AA75: 320.03164 | AB75: 320.96276 | AC75: 321.89387 | AD75: 322.82499 | AE75: 322.82499 | AF75: 322.82499 | AG75: 322.82499 | AH75: 322.82499 | AI75: 322.82499 | AJ75: 322.82499 | AK75: 322.82499 | AL75: 322.82499 | AM75: 322.82499 | AN75: 322.82499 | AO75: =(AN75+AN75*$AN$77) -> 322.82499 | AP75: =(AO75+AO75*$AN$77) -> 322.82499 | AQ75: =(AP75+AP75*$AN$77) -> 322.82499 | AR75: =(AQ75+AQ75*$AN$77) -> 322.82499 | AS75: =(AR75+AR75*$AN$77) -> 322.82499 | AT75: =(AS75+AS75*$AN$77) -> 322.82499 | AU75: =(AT75+AT75*$AN$77) -> 322.82499 | AV75: =(AU75+AU75*$AN$77) -> 322.82499 | ... AX75: =(AW75+AW75*$AN$77) -> 322.82499
A76: Other Electricity Use | B76: 237.31421 | C76: 238.12569 | D76: 238.93717 | E76: 239.74865 | F76: 241.91936 | G76: 244.09006 | H76: 246.26076 | I76: 248.43147 | J76: 250.60217 | K76: 252.4254 | L76: 254.24862 | M76: 256.07184 | N76: 257.89507 | O76: 259.71829 | P76: 261.19001 | Q76: 262.66174 | R76: 264.13347 | S76: 265.60519 | T76: 267.07692 | U76: 268.20486 | V76: 269.33281 | W76: 270.46075 | X76: 271.5887 | Y76: 272.71664 | Z76: 273.51474 | AA76: 274.31284 | AB76: 275.11093 | AC76: 275.90903 | AD76: 276.70713 | AE76: 276.70713 | AF76: 276.70713 | AG76: 276.70713 | AH76: 276.70713 | AI76: 276.70713 | AJ76: 276.70713 | AK76: 276.70713 | AL76: 276.70713 | AM76: 276.70713 | AN76: 276.70713 | AO76: =(AN76+AN76*$AN$77) -> 276.70713 | AP76: =(AO76+AO76*$AN$77) -> 276.70713 | AQ76: =(AP76+AP76*$AN$77) -> 276.70713 | AR76: =(AQ76+AQ76*$AN$77) -> 276.70713 | AS76: =(AR76+AR76*$AN$77) -> 276.70713 | AT76: =(AS76+AS76*$AN$77) -> 276.70713 | AU76: =(AT76+AT76*$AN$77) -> 276.70713 | AV76: =(AU76+AU76*$AN$77) -> 276.70713 | ... AX76: =(AW76+AW76*$AN$77) -> 276.70713
AM77: Growth rate | AN77: =(AN73-AM73)/AM73 -> 0
A78: Variable: Electric Appliances: Total Final Energy Consumption (Thousand Gigajoule) | AM78: Growth rate | AN78: =(AN74-AM74)/AM74 -> 0
A79: Scenario: Business as Usual | AM79: Growth rate | AN79: =(AN75-AM75)/AM75 -> 0
A80: Branch: Demand\Commercial\Hospital\Class C\Electric Appliances\Air Conditioner | AM80: Growth rate | AN80: =(AN76-AM76)/AM76 -> 0
A81: Region: Indonesia
A82: Thousand Gigajoule to Gigajoule | B82: 1000
A83: Branch | B83: 2022 | C83: 2023 | D83: 2024 | E83: 2025 | F83: 2026 | G83: 2027 | H83: 2028 | I83: 2029 | J83: 2030 | K83: 2031 | L83: 2032 | M83: 2033 | N83: 2034 | O83: 2035 | P83: 2036 | Q83: 2037 | R83: 2038 | S83: 2039 | T83: 2040 | U83: 2041 | V83: 2042 | W83: 2043 | X83: 2044 | Y83: 2045 | Z83: 2046 | AA83: 2047 | AB83: 2048 | AC83: 2049 | AD83: 2050 | AE83: 2051 | AF83: 2052 | AG83: 2053 | AH83: 2054 | AI83: 2055 | AJ83: 2056 | AK83: 2057 | AL83: 2058 | AM83: 2059 | AN83: 2060 | AO83: =AN83+1 -> 2061 | AP83: =AO83+1 -> 2062 | AQ83: =AP83+1 -> 2063 | AR83: =AQ83+1 -> 2064 | AS83: =AR83+1 -> 2065 | AT83: =AS83+1 -> 2066 | AU83: =AT83+1 -> 2067 | AV83: =AU83+1 -> 2068 | ... AX83: =AW83+1 -> 2070
A84: Air Conditioner | B84: 2326.3951 | C84: 2334.35 | D84: 2342.305 | E84: 2350.26 | F84: 2371.5394 | G84: 2392.8189 | H84: 2414.0983 | I84: 2435.3778 | J84: 2456.6572 | K84: 2474.5303 | L84: 2492.4034 | M84: 2510.2765 | N84: 2528.1496 | O84: 2546.0227 | P84: 2560.45 | Q84: 2574.8774 | R84: 2589.3047 | S84: 2603.7321 | T84: 2618.1594 | U84: 2629.2167 | V84: 2640.2739 | W84: 2651.3312 | X84: 2662.3885 | Y84: 2673.4457 | Z84: 2681.2695 | AA84: 2689.0933 | AB84: 2696.917 | AC84: 2704.7408 | AD84: 2712.5646 | AE84: 2712.5646 | AF84: 2712.5646 | AG84: 2712.5646 | AH84: 2712.5646 | AI84: 2712.5646 | AJ84: 2712.5646 | AK84: 2712.5646 | AL84: 2712.5646 | AM84: 2712.5646 | AN84: 2712.5646 | AO84: =(AN84+AN84*$AN$88) -> 2712.5646 | AP84: =(AO84+AO84*$AN$88) -> 2712.5646 | AQ84: =(AP84+AP84*$AN$88) -> 2712.5646 | AR84: =(AQ84+AQ84*$AN$88) -> 2712.5646 | AS84: =(AR84+AR84*$AN$88) -> 2712.5646 | AT84: =(AS84+AS84*$AN$88) -> 2712.5646 | AU84: =(AT84+AT84*$AN$88) -> 2712.5646 | AV84: =(AU84+AU84*$AN$88) -> 2712.5646 | ... AX84: =(AW84+AW84*$AN$88) -> 2712.5646
A85: Lighting and Electronics | B85: 982.98383 | C85: 986.34509 | D85: 989.70635 | E85: 993.0676 | F85: 1002.0589 | G85: 1011.0502 | H85: 1020.0415 | I85: 1029.0329 | J85: 1038.0242 | K85: 1045.5762 | L85: 1053.1282 | M85: 1060.6802 | N85: 1068.2322 | O85: 1075.7842 | P85: 1081.8803 | Q85: 1087.9764 | R85: 1094.0724 | S85: 1100.1685 | T85: 1106.2646 | U85: 1110.9366 | V85: 1115.6087 | W85: 1120.2808 | X85: 1124.9529 | Y85: 1129.625 | Z85: 1132.9308 | AA85: 1136.2366 | AB85: 1139.5424 | AC85: 1142.8482 | AD85: 1146.154 | AE85: 1146.154 | AF85: 1146.154 | AG85: 1146.154 | AH85: 1146.154 | AI85: 1146.154 | AJ85: 1146.154 | AK85: 1146.154 | AL85: 1146.154 | AM85: 1146.154 | AN85: 1146.154 | AO85: =(AN85+AN85*$AN$88) -> 1146.154 | AP85: =(AO85+AO85*$AN$88) -> 1146.154 | AQ85: =(AP85+AP85*$AN$88) -> 1146.154 | AR85: =(AQ85+AQ85*$AN$88) -> 1146.154 | AS85: =(AR85+AR85*$AN$88) -> 1146.154 | AT85: =(AS85+AS85*$AN$88) -> 1146.154 | AU85: =(AT85+AT85*$AN$88) -> 1146.154 | AV85: =(AU85+AU85*$AN$88) -> 1146.154 | ... AX85: =(AW85+AW85*$AN$88) -> 1146.154
A86: Elevator or Escalator | B86: 178.39336 | C86: 179.00337 | D86: 179.61337 | E86: 180.22338 | F86: 181.85514 | G86: 183.48689 | H86: 185.11865 | I86: 186.75041 | J86: 188.38217 | K86: 189.75272 | L86: 191.12327 | M86: 192.49382 | N86: 193.86436 | O86: 195.23491 | P86: 196.34124 | Q86: 197.44756 | R86: 198.55388 | S86: 199.66021 | T86: 200.76653 | U86: 201.61443 | V86: 202.46232 | W86: 203.31022 | X86: 204.15811 | Y86: 205.00601 | Z86: 205.60595 | AA86: 206.2059 | AB86: 206.80584 | AC86: 207.40579 | AD86: 208.00573 | AE86: 208.00573 | AF86: 208.00573 | AG86: 208.00573 | AH86: 208.00573 | AI86: 208.00573 | AJ86: 208.00573 | AK86: 208.00573 | AL86: 208.00573 | AM86: 208.00573 | AN86: 208.00573 | AO86: =(AN86+AN86*$AN$88) -> 208.00573 | AP86: =(AO86+AO86*$AN$88) -> 208.00573 | AQ86: =(AP86+AP86*$AN$88) -> 208.00573 | AR86: =(AQ86+AQ86*$AN$88) -> 208.00573 | AS86: =(AR86+AR86*$AN$88) -> 208.00573 | AT86: =(AS86+AS86*$AN$88) -> 208.00573 | AU86: =(AT86+AT86*$AN$88) -> 208.00573 | AV86: =(AU86+AU86*$AN$88) -> 208.00573 | ... AX86: =(AW86+AW86*$AN$88) -> 208.00573
A87: Other Electricity Use | B87: 152.9086 | C87: 153.43146 | D87: 153.95432 | E87: 154.47718 | F87: 155.87583 | G87: 157.27448 | H87: 158.67313 | I87: 160.07178 | J87: 161.47043 | K87: 162.64518 | L87: 163.81994 | M87: 164.9947 | N87: 166.16946 | O87: 167.34421 | P87: 168.29249 | Q87: 169.24077 | R87: 170.18904 | S87: 171.13732 | T87: 172.0856 | U87: 172.81236 | V87: 173.53913 | W87: 174.2659 | X87: 174.99267 | Y87: 175.71944 | Z87: 176.23368 | AA87: 176.74791 | AB87: 177.26215 | AC87: 177.77639 | AD87: 178.29063 | AE87: 178.29063 | AF87: 178.29063 | AG87: 178.29063 | AH87: 178.29063 | AI87: 178.29063 | AJ87: 178.29063 | AK87: 178.29063 | AL87: 178.29063 | AM87: 178.29063 | AN87: 178.29063 | AO87: =(AN87+AN87*$AN$88) -> 178.29063 | AP87: =(AO87+AO87*$AN$88) -> 178.29063 | AQ87: =(AP87+AP87*$AN$88) -> 178.29063 | AR87: =(AQ87+AQ87*$AN$88) -> 178.29063 | AS87: =(AR87+AR87*$AN$88) -> 178.29063 | AT87: =(AS87+AS87*$AN$88) -> 178.29063 | AU87: =(AT87+AT87*$AN$88) -> 178.29063 | AV87: =(AU87+AU87*$AN$88) -> 178.29063 | ... AX87: =(AW87+AW87*$AN$88) -> 178.29063
AM88: Growth rate | AN88: =(AN84-AM84)/AM84 -> 0
A89: Variable: Electric Appliances: Total Final Energy Consumption (Thousand Gigajoule) | AM89: Growth rate | AN89: =(AN85-AM85)/AM85 -> 0
A90: Scenario: Business as Usual | AM90: Growth rate | AN90: =(AN86-AM86)/AM86 -> 0
A91: Branch: Demand\Commercial\Hospital\Class D\Electric Appliances\Air Conditioner | AM91: Growth rate | AN91: =(AN87-AM87)/AM87 -> 0
A92: Region: Indonesia
A93: Thousand Gigajoule to Gigajoule | B93: 1000
A94: Branch | B94: 2022 | C94: 2023 | D94: 2024 | E94: 2025 | F94: 2026 | G94: 2027 | H94: 2028 | I94: 2029 | J94: 2030 | K94: 2031 | L94: 2032 | M94: 2033 | N94: 2034 | O94: 2035 | P94: 2036 | Q94: 2037 | R94: 2038 | S94: 2039 | T94: 2040 | U94: 2041 | V94: 2042 | W94: 2043 | X94: 2044 | Y94: 2045 | Z94: 2046 | AA94: 2047 | AB94: 2048 | AC94: 2049 | AD94: 2050 | AE94: 2051 | AF94: 2052 | AG94: 2053 | AH94: 2054 | AI94: 2055 | AJ94: 2056 | AK94: 2057 | AL94: 2058 | AM94: 2059 | AN94: 2060 | AO94: =AN94+1 -> 2061 | AP94: =AO94+1 -> 2062 | AQ94: =AP94+1 -> 2063 | AR94: =AQ94+1 -> 2064 | AS94: =AR94+1 -> 2065 | AT94: =AS94+1 -> 2066 | AU94: =AT94+1 -> 2067 | AV94: =AU94+1 -> 2068 | ... AX94: =AW94+1 -> 2070
A95: Air Conditioner | B95: 552.81718 | C95: 554.7075 | D95: 556.59783 | E95: 558.48816 | F95: 563.54475 | G95: 568.60135 | H95: 573.65795 | I95: 578.71454 | J95: 583.77114 | K95: 588.01829 | L95: 592.26544 | M95: 596.51259 | N95: 600.75974 | O95: 605.00689 | P95: 608.43524 | Q95: 611.86359 | R95: 615.29193 | S95: 618.72028 | T95: 622.14863 | U95: 624.77615 | V95: 627.40366 | W95: 630.03118 | X95: 632.65869 | Y95: 635.28621 | Z95: 637.14536 | AA95: 639.00451 | AB95: 640.86366 | AC95: 642.7228 | AD95: 644.58195 | AE95: 644.58195 | AF95: 644.58195 | AG95: 644.58195 | AH95: 644.58195 | AI95: 644.58195 | AJ95: 644.58195 | AK95: 644.58195 | AL95: 644.58195 | AM95: 644.58195 | AN95: 644.58195 | AO95: =(AN95+AN95*$AN$99) -> 644.58195 | AP95: =(AO95+AO95*$AN$99) -> 644.58195 | AQ95: =(AP95+AP95*$AN$99) -> 644.58195 | AR95: =(AQ95+AQ95*$AN$99) -> 644.58195 | AS95: =(AR95+AR95*$AN$99) -> 644.58195 | AT95: =(AS95+AS95*$AN$99) -> 644.58195 | AU95: =(AT95+AT95*$AN$99) -> 644.58195 | AV95: =(AU95+AU95*$AN$99) -> 644.58195 | ... AX95: =(AW95+AW95*$AN$99) -> 644.58195
A96: Lighting and Electronics | B96: 233.58472 | C96: 234.38345 | D96: 235.18218 | E96: 235.98091 | F96: 238.1175 | G96: 240.25409 | H96: 242.39068 | I96: 244.52727 | J96: 246.66386 | K96: 248.45843 | L96: 250.253 | M96: 252.04757 | N96: 253.84215 | O96: 255.63672 | P96: 257.08531 | Q96: 258.53391 | R96: 259.98251 | S96: 261.43111 | T96: 262.8797 | U96: 263.98992 | V96: 265.10014 | W96: 266.21036 | X96: 267.32057 | Y96: 268.43079 | Z96: 269.21635 | AA96: 270.0019 | AB96: 270.78746 | AC96: 271.57302 | AD96: 272.35857 | AE96: 272.35857 | AF96: 272.35857 | AG96: 272.35857 | AH96: 272.35857 | AI96: 272.35857 | AJ96: 272.35857 | AK96: 272.35857 | AL96: 272.35857 | AM96: 272.35857 | AN96: 272.35857 | AO96: =(AN96+AN96*$AN$99) -> 272.35857 | AP96: =(AO96+AO96*$AN$99) -> 272.35857 | AQ96: =(AP96+AP96*$AN$99) -> 272.35857 | AR96: =(AQ96+AQ96*$AN$99) -> 272.35857 | AS96: =(AR96+AR96*$AN$99) -> 272.35857 | AT96: =(AS96+AS96*$AN$99) -> 272.35857 | AU96: =(AT96+AT96*$AN$99) -> 272.35857 | AV96: =(AU96+AU96*$AN$99) -> 272.35857 | ... AX96: =(AW96+AW96*$AN$99) -> 272.35857
A97: Elevator or Escalator | B97: 42.391301 | C97: 42.536256 | D97: 42.681211 | E97: 42.826165 | F97: 43.213917 | G97: 43.601668 | H97: 43.98942 | I97: 44.377172 | J97: 44.764923 | K97: 45.090604 | L97: 45.416286 | M97: 45.741967 | N97: 46.067649 | O97: 46.39333 | P97: 46.656223 | Q97: 46.919117 | R97: 47.182011 | S97: 47.444904 | T97: 47.707798 | U97: 47.909282 | V97: 48.110766 | W97: 48.31225 | X97: 48.513734 | Y97: 48.715218 | Z97: 48.857782 | AA97: 49.000346 | AB97: 49.142909 | AC97: 49.285473 | AD97: 49.428037 | AE97: 49.428037 | AF97: 49.428037 | AG97: 49.428037 | AH97: 49.428037 | AI97: 49.428037 | AJ97: 49.428037 | AK97: 49.428037 | AL97: 49.428037 | AM97: 49.428037 | AN97: 49.428037 | AO97: =(AN97+AN97*$AN$99) -> 49.428037 | AP97: =(AO97+AO97*$AN$99) -> 49.428037 | AQ97: =(AP97+AP97*$AN$99) -> 49.428037 | AR97: =(AQ97+AQ97*$AN$99) -> 49.428037 | AS97: =(AR97+AR97*$AN$99) -> 49.428037 | AT97: =(AS97+AS97*$AN$99) -> 49.428037 | AU97: =(AT97+AT97*$AN$99) -> 49.428037 | AV97: =(AU97+AU97*$AN$99) -> 49.428037 | ... AX97: =(AW97+AW97*$AN$99) -> 49.428037
A98: Other Electricity Use | B98: 36.335401 | C98: 36.459648 | D98: 36.583895 | E98: 36.708142 | F98: 37.0405 | G98: 37.372859 | H98: 37.705217 | I98: 38.037576 | J98: 38.369934 | K98: 38.64909 | L98: 38.928245 | M98: 39.2074 | N98: 39.486556 | O98: 39.765711 | P98: 39.991049 | Q98: 40.216386 | R98: 40.441723 | S98: 40.667061 | T98: 40.892398 | U98: 41.065099 | V98: 41.237799 | W98: 41.4105 | X98: 41.583201 | Y98: 41.755901 | Z98: 41.878099 | AA98: 42.000296 | AB98: 42.122494 | AC98: 42.244691 | AD98: 42.366889 | AE98: 42.366889 | AF98: 42.366889 | AG98: 42.366889 | AH98: 42.366889 | AI98: 42.366889 | AJ98: 42.366889 | AK98: 42.366889 | AL98: 42.366889 | AM98: 42.366889 | AN98: 42.366889 | AO98: =(AN98+AN98*$AN$99) -> 42.366889 | AP98: =(AO98+AO98*$AN$99) -> 42.366889 | AQ98: =(AP98+AP98*$AN$99) -> 42.366889 | AR98: =(AQ98+AQ98*$AN$99) -> 42.366889 | AS98: =(AR98+AR98*$AN$99) -> 42.366889 | AT98: =(AS98+AS98*$AN$99) -> 42.366889 | AU98: =(AT98+AT98*$AN$99) -> 42.366889 | AV98: =(AU98+AU98*$AN$99) -> 42.366889 | ... AX98: =(AW98+AW98*$AN$99) -> 42.366889
AM99: Growth rate | AN99: =(AN95-AM95)/AM95 -> 0
A100: Variable: Electric Appliances: Total Final Energy Consumption (Thousand Gigajoule) | AM100: Growth rate | AN100: =(AN96-AM96)/AM96 -> 0
...

Sheet Electricity-Conversion
A1: Variable: Electric Appliances: Total Final Energy Consumption (Gigajoule)
A2: Scenario: Business as Usual
A3: Branch: Demand\Commercial\Office\Conventional Office\Electric Appliances\Air Conditioner
A4: Region: Indonesia
A6: Branch | B6: 2022 | C6: 2023 | D6: 2024 | E6: 2025 | F6: 2026 | G6: 2027 | H6: 2028 | I6: 2029 | J6: 2030 | K6: 2031 | L6: 2032 | M6: 2033 | N6: 2034 | O6: 2035 | P6: 2036 | Q6: 2037 | R6: 2038 | S6: 2039 | T6: 2040 | U6: 2041 | V6: 2042 | W6: 2043 | X6: 2044 | Y6: 2045 | Z6: 2046 | AA6: 2047 | AB6: 2048 | AC6: 2049 | AD6: 2050 | AE6: 2051 | AF6: 2052 | AG6: 2053 | AH6: 2054 | AI6: 2055 | AJ6: 2056 | AK6: 2057 | AL6: 2058 | AM6: 2059 | AN6: 2060 | AO6: =AN6+1 -> 2061 | AP6: =AO6+1 -> 2062 | AQ6: =AP6+1 -> 2063 | AR6: =AQ6+1 -> 2064 | AS6: =AR6+1 -> 2065 | AT6: =AS6+1 -> 2066 | AU6: =AT6+1 -> 2067 | AV6: =AU6+1 -> 2068 | ... AX6: =AW6+1 -> 2070
A7: Air Conditioner | B7: =Electricity!B7*Electricity!$B$5 -> 45305693 | C7: =Electricity!C7*Electricity!$B$5 -> 47574826 | D7: =Electricity!D7*Electricity!$B$5 -> 48037120 | E7: =Electricity!E7*Electricity!$B$5 -> 48501453 | F7: =Electricity!F7*Electricity!$B$5 -> 49244504 | G7: =Electricity!G7*Electricity!$B$5 -> 49993009 | H7: =Electricity!H7*Electricity!$B$5 -> 50746968 | I7: =Electricity!I7*Electricity!$B$5 -> 51506382 | ... AX7: =Electricity!AX7*Electricity!$B$5 -> 71720557
A8: Lighting and Electronics | B8: =Electricity!B8*Electricity!$B$5 -> 17669927 | C8: =Electricity!C8*Electricity!$B$5 -> 18554924 | D8: =Electricity!D8*Electricity!$B$5 -> 18735226 | E8: =Electricity!E8*Electricity!$B$5 -> 18916323 | F8: =Electricity!F8*Electricity!$B$5 -> 19206125 | G8: =Electricity!G8*Electricity!$B$5 -> 19498054 | H8: =Electricity!H8*Electricity!$B$5 -> 19792109 | I8: =Electricity!I8*Electricity!$B$5 -> 20088292 | ... AX8: =Electricity!AX8*Electricity!$B$5 -> 27972136
A9: Elevator or Escalator | B9: =Electricity!B9*Electricity!$B$5 -> 4806220.2 | C9: =Electricity!C9*Electricity!$B$5 -> 5046939.5 | D9: =Electricity!D9*Electricity!$B$5 -> 5095981.5 | E9: =Electricity!E9*Electricity!$B$5 -> 5145239.9 | F9: =Electricity!F9*Electricity!$B$5 -> 5224065.9 | G9: =Electricity!G9*Electricity!$B$5 -> 5303470.6 | H9: =Electricity!H9*Electricity!$B$5 -> 5383453.7 | I9: =Electricity!I9*Electricity!$B$5 -> 5464015.5 | ... AX9: =Electricity!AX9*Electricity!$B$5 -> 7608421
A10: Other Electricity Use | B10: =Electricity!B10*Electricity!$B$5 -> 2897868.1 | C10: =Electricity!C10*Electricity!$B$5 -> 3043007.6 | D10: =Electricity!D10*Electricity!$B$5 -> 3072577.1 | E10: =Electricity!E10*Electricity!$B$5 -> 3102277 | F10: =Electricity!F10*Electricity!$B$5 -> 3149804.5 | G10: =Electricity!G10*Electricity!$B$5 -> 3197680.8 | H10: =Electricity!H10*Electricity!$B$5 -> 3245905.9 | I10: =Electricity!I10*Electricity!$B$5 -> 3294479.9 | ... AX10: =Electricity!AX10*Electricity!$B$5 -> 4587430.3
A12: Variable: Electric Appliances: Total Final Energy Consumption (Gigajoule)
A13: Scenario: Business as Usual
A14: Branch: Demand\Commercial\Hotel\Five Star\Electric Appliances\Air Conditioner
A15: Region: Indonesia
A17: Branch | B17: 2022 | C17: 2023 | D17: 2024 | E17: 2025 | F17: 2026 | G17: 2027 | H17: 2028 | I17: 2029 | J17: 2030 | K17: 2031 | L17: 2032 | M17: 2033 | N17: 2034 | O17: 2035 | P17: 2036 | Q17: 2037 | R17: 2038 | S17: 2039 | T17: 2040 | U17: 2041 | V17: 2042 | W17: 2043 | X17: 2044 | Y17: 2045 | Z17: 2046 | AA17: 2047 | AB17: 2048 | AC17: 2049 | AD17: 2050 | AE17: 2051 | AF17: 2052 | AG17: 2053 | AH17: 2054 | AI17: 2055 | AJ17: 2056 | AK17: 2057 | AL17: 2058 | AM17: 2059 | AN17: 2060 | AO17: =AN17+1 -> 2061 | AP17: =AO17+1 -> 2062 | AQ17: =AP17+1 -> 2063 | AR17: =AQ17+1 -> 2064 | AS17: =AR17+1 -> 2065 | AT17: =AS17+1 -> 2066 | AU17: =AT17+1 -> 2067 | AV17: =AU17+1 -> 2068 | ... AX17: =AW17+1 -> 2070
A18: Air Conditioner | B18: =Electricity!B18*Electricity!$B$16 -> 2398364.2 | C18: =Electricity!C18*Electricity!$B$16 -> 2554892.5 | D18: =Electricity!D18*Electricity!$B$16 -> 2721636.7 | E18: =Electricity!E18*Electricity!$B$16 -> 2899263.3 | F18: =Electricity!F18*Electricity!$B$16 -> 3088482.6 | G18: =Electricity!G18*Electricity!$B$16 -> 3290051.2 | H18: =Electricity!H18*Electricity!$B$16 -> 3504775.2 | I18: =Electricity!I18*Electricity!$B$16 -> 3733513.1 | ... AX18: =Electricity!AX18*Electricity!$B$16 -> 49874141
A19: Lighting and Electronics | B19: =Electricity!B19*Electricity!$B$16 -> 748810.54 | C19: =Electricity!C19*Electricity!$B$16 -> 797681.38 | D19: =Electricity!D19*Electricity!$B$16 -> 849741.76 | E19: =Electricity!E19*Electricity!$B$16 -> 905199.84 | F19: =Electricity!F19*Electricity!$B$16 -> 964277.37 | G19: =Electricity!G19*Electricity!$B$16 -> 1027210.6 | H19: =Electricity!H19*Electricity!$B$16 -> 1094251.1 | I19: =Electricity!I19*Electricity!$B$16 -> 1165667 | ... AX19: =Electricity!AX19*Electricity!$B$16 -> 15571564
A20: Elevator or Escalator | B20: =Electricity!B20*Electricity!$B$16 -> 224281.42 | C20: =Electricity!C20*Electricity!$B$16 -> 238919.06 | D20: =Electricity!D20*Electricity!$B$16 -> 254512.02 | E20: =Electricity!E20*Electricity!$B$16 -> 271122.66 | F20: =Electricity!F20*Electricity!$B$16 -> 288817.38 | G20: =Electricity!G20*Electricity!$B$16 -> 307666.93 | H20: =Electricity!H20*Electricity!$B$16 -> 327746.7 | I20: =Electricity!I20*Electricity!$B$16 -> 349136.97 | ... AX20: =Electricity!AX20*Electricity!$B$16 -> 4663946.8
A21: Other Electricity Use | B21: =Electricity!B21*Electricity!$B$16 -> 245986.07 | C21: =Electricity!C21*Electricity!$B$16 -> 262040.26 | D21: =Electricity!D21*Electricity!$B$16 -> 279142.22 | E21: =Electricity!E21*Electricity!$B$16 -> 297360.33 | F21: =Electricity!F21*Electricity!$B$16 -> 316767.44 | G21: =Electricity!G21*Electricity!$B$16 -> 337441.15 | H21: =Electricity!H21*Electricity!$B$16 -> 359464.12 | I21: =Electricity!I21*Electricity!$B$16 -> 382924.42 | ... AX21: =Electricity!AX21*Electricity!$B$16 -> 5115296.5
A23: Variable: Electric Appliances: Total Final Energy Consumption (Gigajoule)
A24: Scenario: Business as Usual
A25: Branch: Demand\Commercial\Hotel\Four Star\Electric Appliances\Air Conditioner
A26: Region: Indonesia
A28: Branch | B28: 2022 | C28: 2023 | D28: 2024 | E28: 2025 | F28: 2026 | G28: 2027 | H28: 2028 | I28: 2029 | J28: 2030 | K28: 2031 | L28: 2032 | M28: 2033 | N28: 2034 | O28: 2035 | P28: 2036 | Q28: 2037 | R28: 2038 | S28: 2039 | T28: 2040 | U28: 2041 | V28: 2042 | W28: 2043 | X28: 2044 | Y28: 2045 | Z28: 2046 | AA28: 2047 | AB28: 2048 | AC28: 2049 | AD28: 2050 | AE28: 2051 | AF28: 2052 | AG28: 2053 | AH28: 2054 | AI28: 2055 | AJ28: 2056 | AK28: 2057 | AL28: 2058 | AM28: 2059 | AN28: 2060 | AO28: =AN28+1 -> 2061 | AP28: =AO28+1 -> 2062 | AQ28: =AP28+1 -> 2063 | AR28: =AQ28+1 -> 2064 | AS28: =AR28+1 -> 2065 | AT28: =AS28+1 -> 2066 | AU28: =AT28+1 -> 2067 | AV28: =AU28+1 -> 2068 | ... AX28: =AW28+1 -> 2070
A29: Air Conditioner | B29: =Electricity!B29*Electricity!$B$27 -> 5256826.6 | C29: =Electricity!C29*Electricity!$B$27 -> 5599911.4 | D29: =Electricity!D29*Electricity!$B$27 -> 5965387.6 | E29: =Electricity!E29*Electricity!$B$27 -> 6354716.4 | F29: =Electricity!F29*Electricity!$B$27 -> 6769454.5 | G29: =Electricity!G29*Electricity!$B$27 -> 7211260.5 | H29: =Electricity!H29*Electricity!$B$27 -> 7681900.7 | I29: =Electricity!I29*Electricity!$B$27 -> 8183257.1 | ... AX29: =Electricity!AX29*Electricity!$B$27 -> 1.0931605e+08
A30: Lighting and Electronics | B30: =Electricity!B30*Electricity!$B$27 -> 1641271.7 | C30: =Electricity!C30*Electricity!$B$27 -> 1748388.6 | D30: =Electricity!D30*Electricity!$B$27 -> 1862496.6 | E30: =Electricity!E30*Electricity!$B$27 -> 1984051.7 | F30: =Electricity!F30*Electricity!$B$27 -> 2113540.1 | G30: =Electricity!G30*Electricity!$B$27 -> 2251479.5 | H30: =Electricity!H30*Electricity!$B$27 -> 2398421.5 | I30: =Electricity!I30*Electricity!$B$27 -> 2554953.6 | ... AX30: =Electricity!AX30*Electricity!$B$27 -> 34130352
A31: Elevator or Escalator | B31: =Electricity!B31*Electricity!$B$27 -> 491588.61 | C31: =Electricity!C31*Electricity!$B$27 -> 523671.96 | D31: =Electricity!D31*Electricity!$B$27 -> 557849.21 | E31: =Electricity!E31*Electricity!$B$27 -> 594257.03 | F31: =Electricity!F31*Electricity!$B$27 -> 633041 | G31: =Electricity!G31*Electricity!$B$27 -> 674356.18 | H31: =Electricity!H31*Electricity!$B$27 -> 718367.79 | I31: =Electricity!I31*Electricity!$B$27 -> 765251.79 | ... AX31: =Electricity!AX31*Electricity!$B$27 -> 10222617
A32: Other Electricity Use | B32: =Electricity!B32*Electricity!$B$27 -> 539161.7 | C32: =Electricity!C32*Electricity!$B$27 -> 574349.89 | D32: =Electricity!D32*Electricity!$B$27 -> 611834.62 | E32: =Electricity!E32*Electricity!$B$27 -> 651765.78 | F32: =Electricity!F32*Electricity!$B$27 -> 694303.03 | G32: =Electricity!G32*Electricity!$B$27 -> 739616.46 | H32: =Electricity!H32*Electricity!$B$27 -> 787887.25 | I32: =Electricity!I32*Electricity!$B$27 -> 839308.42 | ... AX32: =Electricity!AX32*Electricity!$B$27 -> 11211903
A34: Variable: Electric Appliances: Total Final Energy Consumption (Gigajoule)
A35: Scenario: Business as Usual
A36: Branch: Demand\Commercial\Hotel\Three Star\Electric Appliances\Air Conditioner
A37: Region: Indonesia
A39: Branch | B39: 2022 | C39: 2023 | D39: 2024 | E39: 2025 | F39: 2026 | G39: 2027 | H39: 2028 | I39: 2029 | J39: 2030 | K39: 2031 | L39: 2032 | M39: 2033 | N39: 2034 | O39: 2035 | P39: 2036 | Q39: 2037 | R39: 2038 | S39: 2039 | T39: 2040 | U39: 2041 | V39: 2042 | W39: 2043 | X39: 2044 | Y39: 2045 | Z39: 2046 | AA39: 2047 | AB39: 2048 | AC39: 2049 | AD39: 2050 | AE39: 2051 | AF39: 2052 | AG39: 2053 | AH39: 2054 | AI39: 2055 | AJ39: 2056 | AK39: 2057 | AL39: 2058 | AM39: 2059 | AN39: 2060 | AO39: =AN39+1 -> 2061 | AP39: =AO39+1 -> 2062 | AQ39: =AP39+1 -> 2063 | AR39: =AQ39+1 -> 2064 | AS39: =AR39+1 -> 2065 | AT39: =AS39+1 -> 2066 | AU39: =AT39+1 -> 2067 | AV39: =AU39+1 -> 2068 | ... AX39: =AW39+1 -> 2070
A40: Air Conditioner | B40: =Electricity!B40*Electricity!$B$38 -> 3946736.8 | C40: =Electricity!C40*Electricity!$B$38 -> 4204319.1 | D40: =Electricity!D40*Electricity!$B$38 -> 4478712.4 | E40: =Electricity!E40*Electricity!$B$38 -> 4771013.9 | F40: =Electricity!F40*Electricity!$B$38 -> 5082392.3 | G40: =Electricity!G40*Electricity!$B$38 -> 5414092.8 | H40: =Electricity!H40*Electricity!$B$38 -> 5767441.5 | I40: =Electricity!I40*Electricity!$B$38 -> 6143851.4 | ... AX40: =Electricity!AX40*Electricity!$B$38 -> 82072650
A41: Lighting and Electronics | B41: =Electricity!B41*Electricity!$B$38 -> 1232239.1 | C41: =Electricity!C41*Electricity!$B$38 -> 1312660.7 | D41: =Electricity!D41*Electricity!$B$38 -> 1398331 | E41: =Electricity!E41*Electricity!$B$38 -> 1489592.6 | F41: =Electricity!F41*Electricity!$B$38 -> 1586810.3 | G41: =Electricity!G41*Electricity!$B$38 -> 1690372.9 | H41: =Electricity!H41*Electricity!$B$38 -> 1800694.4 | I41: =Electricity!I41*Electricity!$B$38 -> 1918216.1 | ... AX41: =Electricity!AX41*Electricity!$B$38 -> 25624493
A42: Elevator or Escalator | B42: =Electricity!B42*Electricity!$B$38 -> 369076.44 | C42: =Electricity!C42*Electricity!$B$38 -> 393164.08 | D42: =Electricity!D42*Electricity!$B$38 -> 418823.78 | E42: =Electricity!E42*Electricity!$B$38 -> 446158.16 | F42: =Electricity!F42*Electricity!$B$38 -> 475276.51 | G42: =Electricity!G42*Electricity!$B$38 -> 506295.25 | H42: =Electricity!H42*Electricity!$B$38 -> 539338.42 | I42: =Electricity!I42*Electricity!$B$38 -> 574538.14 | ... AX42: =Electricity!AX42*Electricity!$B$38 -> 7674968.8
A43: Other Electricity Use | B43: =Electricity!B43*Electricity!$B$38 -> 404793.51 | C43: =Electricity!C43*Electricity!$B$38 -> 431212.21 | D43: =Electricity!D43*Electricity!$B$38 -> 459355.12 | E43: =Electricity!E43*Electricity!$B$38 -> 489334.76 | F43: =Electricity!F43*Electricity!$B$38 -> 521271.01 | G43: =Electricity!G43*Electricity!$B$38 -> 555291.56 | H43: =Electricity!H43*Electricity!$B$38 -> 591532.46 | I43: =Electricity!I43*Electricity!$B$38 -> 630138.61 | ... AX43: =Electricity!AX43*Electricity!$B$38 -> 8417707.7
A45: Variable: Electric Appliances: Total Final Energy Consumption (Gigajoule)
A46: Scenario: Business as Usual
A47: Branch: Demand\Commercial\Hotel\Budget\Electric Appliances\Air Conditioner
A48: Region: Indonesia
A50: Branch | B50: 2022 | C50: 2023 | D50: 2024 | E50: 2025 | F50: 2026 | G50: 2027 | H50: 2028 | I50: 2029 | J50: 2030 | K50: 2031 | L50: 2032 | M50: 2033 | N50: 2034 | O50: 2035 | P50: 2036 | Q50: 2037 | R50: 2038 | S50: 2039 | T50: 2040 | U50: 2041 | V50: 2042 | W50: 2043 | X50: 2044 | Y50: 2045 | Z50: 2046 | AA50: 2047 | AB50: 2048 | AC50: 2049 | AD50: 2050 | AE50: 2051 | AF50: 2052 | AG50: 2053 | AH50: 2054 | AI50: 2055 | AJ50: 2056 | AK50: 2057 | AL50: 2058 | AM50: 2059 | AN50: 2060 | AO50: =AN50+1 -> 2061 | AP50: =AO50+1 -> 2062 | AQ50: =AP50+1 -> 2063 | AR50: =AQ50+1 -> 2064 | AS50: =AR50+1 -> 2065 | AT50: =AS50+1 -> 2066 | AU50: =AT50+1 -> 2067 | AV50: =AU50+1 -> 2068 | ... AX50: =AW50+1 -> 2070
A51: Air Conditioner | B51: =Electricity!B51*Electricity!$B$49 -> 6601434.2 | C51: =Electricity!C51*Electricity!$B$49 -> 7032274.4 | D51: =Electricity!D51*Electricity!$B$49 -> 7491233.1 | E51: =Electricity!E51*Electricity!$B$49 -> 7980145.7 | F51: =Electricity!F51*Electricity!$B$49 -> 8500966.9 | G51: =Electricity!G51*Electricity!$B$49 -> 9055779.3 | H51: =Electricity!H51*Electricity!$B$49 -> 9646801.4 | I51: =Electricity!I51*Electricity!$B$49 -> 10276396 | ... AX51: =Electricity!AX51*Electricity!$B$49 -> 1.3727726e+08
A52: Lighting and Electronics | B52: =Electricity!B52*Electricity!$B$49 -> 2061081.3 | C52: =Electricity!C52*Electricity!$B$49 -> 2195597 | D52: =Electricity!D52*Electricity!$B$49 -> 2338891.8 | E52: =Electricity!E52*Electricity!$B$49 -> 2491538.7 | F52: =Electricity!F52*Electricity!$B$49 -> 2654148 | G52: =Electricity!G52*Electricity!$B$49 -> 2827370 | H52: =Electricity!H52*Electricity!$B$49 -> 3011897.3 | I52: =Electricity!I52*Electricity!$B$49 -> 3208467.6 | ... AX52: =Electricity!AX52*Electricity!$B$49 -> 42860320
A53: Elevator or Escalator | B53: =Electricity!B53*Electricity!$B$49 -> 617328.69 | C53: =Electricity!C53*Electricity!$B$49 -> 657618.42 | D53: =Electricity!D53*Electricity!$B$49 -> 700537.64 | E53: =Electricity!E53*Electricity!$B$49 -> 746257.97 | F53: =Electricity!F53*Electricity!$B$49 -> 794962.21 | G53: =Electricity!G53*Electricity!$B$49 -> 846845.13 | H53: =Electricity!H53*Electricity!$B$49 -> 902114.16 | I53: =Electricity!I53*Electricity!$B$49 -> 960990.3 | ... AX53: =Electricity!AX53*Electricity!$B$49 -> 12837391
A54: Other Electricity Use | B54: =Electricity!B54*Electricity!$B$49 -> 677070.18 | C54: =Electricity!C54*Electricity!$B$49 -> 721258.91 | D54: =Electricity!D54*Electricity!$B$49 -> 768331.6 | E54: =Electricity!E54*Electricity!$B$49 -> 818476.48 | F54: =Electricity!F54*Electricity!$B$49 -> 871894.04 | G54: =Electricity!G54*Electricity!$B$49 -> 928797.88 | H54: =Electricity!H54*Electricity!$B$49 -> 989415.53 | I54: =Electricity!I54*Electricity!$B$49 -> 1053989.4 | ... AX54: =Electricity!AX54*Electricity!$B$49 -> 14079719
A56: Variable: Electric Appliances: Total Final Energy Consumption (Gigajoule)
A57: Scenario: Business as Usual
A58: Branch: Demand\Commercial\Hospital\Class A\Electric Appliances\Air Conditioner
A59: Region: Indonesia
A61: Branch | B61: 2022 | C61: 2023 | D61: 2024 | E61: 2025 | F61: 2026 | G61: 2027 | H61: 2028 | I61: 2029 | J61: 2030 | K61: 2031 | L61: 2032 | M61: 2033 | N61: 2034 | O61: 2035 | P61: 2036 | Q61: 2037 | R61: 2038 | S61: 2039 | T61: 2040 | U61: 2041 | V61: 2042 | W61: 2043 | X61: 2044 | Y61: 2045 | Z61: 2046 | AA61: 2047 | AB61: 2048 | AC61: 2049 | AD61: 2050 | AE61: 2051 | AF61: 2052 | AG61: 2053 | AH61: 2054 | AI61: 2055 | AJ61: 2056 | AK61: 2057 | AL61: 2058 | AM61: 2059 | AN61: 2060 | AO61: =AN61+1 -> 2061 | AP61: =AO61+1 -> 2062 | AQ61: =AP61+1 -> 2063 | AR61: =AQ61+1 -> 2064 | AS61: =AR61+1 -> 2065 | AT61: =AS61+1 -> 2066 | AU61: =AT61+1 -> 2067 | AV61: =AU61+1 -> 2068 | ... AX61: =AW61+1 -> 2070
A62: Air Conditioner | B62: =Electricity!B62*Electricity!$B$60 -> 712290.1 | C62: =Electricity!C62*Electricity!$B$60 -> 714725.74 | D62: =Electricity!D62*Electricity!$B$60 -> 717161.38 | E62: =Electricity!E62*Electricity!$B$60 -> 719597.01 | F62: =Electricity!F62*Electricity!$B$60 -> 726112.3 | G62: =Electricity!G62*Electricity!$B$60 -> 732627.59 | H62: =Electricity!H62*Electricity!$B$60 -> 739142.88 | I62: =Electricity!I62*Electricity!$B$60 -> 745658.17 | ... AX62: =Electricity!AX62*Electricity!$B$60 -> 830526.56
A63: Lighting and Electronics | B63: =Electricity!B63*Electricity!$B$60 -> 300967.65 | C63: =Electricity!C63*Electricity!$B$60 -> 301996.79 | D63: =Electricity!D63*Electricity!$B$60 -> 303025.93 | E63: =Electricity!E63*Electricity!$B$60 -> 304055.07 | F63: =Electricity!F63*Electricity!$B$60 -> 306808.01 | G63: =Electricity!G63*Electricity!$B$60 -> 309560.95 | H63: =Electricity!H63*Electricity!$B$60 -> 312313.89 | I63: =Electricity!I63*Electricity!$B$60 -> 315066.83 | ... AX63: =Electricity!AX63*Electricity!$B$60 -> 350926.71
A64: Elevator or Escalator | B64: =Electricity!B64*Electricity!$B$60 -> 54620.055 | C64: =Electricity!C64*Electricity!$B$60 -> 54806.825 | D64: =Electricity!D64*Electricity!$B$60 -> 54993.595 | E64: =Electricity!E64*Electricity!$B$60 -> 55180.365 | F64: =Electricity!F64*Electricity!$B$60 -> 55679.973 | G64: =Electricity!G64*Electricity!$B$60 -> 56179.58 | H64: =Electricity!H64*Electricity!$B$60 -> 56679.188 | I64: =Electricity!I64*Electricity!$B$60 -> 57178.795 | ... AX64: =Electricity!AX64*Electricity!$B$60 -> 63686.7
A65: Other Electricity Use | B65: =Electricity!B65*Electricity!$B$60 -> 46817.19 | C65: =Electricity!C65*Electricity!$B$60 -> 46977.279 | D65: =Electricity!D65*Electricity!$B$60 -> 47137.367 | E65: =Electricity!E65*Electricity!$B$60 -> 47297.456 | F65: =Electricity!F65*Electricity!$B$60 -> 47725.691 | G65: =Electricity!G65*Electricity!$B$60 -> 48153.926 | H65: =Electricity!H65*Electricity!$B$60 -> 48582.161 | I65: =Electricity!I65*Electricity!$B$60 -> 49010.396 | ... AX65: =Electricity!AX65*Electricity!$B$60 -> 54588.6
A67: Variable: Electric Appliances: Total Final Energy Consumption (Gigajoule)
A68: Scenario: Business as Usual
A69: Branch: Demand\Commercial\Hospital\Class B\Electric Appliances\Air Conditioner
A70: Region: Indonesia
A72: Branch | B72: 2022 | C72: 2023 | D72: 2024 | E72: 2025 | F72: 2026 | G72: 2027 | H72: 2028 | I72: 2029 | J72: 2030 | K72: 2031 | L72: 2032 | M72: 2033 | N72: 2034 | O72: 2035 | P72: 2036 | Q72: 2037 | R72: 2038 | S72: 2039 | T72: 2040 | U72: 2041 | V72: 2042 | W72: 2043 | X72: 2044 | Y72: 2045 | Z72: 2046 | AA72: 2047 | AB72: 2048 | AC72: 2049 | AD72: 2050 | AE72: 2051 | AF72: 2052 | AG72: 2053 | AH72: 2054 | AI72: 2055 | AJ72: 2056 | AK72: 2057 | AL72: 2058 | AM72: 2059 | AN72: 2060 | AO72: =AN72+1 -> 2061 | AP72: =AO72+1 -> 2062 | AQ72: =AP72+1 -> 2063 | AR72: =AQ72+1 -> 2064 | AS72: =AR72+1 -> 2065 | AT72: =AS72+1 -> 2066 | AU72: =AT72+1 -> 2067 | AV72: =AU72+1 -> 2068 | ... AX72: =AW72+1 -> 2070
A73: Air Conditioner | B73: =Electricity!B73*Electricity!$B$71 -> 3610566.1 | C73: =Electricity!C73*Electricity!$B$71 -> 3622912.3 | D73: =Electricity!D73*Electricity!$B$71 -> 3635258.4 | E73: =Electricity!E73*Electricity!$B$71 -> 3647604.5 | F73: =Electricity!F73*Electricity!$B$71 -> 3680630.2 | G73: =Electricity!G73*Electricity!$B$71 -> 3713655.9 | H73: =Electricity!H73*Electricity!$B$71 -> 3746681.6 | I73: =Electricity!I73*Electricity!$B$71 -> 3779707.3 | ... AX73: =Electricity!AX73*Electricity!$B$71 -> 4209901.3
A74: Lighting and Electronics | B74: =Electricity!B74*Electricity!$B$71 -> 1525591.3 | C74: =Electricity!C74*Electricity!$B$71 -> 1530808 | D74: =Electricity!D74*Electricity!$B$71 -> 1536024.7 | E74: =Electricity!E74*Electricity!$B$71 -> 1541241.3 | F74: =Electricity!F74*Electricity!$B$71 -> 1555195.9 | G74: =Electricity!G74*Electricity!$B$71 -> 1569150.4 | H74: =Electricity!H74*Electricity!$B$71 -> 1583104.9 | I74: =Electricity!I74*Electricity!$B$71 -> 1597059.4 | ... AX74: =Electricity!AX74*Electricity!$B$71 -> 1778831.6
A75: Elevator or Escalator | B75: =Electricity!B75*Electricity!$B$71 -> 276866.57 | C75: =Electricity!C75*Electricity!$B$71 -> 277813.3 | D75: =Electricity!D75*Electricity!$B$71 -> 278760.03 | E75: =Electricity!E75*Electricity!$B$71 -> 279706.76 | F75: =Electricity!F75*Electricity!$B$71 -> 282239.25 | G75: =Electricity!G75*Electricity!$B$71 -> 284771.74 | H75: =Electricity!H75*Electricity!$B$71 -> 287304.22 | I75: =Electricity!I75*Electricity!$B$71 -> 289836.71 | ... AX75: =Electricity!AX75*Electricity!$B$71 -> 322824.99
A76: Other Electricity Use | B76: =Electricity!B76*Electricity!$B$71 -> 237314.21 | C76: =Electricity!C76*Electricity!$B$71 -> 238125.69 | D76: =Electricity!D76*Electricity!$B$71 -> 238937.17 | E76: =Electricity!E76*Electricity!$B$71 -> 239748.65 | F76: =Electricity!F76*Electricity!$B$71 -> 241919.36 | G76: =Electricity!G76*Electricity!$B$71 -> 244090.06 | H76: =Electricity!H76*Electricity!$B$71 -> 246260.76 | I76: =Electricity!I76*Electricity!$B$71 -> 248431.47 | ... AX76: =Electricity!AX76*Electricity!$B$71 -> 276707.13
A78: Variable: Electric Appliances: Total Final Energy Consumption (Gigajoule)
A79: Scenario: Business as Usual
A80: Branch: Demand\Commercial\Hospital\Class C\Electric Appliances\Air Conditioner
A81: Region: Indonesia
A83: Branch | B83: 2022 | C83: 2023 | D83: 2024 | E83: 2025 | F83: 2026 | G83: 2027 | H83: 2028 | I83: 2029 | J83: 2030 | K83: 2031 | L83: 2032 | M83: 2033 | N83: 2034 | O83: 2035 | P83: 2036 | Q83: 2037 | R83: 2038 | S83: 2039 | T83: 2040 | U83: 2041 | V83: 2042 | W83: 2043 | X83: 2044 | Y83: 2045 | Z83: 2046 | AA83: 2047 | AB83: 2048 | AC83: 2049 | AD83: 2050 | AE83: 2051 | AF83: 2052 | AG83: 2053 | AH83: 2054 | AI83: 2055 | AJ83: 2056 | AK83: 2057 | AL83: 2058 | AM83: 2059 | AN83: 2060 | AO83: =AN83+1 -> 2061 | AP83: =AO83+1 -> 2062 | AQ83: =AP83+1 -> 2063 | AR83: =AQ83+1 -> 2064 | AS83: =AR83+1 -> 2065 | AT83: =AS83+1 -> 2066 | AU83: =AT83+1 -> 2067 | AV83: =AU83+1 -> 2068 | ... AX83: =AW83+1 -> 2070
A84: Air Conditioner | B84: =Electricity!B84*Electricity!$B$82 -> 2326395.1 | C84: =Electricity!C84*Electricity!$B$82 -> 2334350 | D84: =Electricity!D84*Electricity!$B$82 -> 2342305 | E84: =Electricity!E84*Electricity!$B$82 -> 2350260 | F84: =Electricity!F84*Electricity!$B$82 -> 2371539.4 | G84: =Electricity!G84*Electricity!$B$82 -> 2392818.9 | H84: =Electricity!H84*Electricity!$B$82 -> 2414098.3 | I84: =Electricity!I84*Electricity!$B$82 -> 2435377.8 | ... AX84: =Electricity!AX84*Electricity!$B$82 -> 2712564.6
A85: Lighting and Electronics | B85: =Electricity!B85*Electricity!$B$82 -> 982983.83 | C85: =Electricity!C85*Electricity!$B$82 -> 986345.09 | D85: =Electricity!D85*Electricity!$B$82 -> 989706.35 | E85: =Electricity!E85*Electricity!$B$82 -> 993067.6 | F85: =Electricity!F85*Electricity!$B$82 -> 1002058.9 | G85: =Electricity!G85*Electricity!$B$82 -> 1011050.2 | H85: =Electricity!H85*Electricity!$B$82 -> 1020041.5 | I85: =Electricity!I85*Electricity!$B$82 -> 1029032.9 | ... AX85: =Electricity!AX85*Electricity!$B$82 -> 1146154
A86: Elevator or Escalator | B86: =Electricity!B86*Electricity!$B$82 -> 178393.36 | C86: =Electricity!C86*Electricity!$B$82 -> 179003.37 | D86: =Electricity!D86*Electricity!$B$82 -> 179613.37 | E86: =Electricity!E86*Electricity!$B$82 -> 180223.38 | F86: =Electricity!F86*Electricity!$B$82 -> 181855.14 | G86: =Electricity!G86*Electricity!$B$82 -> 183486.89 | H86: =Electricity!H86*Electricity!$B$82 -> 185118.65 | I86: =Electricity!I86*Electricity!$B$82 -> 186750.41 | ... AX86: =Electricity!AX86*Electricity!$B$82 -> 208005.73
A87: Other Electricity Use | B87: =Electricity!B87*Electricity!$B$82 -> 152908.6 | C87: =Electricity!C87*Electricity!$B$82 -> 153431.46 | D87: =Electricity!D87*Electricity!$B$82 -> 153954.32 | E87: =Electricity!E87*Electricity!$B$82 -> 154477.18 | F87: =Electricity!F87*Electricity!$B$82 -> 155875.83 | G87: =Electricity!G87*Electricity!$B$82 -> 157274.48 | H87: =Electricity!H87*Electricity!$B$82 -> 158673.13 | I87: =Electricity!I87*Electricity!$B$82 -> 160071.78 | ... AX87: =Electricity!AX87*Electricity!$B$82 -> 178290.63
A89: Variable: Electric Appliances: Total Final Energy Consumption (Gigajoule)
A90: Scenario: Business as Usual
A91: Branch: Demand\Commercial\Hospital\Class D\Electric Appliances\Air Conditioner
A92: Region: Indonesia
A94: Branch | B94: 2022 | C94: 2023 | D94: 2024 | E94: 2025 | F94: 2026 | G94: 2027 | H94: 2028 | I94: 2029 | J94: 2030 | K94: 2031 | L94: 2032 | M94: 2033 | N94: 2034 | O94: 2035 | P94: 2036 | Q94: 2037 | R94: 2038 | S94: 2039 | T94: 2040 | U94: 2041 | V94: 2042 | W94: 2043 | X94: 2044 | Y94: 2045 | Z94: 2046 | AA94: 2047 | AB94: 2048 | AC94: 2049 | AD94: 2050 | AE94: 2051 | AF94: 2052 | AG94: 2053 | AH94: 2054 | AI94: 2055 | AJ94: 2056 | AK94: 2057 | AL94: 2058 | AM94: 2059 | AN94: 2060 | AO94: =AN94+1 -> 2061 | AP94: =AO94+1 -> 2062 | AQ94: =AP94+1 -> 2063 | AR94: =AQ94+1 -> 2064 | AS94: =AR94+1 -> 2065 | AT94: =AS94+1 -> 2066 | AU94: =AT94+1 -> 2067 | AV94: =AU94+1 -> 2068 | ... AX94: =AW94+1 -> 2070
A95: Air Conditioner | B95: =Electricity!B95*Electricity!$B$93 -> 552817.18 | C95: =Electricity!C95*Electricity!$B$93 -> 554707.5 | D95: =Electricity!D95*Electricity!$B$93 -> 556597.83 | E95: =Electricity!E95*Electricity!$B$93 -> 558488.16 | F95: =Electricity!F95*Electricity!$B$93 -> 563544.75 | G95: =Electricity!G95*Electricity!$B$93 -> 568601.35 | H95: =Electricity!H95*Electricity!$B$93 -> 573657.95 | I95: =Electricity!I95*Electricity!$B$93 -> 578714.54 | ... AX95: =Electricity!AX95*Electricity!$B$93 -> 644581.95
A96: Lighting and Electronics | B96: =Electricity!B96*Electricity!$B$93 -> 233584.72 | C96: =Electricity!C96*Electricity!$B$93 -> 234383.45 | D96: =Electricity!D96*Electricity!$B$93 -> 235182.18 | E96: =Electricity!E96*Electricity!$B$93 -> 235980.91 | F96: =Electricity!F96*Electricity!$B$93 -> 238117.5 | G96: =Electricity!G96*Electricity!$B$93 -> 240254.09 | H96: =Electricity!H96*Electricity!$B$93 -> 242390.68 | I96: =Electricity!I96*Electricity!$B$93 -> 244527.27 | ... AX96: =Electricity!AX96*Electricity!$B$93 -> 272358.57
A97: Elevator or Escalator | B97: =Electricity!B97*Electricity!$B$93 -> 42391.301 | C97: =Electricity!C97*Electricity!$B$93 -> 42536.256 | D97: =Electricity!D97*Electricity!$B$93 -> 42681.211 | E97: =Electricity!E97*Electricity!$B$93 -> 42826.165 | F97: =Electricity!F97*Electricity!$B$93 -> 43213.917 | G97: =Electricity!G97*Electricity!$B$93 -> 43601.668 | H97: =Electricity!H97*Electricity!$B$93 -> 43989.42 | I97: =Electricity!I97*Electricity!$B$93 -> 44377.172 | ... AX97: =Electricity!AX97*Electricity!$B$93 -> 49428.037
A98: Other Electricity Use | B98: =Electricity!B98*Electricity!$B$93 -> 36335.401 | C98: =Electricity!C98*Electricity!$B$93 -> 36459.648 | D98: =Electricity!D98*Electricity!$B$93 -> 36583.895 | E98: =Electricity!E98*Electricity!$B$93 -> 36708.142 | F98: =Electricity!F98*Electricity!$B$93 -> 37040.5 | G98: =Electricity!G98*Electricity!$B$93 -> 37372.859 | H98: =Electricity!H98*Electricity!$B$93 -> 37705.217 | I98: =Electricity!I98*Electricity!$B$93 -> 38037.576 | ... AX98: =Electricity!AX98*Electricity!$B$93 -> 42366.889
A100: Variable: Electric Appliances: Total Final Energy Consumption (Gigajoule)
A101: Scenario: Business as Usual
A102: Branch: Demand\Commercial\Hospital\Puskesmas\Electric Appliances\Air Conditioner
A103: Region: Indonesia
A105: Branch | B105: 2022 | C105: 2023 | D105: 2024 | E105: 2025 | F105: 2026 | G105: 2027 | H105: 2028 | I105: 2029 | J105: 2030 | K105: 2031 | L105: 2032 | M105: 2033 | N105: 2034 | O105: 2035 | P105: 2036 | Q105: 2037 | R105: 2038 | S105: 2039 | T105: 2040 | U105: 2041 | V105: 2042 | W105: 2043 | X105: 2044 | Y105: 2045 | Z105: 2046 | AA105: 2047 | AB105: 2048 | AC105: 2049 | AD105: 2050 | AE105: 2051 | AF105: 2052 | AG105: 2053 | AH105: 2054 | AI105: 2055 | AJ105: 2056 | AK105: 2057 | AL105: 2058 | AM105: 2059 | AN105: 2060 | AO105: =AN105+1 -> 2061 | AP105: =AO105+1 -> 2062 | AQ105: =AP105+1 -> 2063 | AR105: =AQ105+1 -> 2064 | AS105: =AR105+1 -> 2065 | AT105: =AS105+1 -> 2066 | AU105: =AT105+1 -> 2067 | AV105: =AU105+1 -> 2068 | ... AX105: =AW105+1 -> 2070
A106: Air Conditioner | B106: =Electricity!B106*Electricity!$B$104 -> 2409580.9 | C106: =Electricity!C106*Electricity!$B$104 -> 2417820.3 | D106: =Electricity!D106*Electricity!$B$104 -> 2426059.7 | E106: =Electricity!E106*Electricity!$B$104 -> 2434299.2 | F106: =Electricity!F106*Electricity!$B$104 -> 2456339.5 | G106: =Electricity!G106*Electricity!$B$104 -> 2478379.8 | H106: =Electricity!H106*Electricity!$B$104 -> 2500420.2 | I106: =Electricity!I106*Electricity!$B$104 -> 2522460.5 | ... AX106: =Electricity!AX106*Electricity!$B$104 -> 2809558.8
A107: Lighting and Electronics | B107: =Electricity!B107*Electricity!$B$104 -> 1018132.8 | C107: =Electricity!C107*Electricity!$B$104 -> 1021614.2 | D107: =Electricity!D107*Electricity!$B$104 -> 1025095.7 | E107: =Electricity!E107*Electricity!$B$104 -> 1028577.1 | F107: =Electricity!F107*Electricity!$B$104 -> 1037889.9 | G107: =Electricity!G107*Electricity!$B$104 -> 1047202.8 | H107: =Electricity!H107*Electricity!$B$104 -> 1056515.6 | I107: =Electricity!I107*Electricity!$B$104 -> 1065828.4 | ... AX107: =Electricity!AX107*Electricity!$B$104 -> 1187137.5
A108: Elevator or Escalator | B108: =Electricity!B108*Electricity!$B$104 -> 184772.24 | C108: =Electricity!C108*Electricity!$B$104 -> 185404.06 | D108: =Electricity!D108*Electricity!$B$104 -> 186035.88 | E108: =Electricity!E108*Electricity!$B$104 -> 186667.7 | F108: =Electricity!F108*Electricity!$B$104 -> 188357.8 | G108: =Electricity!G108*Electricity!$B$104 -> 190047.91 | H108: =Electricity!H108*Electricity!$B$104 -> 191738.01 | I108: =Electricity!I108*Electricity!$B$104 -> 193428.12 | ... AX108: =Electricity!AX108*Electricity!$B$104 -> 215443.48
A109: Other Electricity Use | B109: =Electricity!B109*Electricity!$B$104 -> 158376.21 | C109: =Electricity!C109*Electricity!$B$104 -> 158917.77 | D109: =Electricity!D109*Electricity!$B$104 -> 159459.33 | E109: =Electricity!E109*Electricity!$B$104 -> 160000.88 | F109: =Electricity!F109*Electricity!$B$104 -> 161449.55 | G109: =Electricity!G109*Electricity!$B$104 -> 162898.21 | H109: =Electricity!H109*Electricity!$B$104 -> 164346.87 | I109: =Electricity!I109*Electricity!$B$104 -> 165795.53 | ... AX109: =Electricity!AX109*Electricity!$B$104 -> 184665.84
A111: Variable: Electric Appliances: Total Final Energy Consumption (Gigajoule)
A112: Scenario: Business as Usual
A113: Branch: Demand\Commercial\Hospital\Puskesmas Non Ranap\Electric Appliances\Air Conditioner
A114: Region: Indonesia
A116: Branch | B116: 2022 | C116: 2023 | D116: 2024 | E116: 2025 | F116: 2026 | G116: 2027 | H116: 2028 | I116: 2029 | J116: 2030 | K116: 2031 | L116: 2032 | M116: 2033 | N116: 2034 | O116: 2035 | P116: 2036 | Q116: 2037 | R116: 2038 | S116: 2039 | T116: 2040 | U116: 2041 | V116: 2042 | W116: 2043 | X116: 2044 | Y116: 2045 | Z116: 2046 | AA116: 2047 | AB116: 2048 | AC116: 2049 | AD116: 2050 | AE116: 2051 | AF116: 2052 | AG116: 2053 | AH116: 2054 | AI116: 2055 | AJ116: 2056 | AK116: 2057 | AL116: 2058 | AM116: 2059 | AN116: 2060 | AO116: =AN116+1 -> 2061 | AP116: =AO116+1 -> 2062 | AQ116: =AP116+1 -> 2063 | AR116: =AQ116+1 -> 2064 | AS116: =AR116+1 -> 2065 | AT116: =AS116+1 -> 2066 | AU116: =AT116+1 -> 2067 | AV116: =AU116+1 -> 2068 | ... AX116: =AW116+1 -> 2070
A117: Air Conditioner | B117: =Electricity!B117*Electricity!$B$115 -> 3560259.6 | C117: =Electricity!C117*Electricity!$B$115 -> 3572433.7 | D117: =Electricity!D117*Electricity!$B$115 -> 3584607.8 | E117: =Electricity!E117*Electricity!$B$115 -> 3596781.9 | F117: =Electricity!F117*Electricity!$B$115 -> 3629347.5 | G117: =Electricity!G117*Electricity!$B$115 -> 3661913 | H117: =Electricity!H117*Electricity!$B$115 -> 3694478.6 | I117: =Electricity!I117*Electricity!$B$115 -> 3727044.1 | ... AX117: =Electricity!AX117*Electricity!$B$115 -> 4151244.2
A118: Lighting and Electronics | B118: =Electricity!B118*Electricity!$B$115 -> 1504335 | C118: =Electricity!C118*Electricity!$B$115 -> 1509479 | D118: =Electricity!D118*Electricity!$B$115 -> 1514623 | E118: =Electricity!E118*Electricity!$B$115 -> 1519767 | F118: =Electricity!F118*Electricity!$B$115 -> 1533527.1 | G118: =Electricity!G118*Electricity!$B$115 -> 1547287.2 | H118: =Electricity!H118*Electricity!$B$115 -> 1561047.3 | I118: =Electricity!I118*Electricity!$B$115 -> 1574807.4 | ... AX118: =Electricity!AX118*Electricity!$B$115 -> 1754046.8
A119: Elevator or Escalator | B119: =Electricity!B119*Electricity!$B$115 -> 273008.95 | C119: =Electricity!C119*Electricity!$B$115 -> 273942.49 | D119: =Electricity!D119*Electricity!$B$115 -> 274876.03 | E119: =Electricity!E119*Electricity!$B$115 -> 275809.57 | F119: =Electricity!F119*Electricity!$B$115 -> 278306.77 | G119: =Electricity!G119*Electricity!$B$115 -> 280803.97 | H119: =Electricity!H119*Electricity!$B$115 -> 283301.17 | I119: =Electricity!I119*Electricity!$B$115 -> 285798.38 | ... AX119: =Electricity!AX119*Electricity!$B$115 -> 318327.02
A120: Other Electricity Use | B120: =Electricity!B120*Electricity!$B$115 -> 234007.67 | C120: =Electricity!C120*Electricity!$B$115 -> 234807.85 | D120: =Electricity!D120*Electricity!$B$115 -> 235608.03 | E120: =Electricity!E120*Electricity!$B$115 -> 236408.2 | F120: =Electricity!F120*Electricity!$B$115 -> 238548.66 | G120: =Electricity!G120*Electricity!$B$115 -> 240689.12 | H120: =Electricity!H120*Electricity!$B$115 -> 242829.58 | I120: =Electricity!I120*Electricity!$B$115 -> 244970.04 | ... AX120: =Electricity!AX120*Electricity!$B$115 -> 272851.73
A122: Variable: Electric Appliances: Total Final Energy Consumption (Gigajoule)
...

Sheet Total Other Sectors
A1: Year | B1: 2022 | C1: 2023 | D1: 2024 | E1: 2025 | F1: 2026 | G1: 2027 | H1: 2028 | I1: 2029 | J1: 2030 | K1: 2031 | L1: 2032 | M1: 2033 | N1: 2034 | O1: 2035 | P1: 2036 | Q1: 2037 | R1: 2038 | S1: 2039 | T1: 2040 | U1: 2041 | V1: 2042 | W1: 2043 | X1: 2044 | Y1: 2045 | Z1: 2046 | AA1: 2047 | AB1: 2048 | AC1: 2049 | AD1: 2050 | AE1: 2051 | AF1: 2052 | AG1: 2053 | AH1: 2054 | AI1: 2055 | AJ1: 2056 | AK1: 2057 | AL1: 2058 | AM1: 2059 | AN1: 2060 | AO1: =AN1+1 -> 2061 | AP1: =AO1+1 -> 2062 | AQ1: =AP1+1 -> 2063 | AR1: =AQ1+1 -> 2064 | AS1: =AR1+1 -> 2065 | AT1: =AS1+1 -> 2066 | AU1: =AT1+1 -> 2067 | AV1: =AU1+1 -> 2068 | ... AX1: =AW1+1 -> 2070
A2: Biomass Heat | B2: ='Commercial-Conversion'!B17+'Commercial-Conversion'!B32+'Commercial-Conversion'!B47+'Commercial-Conversion'!B62+'Commercial-Conversion'!B77+'Commercial-Conversion'!B92+'Commercial-Conversion'!B122+'Commercial-Conversion'!B152 -> 7420588.2 | C2: ='Commercial-Conversion'!C17+'Commercial-Conversion'!C32+'Commercial-Conversion'!C47+'Commercial-Conversion'!C62+'Commercial-Conversion'!C77+'Commercial-Conversion'!C92+'Commercial-Conversion'!C122+'Commercial-Conversion'!C152 -> 7755874.3 | D2: ='Commercial-Conversion'!D17+'Commercial-Conversion'!D32+'Commercial-Conversion'!D47+'Commercial-Conversion'!D62+'Commercial-Conversion'!D77+'Commercial-Conversion'!D92+'Commercial-Conversion'!D122+'Commercial-Conversion'!D152 -> 8112505 | E2: ='Commercial-Conversion'!E17+'Commercial-Conversion'!E32+'Commercial-Conversion'!E47+'Commercial-Conversion'!E62+'Commercial-Conversion'!E77+'Commercial-Conversion'!E92+'Commercial-Conversion'!E122+'Commercial-Conversion'!E152 -> 8491873.3 | F2: ='Commercial-Conversion'!F17+'Commercial-Conversion'!F32+'Commercial-Conversion'!F47+'Commercial-Conversion'!F62+'Commercial-Conversion'!F77+'Commercial-Conversion'!F92+'Commercial-Conversion'!F122+'Commercial-Conversion'!F152 -> 8909263.7 | G2: ='Commercial-Conversion'!G17+'Commercial-Conversion'!G32+'Commercial-Conversion'!G47+'Commercial-Conversion'!G62+'Commercial-Conversion'!G77+'Commercial-Conversion'!G92+'Commercial-Conversion'!G122+'Commercial-Conversion'!G152 -> 9352456.6 | H2: ='Commercial-Conversion'!H17+'Commercial-Conversion'!H32+'Commercial-Conversion'!H47+'Commercial-Conversion'!H62+'Commercial-Conversion'!H77+'Commercial-Conversion'!H92+'Commercial-Conversion'!H122+'Commercial-Conversion'!H152 -> 9823135.8 | I2: ='Commercial-Conversion'!I17+'Commercial-Conversion'!I32+'Commercial-Conversion'!I47+'Commercial-Conversion'!I62+'Commercial-Conversion'!I77+'Commercial-Conversion'!I92+'Commercial-Conversion'!I122+'Commercial-Conversion'!I152 -> 10323095 | ... AX2: ='Commercial-Conversion'!AX17+'Commercial-Conversion'!AX32+'Commercial-Conversion'!AX47+'Commercial-Conversion'!AX62+'Commercial-Conversion'!AX77+'Commercial-Conversion'!AX92+'Commercial-Conversion'!AX122+'Commercial-Conversion'!AX152 -> 1.0701542e+08
A3: Solar Heat | B3: ='Commercial-Conversion'!B18+'Commercial-Conversion'!B33+'Commercial-Conversion'!B48+'Commercial-Conversion'!B63+'Commercial-Conversion'!B78+'Commercial-Conversion'!B93+'Commercial-Conversion'!B108+'Commercial-Conversion'!B123+'Commercial-Conversion'!B138+'Commercial-Conversion'!B153 -> 5359282.6 | C3: ='Commercial-Conversion'!C18+'Commercial-Conversion'!C33+'Commercial-Conversion'!C48+'Commercial-Conversion'!C63+'Commercial-Conversion'!C78+'Commercial-Conversion'!C93+'Commercial-Conversion'!C108+'Commercial-Conversion'!C123+'Commercial-Conversion'!C138+'Commercial-Conversion'!C153 -> 5566922.1 | D3: ='Commercial-Conversion'!D18+'Commercial-Conversion'!D33+'Commercial-Conversion'!D48+'Commercial-Conversion'!D63+'Commercial-Conversion'!D78+'Commercial-Conversion'!D93+'Commercial-Conversion'!D108+'Commercial-Conversion'!D123+'Commercial-Conversion'!D138+'Commercial-Conversion'!D153 -> 5787600.3 | E3: ='Commercial-Conversion'!E18+'Commercial-Conversion'!E33+'Commercial-Conversion'!E48+'Commercial-Conversion'!E63+'Commercial-Conversion'!E78+'Commercial-Conversion'!E93+'Commercial-Conversion'!E108+'Commercial-Conversion'!E123+'Commercial-Conversion'!E138+'Commercial-Conversion'!E153 -> 6022168 | F3: ='Commercial-Conversion'!F18+'Commercial-Conversion'!F33+'Commercial-Conversion'!F48+'Commercial-Conversion'!F63+'Commercial-Conversion'!F78+'Commercial-Conversion'!F93+'Commercial-Conversion'!F108+'Commercial-Conversion'!F123+'Commercial-Conversion'!F138+'Commercial-Conversion'!F153 -> 6284694.8 | G3: ='Commercial-Conversion'!G18+'Commercial-Conversion'!G33+'Commercial-Conversion'!G48+'Commercial-Conversion'!G63+'Commercial-Conversion'!G78+'Commercial-Conversion'!G93+'Commercial-Conversion'!G108+'Commercial-Conversion'!G123+'Commercial-Conversion'!G138+'Commercial-Conversion'!G153 -> 6562983.4 | H3: ='Commercial-Conversion'!H18+'Commercial-Conversion'!H33+'Commercial-Conversion'!H48+'Commercial-Conversion'!H63+'Commercial-Conversion'!H78+'Commercial-Conversion'!H93+'Commercial-Conversion'!H108+'Commercial-Conversion'!H123+'Commercial-Conversion'!H138+'Commercial-Conversion'!H153 -> 6858062.3 | I3: ='Commercial-Conversion'!I18+'Commercial-Conversion'!I33+'Commercial-Conversion'!I48+'Commercial-Conversion'!I63+'Commercial-Conversion'!I78+'Commercial-Conversion'!I93+'Commercial-Conversion'!I108+'Commercial-Conversion'!I123+'Commercial-Conversion'!I138+'Commercial-Conversion'!I153 -> 7171027.6 | ... AX3: ='Commercial-Conversion'!AX18+'Commercial-Conversion'!AX33+'Commercial-Conversion'!AX48+'Commercial-Conversion'!AX63+'Commercial-Conversion'!AX78+'Commercial-Conversion'!AX93+'Commercial-Conversion'!AX108+'Commercial-Conversion'!AX123+'Commercial-Conversion'!AX138+'Commercial-Conversion'!AX153 -> 66335279
A4: Gas Heat | B4: ='Commercial-Conversion'!B49+'Commercial-Conversion'!B79+'Commercial-Conversion'!B94+'Commercial-Conversion'!B109+'Commercial-Conversion'!B124+'Commercial-Conversion'!B139+'Commercial-Conversion'!B154 -> 2299912.3 | C4: ='Commercial-Conversion'!C49+'Commercial-Conversion'!C79+'Commercial-Conversion'!C94+'Commercial-Conversion'!C109+'Commercial-Conversion'!C124+'Commercial-Conversion'!C139+'Commercial-Conversion'!C154 -> 2339649 | D4: ='Commercial-Conversion'!D49+'Commercial-Conversion'!D79+'Commercial-Conversion'!D94+'Commercial-Conversion'!D109+'Commercial-Conversion'!D124+'Commercial-Conversion'!D139+'Commercial-Conversion'!D154 -> 2381580.9 | E4: ='Commercial-Conversion'!E49+'Commercial-Conversion'!E79+'Commercial-Conversion'!E94+'Commercial-Conversion'!E109+'Commercial-Conversion'!E124+'Commercial-Conversion'!E139+'Commercial-Conversion'!E154 -> 2425851.1 | F4: ='Commercial-Conversion'!F49+'Commercial-Conversion'!F79+'Commercial-Conversion'!F94+'Commercial-Conversion'!F109+'Commercial-Conversion'!F124+'Commercial-Conversion'!F139+'Commercial-Conversion'!F154 -> 2482833.4 | G4: ='Commercial-Conversion'!G49+'Commercial-Conversion'!G79+'Commercial-Conversion'!G94+'Commercial-Conversion'!G109+'Commercial-Conversion'!G124+'Commercial-Conversion'!G139+'Commercial-Conversion'!G154 -> 2542469.4 | H4: ='Commercial-Conversion'!H49+'Commercial-Conversion'!H79+'Commercial-Conversion'!H94+'Commercial-Conversion'!H109+'Commercial-Conversion'!H124+'Commercial-Conversion'!H139+'Commercial-Conversion'!H154 -> 2604932.1 | I4: ='Commercial-Conversion'!I49+'Commercial-Conversion'!I79+'Commercial-Conversion'!I94+'Commercial-Conversion'!I109+'Commercial-Conversion'!I124+'Commercial-Conversion'!I139+'Commercial-Conversion'!I154 -> 2670406.1 | ... AX4: ='Commercial-Conversion'!AX49+'Commercial-Conversion'!AX79+'Commercial-Conversion'!AX94+'Commercial-Conversion'!AX109+'Commercial-Conversion'!AX124+'Commercial-Conversion'!AX139+'Commercial-Conversion'!AX154 -> 12797640
A5: Kerosene Heat | B5: ='Commercial-Conversion'!B80+'Commercial-Conversion'!B110+'Commercial-Conversion'!B125+'Commercial-Conversion'!B155+'Commercial-Conversion'!B207 -> 639821.05 | C5: ='Commercial-Conversion'!C80+'Commercial-Conversion'!C110+'Commercial-Conversion'!C125+'Commercial-Conversion'!C155+'Commercial-Conversion'!C207 -> 642008.88 | D5: ='Commercial-Conversion'!D80+'Commercial-Conversion'!D110+'Commercial-Conversion'!D125+'Commercial-Conversion'!D155+'Commercial-Conversion'!D207 -> 644196.71 | E5: ='Commercial-Conversion'!E80+'Commercial-Conversion'!E110+'Commercial-Conversion'!E125+'Commercial-Conversion'!E155+'Commercial-Conversion'!E207 -> 646384.54 | F5: ='Commercial-Conversion'!F80+'Commercial-Conversion'!F110+'Commercial-Conversion'!F125+'Commercial-Conversion'!F155+'Commercial-Conversion'!F207 -> 652236.96 | G5: ='Commercial-Conversion'!G80+'Commercial-Conversion'!G110+'Commercial-Conversion'!G125+'Commercial-Conversion'!G155+'Commercial-Conversion'!G207 -> 658089.38 | H5: ='Commercial-Conversion'!H80+'Commercial-Conversion'!H110+'Commercial-Conversion'!H125+'Commercial-Conversion'!H155+'Commercial-Conversion'!H207 -> 663941.8 | I5: ='Commercial-Conversion'!I80+'Commercial-Conversion'!I110+'Commercial-Conversion'!I125+'Commercial-Conversion'!I155+'Commercial-Conversion'!I207 -> 669794.22 | ... AX5: ='Commercial-Conversion'!AX80+'Commercial-Conversion'!AX110+'Commercial-Conversion'!AX125+'Commercial-Conversion'!AX155+'Commercial-Conversion'!AX207 -> 746028.02
A6: Gasoil Generator | B6: ='Commercial-Conversion'!B7+'Commercial-Conversion'!B21+'Commercial-Conversion'!B36+'Commercial-Conversion'!B51+'Commercial-Conversion'!B66+'Commercial-Conversion'!B81+'Commercial-Conversion'!B96+'Commercial-Conversion'!B111+'Commercial-Conversion'!B126+'Commercial-Conversion'!B141+'Commercial-Conversion'!B156+'Commercial-Conversion'!B167+'Commercial-Conversion'!B177+'Commercial-Conversion'!B187+'Commercial-Conversion'!B197+'Commercial-Conversion'!B208 -> 989804.97 | C6: ='Commercial-Conversion'!C7+'Commercial-Conversion'!C21+'Commercial-Conversion'!C36+'Commercial-Conversion'!C51+'Commercial-Conversion'!C66+'Commercial-Conversion'!C81+'Commercial-Conversion'!C96+'Commercial-Conversion'!C111+'Commercial-Conversion'!C126+'Commercial-Conversion'!C141+'Commercial-Conversion'!C156+'Commercial-Conversion'!C167+'Commercial-Conversion'!C177+'Commercial-Conversion'!C187+'Commercial-Conversion'!C197+'Commercial-Conversion'!C208 -> 1016431.5 | D6: ='Commercial-Conversion'!D7+'Commercial-Conversion'!D21+'Commercial-Conversion'!D36+'Commercial-Conversion'!D51+'Commercial-Conversion'!D66+'Commercial-Conversion'!D81+'Commercial-Conversion'!D96+'Commercial-Conversion'!D111+'Commercial-Conversion'!D126+'Commercial-Conversion'!D141+'Commercial-Conversion'!D156+'Commercial-Conversion'!D167+'Commercial-Conversion'!D177+'Commercial-Conversion'!D187+'Commercial-Conversion'!D197+'Commercial-Conversion'!D208 -> 1030514.8 | E6: ='Commercial-Conversion'!E7+'Commercial-Conversion'!E21+'Commercial-Conversion'!E36+'Commercial-Conversion'!E51+'Commercial-Conversion'!E66+'Commercial-Conversion'!E81+'Commercial-Conversion'!E96+'Commercial-Conversion'!E111+'Commercial-Conversion'!E126+'Commercial-Conversion'!E141+'Commercial-Conversion'!E156+'Commercial-Conversion'!E167+'Commercial-Conversion'!E177+'Commercial-Conversion'!E187+'Commercial-Conversion'!E197+'Commercial-Conversion'!E208 -> 1045193.8 | F6: ='Commercial-Conversion'!F7+'Commercial-Conversion'!F21+'Commercial-Conversion'!F36+'Commercial-Conversion'!F51+'Commercial-Conversion'!F66+'Commercial-Conversion'!F81+'Commercial-Conversion'!F96+'Commercial-Conversion'!F111+'Commercial-Conversion'!F126+'Commercial-Conversion'!F141+'Commercial-Conversion'!F156+'Commercial-Conversion'!F167+'Commercial-Conversion'!F177+'Commercial-Conversion'!F187+'Commercial-Conversion'!F197+'Commercial-Conversion'!F208 -> 1065563.8 | G6: ='Commercial-Conversion'!G7+'Commercial-Conversion'!G21+'Commercial-Conversion'!G36+'Commercial-Conversion'!G51+'Commercial-Conversion'!G66+'Commercial-Conversion'!G81+'Commercial-Conversion'!G96+'Commercial-Conversion'!G111+'Commercial-Conversion'!G126+'Commercial-Conversion'!G141+'Commercial-Conversion'!G156+'Commercial-Conversion'!G167+'Commercial-Conversion'!G177+'Commercial-Conversion'!G187+'Commercial-Conversion'!G197+'Commercial-Conversion'!G208 -> 1086632.4 | H6: ='Commercial-Conversion'!H7+'Commercial-Conversion'!H21+'Commercial-Conversion'!H36+'Commercial-Conversion'!H51+'Commercial-Conversion'!H66+'Commercial-Conversion'!H81+'Commercial-Conversion'!H96+'Commercial-Conversion'!H111+'Commercial-Conversion'!H126+'Commercial-Conversion'!H141+'Commercial-Conversion'!H156+'Commercial-Conversion'!H167+'Commercial-Conversion'!H177+'Commercial-Conversion'!H187+'Commercial-Conversion'!H197+'Commercial-Conversion'!H208 -> 1108442.5 | I6: ='Commercial-Conversion'!I7+'Commercial-Conversion'!I21+'Commercial-Conversion'!I36+'Commercial-Conversion'!I51+'Commercial-Conversion'!I66+'Commercial-Conversion'!I81+'Commercial-Conversion'!I96+'Commercial-Conversion'!I111+'Commercial-Conversion'!I126+'Commercial-Conversion'!I141+'Commercial-Conversion'!I156+'Commercial-Conversion'!I167+'Commercial-Conversion'!I177+'Commercial-Conversion'!I187+'Commercial-Conversion'!I197+'Commercial-Conversion'!I208 -> 1131040 | ... AX6: ='Commercial-Conversion'!AX7+'Commercial-Conversion'!AX21+'Commercial-Conversion'!AX36+'Commercial-Conversion'!AX51+'Commercial-Conversion'!AX66+'Commercial-Conversion'!AX81+'Commercial-Conversion'!AX96+'Commercial-Conversion'!AX111+'Commercial-Conversion'!AX126+'Commercial-Conversion'!AX141+'Commercial-Conversion'!AX156+'Commercial-Conversion'!AX167+'Commercial-Conversion'!AX177+'Commercial-Conversion'!AX187+'Commercial-Conversion'!AX197+'Commercial-Conversion'!AX208 -> 3801904.8
